{
  "$schema": "https://raw.githubusercontent.com/OpenLightingProject/open-fixture-library/schema-12.4.1/schemas/fixture.json",
  "name": "fos/4 PD16",
  "shortName": "fos/4 PD16",
  "categories": ["Dimmer", "Color Changer", "Strobe"],
  "meta": {
    "authors": ["Dyami Caliri"],
    "createDate": "2020-10-01",
    "lastModifyDate": "2020-10-01"
  },
  "links": {
    "manual": [
      "https://www.etcconnect.com/WorkArea/DownloadAsset.aspx?id=10737501734",
      "https://www.etcconnect.com/WorkArea/DownloadAsset.aspx?id=10737501408"
    ],
    "productPage": [
      "https://www.etcconnect.com/Products/Lighting-Fixtures/fos/4-Panels/Features.aspx"
    ],
    "video": [
      "https://www.youtube.com/watch?v=VTWd9qrpuW8"
    ]
  },
  "physical": {
    "dimensions": [406, 610, 631],
    "weight": 25.4,
    "power": 1070,
    "DMXconnector": "5-pin",
    "bulb": {
      "type": "LED"
    }
  },
  "availableChannels": {
    "Intensity": {
      "capability": {
        "type": "Intensity"
      }
    },
    "Deep Red": {
      "capability": {
        "type": "ColorIntensity",
        "color": "Red"
      }
    },
    "Red": {
      "capability": {
        "type": "ColorIntensity",
        "color": "Red"
      }
    },
    "Mint": {
      "capability": {
        "type": "ColorIntensity",
        "color": "Lime"
      }
    },
    "Green": {
      "capability": {
        "type": "ColorIntensity",
        "color": "Green"
      }
    },
    "Cyan": {
      "capability": {
        "type": "ColorIntensity",
        "color": "Cyan"
      }
    },
    "Blue": {
      "capability": {
        "type": "ColorIntensity",
        "color": "Blue"
      }
    },
    "Indigo": {
      "capability": {
        "type": "ColorIntensity",
        "color": "Indigo"
      }
    },
    "Strobe": {
      "defaultValue": 0,
      "capabilities": [
        {
          "dmxRange": [0, 0],
          "type": "ShutterStrobe",
          "shutterEffect": "Open"
        },
        {
          "dmxRange": [1, 40],
          "type": "ShutterStrobe",
          "shutterEffect": "Strobe",
          "speedStart": "1Hz",
          "speedEnd": "40Hz",
          "comment": "Dark Strobe"
        },
        {
          "dmxRange": [41, 80],
          "type": "ShutterStrobe",
          "shutterEffect": "Strobe",
          "speedStart": "1Hz",
          "speedEnd": "40Hz",
          "comment": "Bright Strobe"
        },
        {
          "dmxRange": [81, 120],
          "type": "ShutterStrobe",
          "shutterEffect": "Pulse"
        },
        {
          "dmxRange": [121, 160],
          "type": "ShutterStrobe",
          "shutterEffect": "Pulse",
          "comment": "Random"
        },
        {
          "dmxRange": [161, 200],
          "type": "ShutterStrobe",
          "shutterEffect": "Spikes",
          "comment": "Flicker"
        },
        {
          "dmxRange": [201, 240],
          "type": "ShutterStrobe",
          "shutterEffect": "Open"
        },
        {
          "dmxRange": [241, 254],
          "type": "ShutterStrobe",
          "shutterEffect": "Closed"
        },
        {
          "dmxRange": [255, 255],
          "type": "ShutterStrobe",
          "shutterEffect": "Open"
        }
      ]
    },
    "Dimmer Curve": {
      "capabilities": [
        {
          "dmxRange": [0, 9],
          "type": "Generic",
          "comment": "Incandescent"
        },
        {
          "dmxRange": [10, 19],
          "type": "Generic",
          "comment": "Linear"
        },
        {
          "dmxRange": [20, 29],
          "type": "Generic",
          "comment": "Incandescent Red Shift"
        },
        {
          "dmxRange": [30, 39],
          "type": "Generic",
          "comment": "Linear Red Shift"
        },
        {
          "dmxRange": [40, 255],
          "type": "NoFunction",
          "comment": "Reserved"
        }
      ]
    },
    "Fan": {
      "capabilities": [
        {
          "dmxRange": [0, 9],
          "type": "Maintenance",
          "comment": "Fan auto"
        },
        {
          "dmxRange": [10, 19],
          "type": "Rotation",
          "speed": "stop"
        },
        {
          "dmxRange": [20, 249],
          "type": "Rotation",
          "speedStart": "slow CW",
          "speedEnd": "fast CW"
        },
        {
          "dmxRange": [250, 255],
          "type": "Maintenance",
          "comment": "Fan auto"
        }
      ]
    },
    "Mix": {
      "capabilities": [
        {
          "dmxRange": [0, 0],
          "type": "Generic",
          "comment": "Full Studio"
        },
        {
          "dmxRange": [1, 254],
          "type": "Generic",
          "comment": "Linear interpolation from Studio to RGB"
        },
        {
          "dmxRange": [255, 255],
          "type": "Generic",
          "comment": "Full RGB"
        }
      ]
    },
    "Color Temperature": {
      "capabilities": [
        {
          "dmxRange": [0, 0],
          "type": "ColorTemperature",
          "colorTemperature": "3200K"
        },
        {
          "dmxRange": [1, 165],
          "type": "ColorTemperature",
          "colorTemperatureStart": "1900K",
          "colorTemperatureEnd": "6000K"
        },
        {
          "dmxRange": [166, 254],
          "type": "ColorTemperature",
          "colorTemperatureStart": "6050K",
          "colorTemperatureEnd": "10450K"
        },
        {
          "dmxRange": [255, 255],
          "type": "ColorTemperature",
          "colorTemperature": "5600K"
        }
      ]
    },
    "Tint": {
      "capabilities": [
        {
          "dmxRange": [0, 0],
          "type": "Maintenance",
          "comment": "Tint",
          "parameter": 0
        },
        {
          "dmxRange": [1, 127],
          "type": "Maintenance",
          "comment": "Tint",
          "parameterStart": 10,
          "parameterEnd": 0
        },
        {
          "dmxRange": [128, 128],
          "type": "Maintenance",
          "comment": "Tint",
          "parameter": 0
        },
        {
          "dmxRange": [129, 255],
          "type": "Maintenance",
          "comment": "Tint",
          "parameterStart": 0,
          "parameterEnd": -10
        }
      ]
    },
    "Tuning": {
      "capabilities": [
        {
          "dmxRange": [0, 49],
          "type": "Generic",
          "comment": "Brightest"
        },
        {
          "dmxRange": [50, 99],
          "type": "Generic",
          "comment": "Hybrid"
        },
        {
          "dmxRange": [100, 149],
          "type": "Generic",
          "comment": "Spectral"
        },
        {
          "dmxRange": [150, 255],
          "type": "NoFunction",
          "comment": "Reserved"
        }
      ]
    }
  },
  "modes": [
    {
      "name": "Direct",
      "channels": [
        "Intensity",
        "Deep Red",
        "Red",
        "Mint",
        "Cyan",
        "Blue",
        "Indigo",
        "Strobe",
        "Dimmer Curve",
        "Fan"
      ]
    },
    {
      "name": "Expanded",
      "channels": [
        "Intensity",
        "Color Temperature",
        "Tint",
        "Tuning",
        "Mix",
        "Red",
        "Green",
        "Blue",
        "Strobe",
        "Dimmer Curve",
        "Fan"
      ]
    },
    {
      "name": "Studio",
      "channels": [
        "Intensity",
        "Color Temperature",
        "Tint",
        "Tuning",
        "Strobe",
        "Dimmer Curve",
        "Fan"
      ]
    },
    {
      "name": "3 Ch RGB",
      "channels": [
        "Red",
        "Green",
        "Blue"
      ]
    },
    {
      "name": "Intensity",
      "channels": [
        "Intensity"
      ]
    }
  ],
  "fixtureKey": "fos4PD16",
  "manufacturerKey": "etc",
  "oflURL": "https://open-fixture-library.org/etc/fos4PD16"
}
