{
  "$schema": "https://raw.githubusercontent.com/OpenLightingProject/open-fixture-library/schema-12.4.1/schemas/fixture.json",
  "name": "LED Spot 60W",
  "categories": ["Moving Head", "Color Changer"],
  "meta": {
    "authors": ["yids"],
    "createDate": "2022-11-14",
    "lastModifyDate": "2023-04-20",
    "importPlugin": {
      "plugin": "qlcplus_4.12.1",
      "date": "2022-11-08",
      "comment": "created by Q Light Controller Plus (version 4.12.3)"
    }
  },
  "links": {
    "productPage": [
      "https://www.shehds.com/products/good-technology-led-60w-gobos-moving-head-lighting-for-dmx512-stage-effect-dj-festivals-disco-home-entertainments-in-9-11-channels"
    ],
    "manual": [
      "https://ueeshop.ly200-cdn.com/u_file/UPAG/UPAG904/2005/file/f56ea62fb9.pdf"
    ],
    "video": [
      "https://www.youtube.com/watch?v=2ob8XVgcoRw"
    ]
  },
  "physical": {
    "dimensions": [198, 272, 144],
    "weight": 3.2,
    "power": 60,
    "bulb": {
      "type": "LED"
    },
    "DMXconnector": "3-pin"
  },
  "wheels": {
    "Color wheel": {
      "slots": [
        {
          "type": "Open"
        },
        {
          "type": "Color",
          "name": "Red",
          "colors": ["#ff0000"]
        },
        {
          "type": "Color",
          "name": "Orange",
          "colors": ["#ed7d31"]
        },
        {
          "type": "Color",
          "name": "Lemon Yellow",
          "colors": ["#ffff00"]
        },
        {
          "type": "Color",
          "name": "Green",
          "colors": ["#00b050"]
        },
        {
          "type": "Color",
          "name": "Blue",
          "colors": ["#2e75b6"]
        },
        {
          "type": "Color",
          "name": "Pink",
          "colors": ["#e98cc9"]
        },
        {
          "type": "Color",
          "name": "Sky Blue",
          "colors": ["#00b0f0"]
        }
      ]
    },
    "Gobo wheel": {
      "slots": [
        {
          "type": "Open"
        },
        {
          "type": "Gobo",
          "name": "Rose"
        },
        {
          "type": "Gobo",
          "name": "Radial Dots"
        },
        {
          "type": "Gobo",
          "name": "Triangle"
        },
        {
          "type": "Gobo",
          "name": "Hexagon"
        },
        {
          "type": "Gobo",
          "name": "Swirl"
        },
        {
          "type": "Gobo",
          "name": "Swirl"
        },
        {
          "type": "Gobo",
          "name": "Jigsaw"
        }
      ]
    }
  },
  "availableChannels": {
    "Pan": {
      "fineChannelAliases": ["Pan fine"],
      "capability": {
        "type": "Pan",
        "angleStart": "0deg",
        "angleEnd": "540deg"
      }
    },
    "Tilt": {
      "fineChannelAliases": ["Tilt fine"],
      "capability": {
        "type": "Tilt",
        "angleStart": "0deg",
        "angleEnd": "270deg"
      }
    },
    "Color wheel": {
      "capabilities": [
        {
          "dmxRange": [0, 9],
          "type": "WheelSlot",
          "slotNumber": 1
        },
        {
          "dmxRange": [10, 19],
          "type": "WheelSlot",
          "slotNumber": 2
        },
        {
          "dmxRange": [20, 29],
          "type": "WheelSlot",
          "slotNumber": 3
        },
        {
          "dmxRange": [30, 39],
          "type": "WheelSlot",
          "slotNumber": 4
        },
        {
          "dmxRange": [40, 49],
          "type": "WheelSlot",
          "slotNumber": 5
        },
        {
          "dmxRange": [50, 59],
          "type": "WheelSlot",
          "slotNumber": 6
        },
        {
          "dmxRange": [60, 69],
          "type": "WheelSlot",
          "slotNumber": 7
        },
        {
          "dmxRange": [70, 79],
          "type": "WheelSlot",
          "slotNumber": 8
        },
        {
          "dmxRange": [80, 89],
          "type": "WheelSlot",
          "slotNumber": 7.5
        },
        {
          "dmxRange": [90, 99],
          "type": "WheelSlot",
          "slotNumber": 6.5
        },
        {
          "dmxRange": [100, 109],
          "type": "WheelSlot",
          "slotNumber": 5.5
        },
        {
          "dmxRange": [110, 119],
          "type": "WheelSlot",
          "slotNumber": 4.5
        },
        {
          "dmxRange": [120, 129],
          "type": "WheelSlot",
          "slotNumber": 3.5
        },
        {
          "dmxRange": [130, 139],
          "type": "WheelSlot",
          "slotNumber": 2.5
        },
        {
          "dmxRange": [140, 255],
          "type": "WheelRotation",
          "speedStart": "slow CW",
          "speedEnd": "fast CW",
          "helpWanted": "Is this the correct effect and speed?"
        }
      ]
    },
    "Gobo wheel": {
      "capabilities": [
        {
          "dmxRange": [0, 7],
          "type": "WheelSlot",
          "slotNumber": 1
        },
        {
          "dmxRange": [8, 15],
          "type": "WheelSlot",
          "slotNumber": 2
        },
        {
          "dmxRange": [16, 23],
          "type": "WheelSlot",
          "slotNumber": 3
        },
        {
          "dmxRange": [24, 31],
          "type": "WheelSlot",
          "slotNumber": 4
        },
        {
          "dmxRange": [32, 39],
          "type": "WheelSlot",
          "slotNumber": 5
        },
        {
          "dmxRange": [40, 47],
          "type": "WheelSlot",
          "slotNumber": 6
        },
        {
          "dmxRange": [48, 55],
          "type": "WheelSlot",
          "slotNumber": 7
        },
        {
          "dmxRange": [56, 63],
          "type": "WheelSlot",
          "slotNumber": 8
        },
        {
          "dmxRange": [64, 71],
          "type": "WheelSlot",
          "slotNumber": 1
        },
        {
          "dmxRange": [72, 79],
          "type": "WheelShake",
          "slotNumber": 2,
          "isShaking": "slot"
        },
        {
          "dmxRange": [80, 87],
          "type": "WheelShake",
          "slotNumber": 3,
          "isShaking": "slot"
        },
        {
          "dmxRange": [88, 95],
          "type": "WheelShake",
          "slotNumber": 4,
          "isShaking": "slot"
        },
        {
          "dmxRange": [96, 103],
          "type": "WheelShake",
          "slotNumber": 5,
          "isShaking": "slot"
        },
        {
          "dmxRange": [104, 111],
          "type": "WheelShake",
          "slotNumber": 6,
          "isShaking": "slot"
        },
        {
          "dmxRange": [112, 119],
          "type": "WheelShake",
          "slotNumber": 7,
          "isShaking": "slot"
        },
        {
          "dmxRange": [120, 127],
          "type": "WheelShake",
          "slotNumber": 8,
          "isShaking": "slot"
        },
        {
          "dmxRange": [128, 255],
          "type": "WheelRotation",
          "speedStart": "slow CW",
          "speedEnd": "fast CW",
          "helpWanted": "Is this the correct effect and speed?"
        }
      ]
    },
    "Strobe": {
      "capability": {
        "type": "ShutterStrobe",
        "shutterEffect": "Strobe",
        "speedStart": "0Hz",
        "speedEnd": "10Hz",
        "helpWanted": "At which DMX values is strobe disabled?"
      }
    },
    "Dimmer": {
      "capability": {
        "type": "Intensity"
      }
    },
    "Pan/Tilt speed": {
      "defaultValue": 0,
      "capability": {
        "type": "PanTiltSpeed",
        "speedStart": "fast",
        "speedEnd": "slow"
      }
    },
    "Auto": {
      "defaultValue": 0,
      "capabilities": [
        {
          "dmxRange": [0, 48],
          "type": "NoFunction"
        },
        {
          "dmxRange": [49, 99],
          "type": "Effect",
          "effectName": "Auto Mode 1"
        },
        {
          "dmxRange": [100, 199],
          "type": "Effect",
          "effectName": "Auto Mode 2"
        },
        {
          "dmxRange": [200, 255],
          "type": "Effect",
          "soundControlled": true,
          "effectName": "Sound Mode"
        }
      ]
    },
    "Reset": {
      "capabilities": [
        {
          "dmxRange": [0, 249],
          "type": "NoFunction"
        },
        {
          "dmxRange": [250, 255],
          "type": "Maintenance",
          "comment": "Reset"
        }
      ]
    }
  },
  "modes": [
    {
      "name": "9-channel",
      "shortName": "9ch",
      "channels": [
        "Pan",
        "Tilt",
        "Color wheel",
        "Gobo wheel",
        "Strobe",
        "Dimmer",
        "Pan/Tilt speed",
        "Auto",
        "Reset"
      ]
    },
    {
      "name": "11-channel",
      "shortName": "11ch",
      "channels": [
        "Pan",
        "Pan fine",
        "Tilt",
        "Tilt fine",
        "Color wheel",
        "Gobo wheel",
        "Strobe",
        "Dimmer",
        "Pan/Tilt speed",
        "Auto",
        "Reset"
      ]
    }
  ],
  "fixtureKey": "led-spot-60w",
  "manufacturerKey": "shehds",
  "oflURL": "https://open-fixture-library.org/shehds/led-spot-60w"
}
