{
  "$schema": "https://raw.githubusercontent.com/OpenLightingProject/open-fixture-library/schema-12.4.1/schemas/fixture.json",
  "name": "impression Spot One",
  "shortName": "GLPSpotOne",
  "categories": ["Color Changer", "Moving Head"],
  "meta": {
    "authors": ["Felix Edelmann"],
    "createDate": "2017-10-12",
    "lastModifyDate": "2019-05-17"
  },
  "links": {
    "manual": [
      "https://www.glp.de/en/products?format=raw&task=download&fid=4"
    ],
    "productPage": [
      "https://www.glp.de/en/products/moving-lights-led/impression-spot-one"
    ],
    "video": [
      "https://www.youtube.com/watch?v=5b4GN_JgW2c",
      "https://www.youtube.com/watch?v=PXzqRswF7js"
    ]
  },
  "rdm": {
    "modelId": 0,
    "softwareVersion": "8804"
  },
  "physical": {
    "dimensions": [472, 618, 230],
    "weight": 23,
    "power": 700,
    "DMXconnector": "3-pin and 5-pin",
    "bulb": {
      "type": "400W RGB LED Chipset"
    }
  },
  "wheels": {
    "Gobo Wheel 1": {
      "slots": [
        {
          "type": "Open"
        },
        {
          "type": "Gobo",
          "name": "4 Circles"
        },
        {
          "type": "Gobo",
          "name": "Vertical Bars"
        },
        {
          "type": "Gobo",
          "name": "Two Light Tunnels"
        },
        {
          "type": "Gobo",
          "name": "Triangles Random"
        },
        {
          "type": "Gobo",
          "name": "Dash Mini"
        },
        {
          "type": "Gobo",
          "name": "Dots Medium"
        },
        {
          "type": "Gobo",
          "name": "Starry Night Dense"
        }
      ]
    },
    "Gobo Wheel 2": {
      "slots": [
        {
          "type": "Open"
        },
        {
          "type": "Gobo",
          "name": "Cone"
        },
        {
          "type": "Gobo",
          "name": "Leaves Foliage"
        },
        {
          "type": "Gobo",
          "name": "Teeth"
        },
        {
          "type": "Gobo",
          "name": "Shreds"
        },
        {
          "type": "Gobo",
          "name": "Angry Hurricane"
        },
        {
          "type": "Gobo",
          "name": "Shredded Earth"
        },
        {
          "type": "Gobo",
          "name": "Diamond Pattern"
        }
      ]
    }
  },
  "availableChannels": {
    "Pan": {
      "fineChannelAliases": ["Pan fine"],
      "defaultValue": 32768,
      "capability": {
        "type": "Pan",
        "angleStart": "0deg",
        "angleEnd": "660deg"
      }
    },
    "Tilt": {
      "fineChannelAliases": ["Tilt fine"],
      "defaultValue": 32768,
      "capability": {
        "type": "Tilt",
        "angleStart": "0deg",
        "angleEnd": "280deg"
      }
    },
    "Color Macros": {
      "capabilities": [
        {
          "dmxRange": [0, 7],
          "type": "NoFunction",
          "comment": "No macro (use RGB channels)"
        },
        {
          "dmxRange": [8, 15],
          "type": "ColorPreset",
          "colors": ["#ff0000"],
          "comment": "Red"
        },
        {
          "dmxRange": [16, 23],
          "type": "ColorPreset",
          "colors": ["#ff9900"],
          "comment": "Amber"
        },
        {
          "dmxRange": [24, 31],
          "type": "ColorPreset",
          "colors": ["#ffcc00"],
          "comment": "Yellow warm"
        },
        {
          "dmxRange": [32, 39],
          "type": "ColorPreset",
          "colors": ["#ffff00"],
          "comment": "Yellow"
        },
        {
          "dmxRange": [40, 47],
          "type": "ColorPreset",
          "colors": ["#00ff00"],
          "comment": "Green"
        },
        {
          "dmxRange": [48, 55],
          "type": "ColorPreset",
          "colors": ["#00ffcc"],
          "comment": "Turquoise"
        },
        {
          "dmxRange": [56, 63],
          "type": "ColorPreset",
          "colors": ["#00ffff"],
          "comment": "Cyan"
        },
        {
          "dmxRange": [64, 71],
          "type": "ColorPreset",
          "colors": ["#0000ff"],
          "comment": "Blue"
        },
        {
          "dmxRange": [72, 79],
          "type": "ColorPreset",
          "colors": ["#e6e6fa"],
          "comment": "Lavender"
        },
        {
          "dmxRange": [80, 87],
          "type": "ColorPreset",
          "colors": ["#dd00ff"],
          "comment": "Malve"
        },
        {
          "dmxRange": [88, 95],
          "type": "ColorPreset",
          "colors": ["#ff00aa"],
          "comment": "Magenta"
        },
        {
          "dmxRange": [96, 103],
          "type": "ColorPreset",
          "colors": ["#ff88cc"],
          "comment": "Pink"
        },
        {
          "dmxRange": [104, 111],
          "type": "ColorPreset",
          "colors": ["#ffffff"],
          "comment": "White CTO",
          "colorTemperature": "3200K"
        },
        {
          "dmxRange": [112, 119],
          "type": "ColorPreset",
          "colors": ["#ffffff"],
          "comment": "White",
          "colorTemperature": "5600K"
        },
        {
          "dmxRange": [120, 127],
          "type": "ColorPreset",
          "colors": ["#ffffff"],
          "comment": "White CTB",
          "colorTemperature": "7200K"
        },
        {
          "dmxRange": [128, 128],
          "type": "Effect",
          "effectPreset": "ColorFade",
          "speed": "stop"
        },
        {
          "dmxRange": [129, 255],
          "type": "Effect",
          "effectPreset": "ColorFade",
          "speedStart": "slow",
          "speedEnd": "fast"
        }
      ]
    },
    "Red": {
      "fineChannelAliases": ["Red fine"],
      "capability": {
        "type": "ColorIntensity",
        "color": "Red"
      }
    },
    "Green": {
      "fineChannelAliases": ["Green fine"],
      "capability": {
        "type": "ColorIntensity",
        "color": "Green"
      }
    },
    "Blue": {
      "fineChannelAliases": ["Blue fine"],
      "capability": {
        "type": "ColorIntensity",
        "color": "Blue"
      }
    },
    "Shutter": {
      "capabilities": [
        {
          "dmxRange": [0, 15],
          "type": "ShutterStrobe",
          "shutterEffect": "Closed"
        },
        {
          "dmxRange": [16, 47],
          "type": "ShutterStrobe",
          "shutterEffect": "Pulse",
          "speedStart": "slow",
          "speedEnd": "fast",
          "randomTiming": true
        },
        {
          "dmxRange": [48, 79],
          "type": "ShutterStrobe",
          "shutterEffect": "RampUp",
          "speedStart": "slow",
          "speedEnd": "fast"
        },
        {
          "dmxRange": [80, 111],
          "type": "ShutterStrobe",
          "shutterEffect": "RampDown",
          "speedStart": "slow",
          "speedEnd": "fast"
        },
        {
          "dmxRange": [112, 143],
          "type": "ShutterStrobe",
          "shutterEffect": "RampUpDown",
          "speedStart": "slow",
          "speedEnd": "fast"
        },
        {
          "dmxRange": [144, 159],
          "type": "ShutterStrobe",
          "shutterEffect": "Strobe",
          "speedStart": "slow",
          "speedEnd": "fast",
          "randomTiming": true
        },
        {
          "dmxRange": [160, 199],
          "type": "ShutterStrobe",
          "shutterEffect": "Strobe",
          "durationStart": "5s",
          "durationEnd": "0.1s",
          "comment": "Strobe effect pause"
        },
        {
          "dmxRange": [200, 241],
          "type": "ShutterStrobe",
          "shutterEffect": "Strobe",
          "speedStart": "1Hz",
          "speedEnd": "25Hz"
        },
        {
          "dmxRange": [242, 255],
          "type": "ShutterStrobe",
          "shutterEffect": "Open"
        }
      ]
    },
    "Dimmer": {
      "fineChannelAliases": ["Dimmer fine"],
      "capability": {
        "type": "Intensity"
      }
    },
    "Color Temperature": {
      "capabilities": [
        {
          "dmxRange": [0, 7],
          "type": "NoFunction",
          "comment": "No correction"
        },
        {
          "dmxRange": [8, 255],
          "type": "ColorTemperature",
          "colorTemperatureStart": "7200K",
          "colorTemperatureEnd": "3200K"
        }
      ]
    },
    "Gobo Shake & Reset": {
      "capabilities": [
        {
          "dmxRange": [0, 15],
          "type": "NoFunction",
          "comment": "Gobo Shake off"
        },
        {
          "dmxRange": [16, 23],
          "type": "WheelShake",
          "wheel": "Gobo Wheel 1",
          "shakeAngleStart": "12.5%",
          "shakeAngleEnd": "100%",
          "shakeSpeed": "12.5%"
        },
        {
          "dmxRange": [24, 31],
          "type": "WheelShake",
          "wheel": "Gobo Wheel 1",
          "shakeAngleStart": "12.5%",
          "shakeAngleEnd": "100%",
          "shakeSpeed": "25%"
        },
        {
          "dmxRange": [32, 39],
          "type": "WheelShake",
          "wheel": "Gobo Wheel 1",
          "shakeAngleStart": "12.5%",
          "shakeAngleEnd": "100%",
          "shakeSpeed": "37.5%"
        },
        {
          "dmxRange": [40, 47],
          "type": "WheelShake",
          "wheel": "Gobo Wheel 1",
          "shakeAngleStart": "12.5%",
          "shakeAngleEnd": "100%",
          "shakeSpeed": "50%"
        },
        {
          "dmxRange": [48, 55],
          "type": "WheelShake",
          "wheel": "Gobo Wheel 1",
          "shakeAngleStart": "12.5%",
          "shakeAngleEnd": "100%",
          "shakeSpeed": "62.5%"
        },
        {
          "dmxRange": [56, 63],
          "type": "WheelShake",
          "wheel": "Gobo Wheel 1",
          "shakeAngleStart": "12.5%",
          "shakeAngleEnd": "100%",
          "shakeSpeed": "75%"
        },
        {
          "dmxRange": [64, 71],
          "type": "WheelShake",
          "wheel": "Gobo Wheel 1",
          "shakeAngleStart": "12.5%",
          "shakeAngleEnd": "100%",
          "shakeSpeed": "87.5%"
        },
        {
          "dmxRange": [72, 79],
          "type": "WheelShake",
          "wheel": "Gobo Wheel 1",
          "shakeAngleStart": "12.5%",
          "shakeAngleEnd": "100%",
          "shakeSpeed": "100%"
        },
        {
          "dmxRange": [80, 87],
          "type": "WheelShake",
          "wheel": "Gobo Wheel 2",
          "shakeAngleStart": "12.5%",
          "shakeAngleEnd": "100%",
          "shakeSpeed": "12.5%"
        },
        {
          "dmxRange": [88, 95],
          "type": "WheelShake",
          "wheel": "Gobo Wheel 2",
          "shakeAngleStart": "12.5%",
          "shakeAngleEnd": "100%",
          "shakeSpeed": "25%"
        },
        {
          "dmxRange": [96, 103],
          "type": "WheelShake",
          "wheel": "Gobo Wheel 2",
          "shakeAngleStart": "12.5%",
          "shakeAngleEnd": "100%",
          "shakeSpeed": "37.5%"
        },
        {
          "dmxRange": [104, 111],
          "type": "WheelShake",
          "wheel": "Gobo Wheel 2",
          "shakeAngleStart": "12.5%",
          "shakeAngleEnd": "100%",
          "shakeSpeed": "50%"
        },
        {
          "dmxRange": [112, 119],
          "type": "WheelShake",
          "wheel": "Gobo Wheel 2",
          "shakeAngleStart": "12.5%",
          "shakeAngleEnd": "100%",
          "shakeSpeed": "62.5%"
        },
        {
          "dmxRange": [120, 127],
          "type": "WheelShake",
          "wheel": "Gobo Wheel 2",
          "shakeAngleStart": "12.5%",
          "shakeAngleEnd": "100%",
          "shakeSpeed": "75%"
        },
        {
          "dmxRange": [128, 135],
          "type": "WheelShake",
          "wheel": "Gobo Wheel 2",
          "shakeAngleStart": "12.5%",
          "shakeAngleEnd": "100%",
          "shakeSpeed": "87.5%"
        },
        {
          "dmxRange": [136, 143],
          "type": "WheelShake",
          "wheel": "Gobo Wheel 2",
          "shakeAngleStart": "12.5%",
          "shakeAngleEnd": "100%",
          "shakeSpeed": "100%"
        },
        {
          "dmxRange": [144, 151],
          "type": "WheelShake",
          "wheel": [
            "Gobo Wheel 1",
            "Gobo Wheel 2"
          ],
          "shakeAngleStart": "12.5%",
          "shakeAngleEnd": "100%",
          "shakeSpeed": "12.5%"
        },
        {
          "dmxRange": [152, 159],
          "type": "WheelShake",
          "wheel": [
            "Gobo Wheel 1",
            "Gobo Wheel 2"
          ],
          "shakeAngleStart": "12.5%",
          "shakeAngleEnd": "100%",
          "shakeSpeed": "25%"
        },
        {
          "dmxRange": [160, 167],
          "type": "WheelShake",
          "wheel": [
            "Gobo Wheel 1",
            "Gobo Wheel 2"
          ],
          "shakeAngleStart": "12.5%",
          "shakeAngleEnd": "100%",
          "shakeSpeed": "37.5%"
        },
        {
          "dmxRange": [168, 175],
          "type": "WheelShake",
          "wheel": [
            "Gobo Wheel 1",
            "Gobo Wheel 2"
          ],
          "shakeAngleStart": "12.5%",
          "shakeAngleEnd": "100%",
          "shakeSpeed": "50%"
        },
        {
          "dmxRange": [176, 183],
          "type": "WheelShake",
          "wheel": [
            "Gobo Wheel 1",
            "Gobo Wheel 2"
          ],
          "shakeAngleStart": "12.5%",
          "shakeAngleEnd": "100%",
          "shakeSpeed": "62.5%"
        },
        {
          "dmxRange": [184, 191],
          "type": "WheelShake",
          "wheel": [
            "Gobo Wheel 1",
            "Gobo Wheel 2"
          ],
          "shakeAngleStart": "12.5%",
          "shakeAngleEnd": "100%",
          "shakeSpeed": "75%"
        },
        {
          "dmxRange": [192, 199],
          "type": "WheelShake",
          "wheel": [
            "Gobo Wheel 1",
            "Gobo Wheel 2"
          ],
          "shakeAngleStart": "12.5%",
          "shakeAngleEnd": "100%",
          "shakeSpeed": "87.5%"
        },
        {
          "dmxRange": [200, 207],
          "type": "WheelShake",
          "wheel": [
            "Gobo Wheel 1",
            "Gobo Wheel 2"
          ],
          "shakeAngleStart": "12.5%",
          "shakeAngleEnd": "100%",
          "shakeSpeed": "100%"
        },
        {
          "dmxRange": [208, 249],
          "type": "NoFunction"
        },
        {
          "dmxRange": [250, 253],
          "type": "Maintenance",
          "comment": "Reset head"
        },
        {
          "dmxRange": [254, 255],
          "type": "Maintenance",
          "comment": "Reset all functions"
        }
      ]
    },
    "Movement": {
      "capabilities": [
        {
          "dmxRange": [0, 0],
          "type": "NoFunction",
          "comment": "No movement"
        },
        {
          "dmxRange": [1, 7],
          "type": "Effect",
          "effectName": "Pan size 1 phase 0…270°"
        },
        {
          "dmxRange": [8, 15],
          "type": "Effect",
          "effectName": "Pan size 2 phase 0…270°"
        },
        {
          "dmxRange": [16, 23],
          "type": "Effect",
          "effectName": "Pan size 3 phase 0…270°"
        },
        {
          "dmxRange": [24, 31],
          "type": "Effect",
          "effectName": "Pan size 4 phase 0…270°"
        },
        {
          "dmxRange": [32, 39],
          "type": "Effect",
          "effectName": "Tilt size 1 phase 0…270°"
        },
        {
          "dmxRange": [40, 47],
          "type": "Effect",
          "effectName": "Tilt size 2 phase 0…270°"
        },
        {
          "dmxRange": [48, 55],
          "type": "Effect",
          "effectName": "Tilt size 3 phase 0…270°"
        },
        {
          "dmxRange": [56, 63],
          "type": "Effect",
          "effectName": "Tilt size 4 phase 0…270°"
        },
        {
          "dmxRange": [64, 71],
          "type": "Effect",
          "effectName": "Pan/Tilt size 1 phase 0…270°"
        },
        {
          "dmxRange": [72, 79],
          "type": "Effect",
          "effectName": "Pan/Tilt size 2 phase 0…270°"
        },
        {
          "dmxRange": [80, 87],
          "type": "Effect",
          "effectName": "Pan/Tilt size 3 phase 0…270°"
        },
        {
          "dmxRange": [88, 95],
          "type": "Effect",
          "effectName": "Pan/Tilt size 4 phase 0…270°"
        },
        {
          "dmxRange": [96, 103],
          "type": "Effect",
          "effectName": "Pan/Tilt inverse size 1 phase 0…270°"
        },
        {
          "dmxRange": [104, 111],
          "type": "Effect",
          "effectName": "Pan/Tilt inverse size 2 phase 0…270°"
        },
        {
          "dmxRange": [112, 119],
          "type": "Effect",
          "effectName": "Pan/Tilt inverse size 3 phase 0…270°"
        },
        {
          "dmxRange": [120, 127],
          "type": "Effect",
          "effectName": "Pan/Tilt inverse size 4 phase 0…270°"
        },
        {
          "dmxRange": [128, 135],
          "type": "Effect",
          "effectName": "Circle size 1 phase 0…270°"
        },
        {
          "dmxRange": [136, 143],
          "type": "Effect",
          "effectName": "Circle size 2 phase 0…270°"
        },
        {
          "dmxRange": [144, 151],
          "type": "Effect",
          "effectName": "Circle size 3 phase 0…270°"
        },
        {
          "dmxRange": [152, 159],
          "type": "Effect",
          "effectName": "Circle size 4 phase 0…270°"
        },
        {
          "dmxRange": [160, 167],
          "type": "Effect",
          "effectName": "Circle inverse size 1 phase 0…270°"
        },
        {
          "dmxRange": [168, 175],
          "type": "Effect",
          "effectName": "Circle inverse size 2 phase 0…270°"
        },
        {
          "dmxRange": [176, 183],
          "type": "Effect",
          "effectName": "Circle inverse size 3 phase 0…270°"
        },
        {
          "dmxRange": [184, 191],
          "type": "Effect",
          "effectName": "Circle inverse size 4 phase 0…270°"
        },
        {
          "dmxRange": [192, 199],
          "type": "Effect",
          "effectName": "Eight size 1 phase 0…270°"
        },
        {
          "dmxRange": [200, 207],
          "type": "Effect",
          "effectName": "Eight size 2 phase 0…270°"
        },
        {
          "dmxRange": [208, 215],
          "type": "Effect",
          "effectName": "Eight size 3 phase 0…270°"
        },
        {
          "dmxRange": [216, 223],
          "type": "Effect",
          "effectName": "Eight size 4 phase 0…270°"
        },
        {
          "dmxRange": [224, 231],
          "type": "Effect",
          "effectName": "Random size 1 phase 0…270°"
        },
        {
          "dmxRange": [232, 239],
          "type": "Effect",
          "effectName": "Random size 2 phase 0…270°"
        },
        {
          "dmxRange": [240, 247],
          "type": "Effect",
          "effectName": "Random size 3 phase 0…270°"
        },
        {
          "dmxRange": [248, 255],
          "type": "Effect",
          "effectName": "Random size 4 phase 0…270°"
        }
      ]
    },
    "Pan/Tilt Speed": {
      "capabilities": [
        {
          "dmxRange": [0, 1],
          "type": "Generic",
          "comment": "Pan/Tilt relative movement",
          "helpWanted": "What does this capability do?"
        },
        {
          "dmxRange": [2, 255],
          "type": "PanTiltSpeed",
          "speedStart": "slow",
          "speedEnd": "fast"
        }
      ]
    },
    "Zoom": {
      "fineChannelAliases": ["Zoom fine"],
      "capability": {
        "type": "Zoom",
        "angleStart": "10deg",
        "angleEnd": "32deg"
      }
    },
    "Focus": {
      "fineChannelAliases": ["Focus fine"],
      "capability": {
        "type": "Focus",
        "distanceStart": "far",
        "distanceEnd": "near"
      }
    },
    "Gobo Wheel 1": {
      "capabilities": [
        {
          "dmxRange": [0, 15],
          "type": "WheelSlot",
          "slotNumber": 1
        },
        {
          "dmxRange": [16, 31],
          "type": "WheelSlot",
          "slotNumber": 2
        },
        {
          "dmxRange": [32, 47],
          "type": "WheelSlot",
          "slotNumber": 3
        },
        {
          "dmxRange": [48, 63],
          "type": "WheelSlot",
          "slotNumber": 4
        },
        {
          "dmxRange": [64, 79],
          "type": "WheelSlot",
          "slotNumber": 5
        },
        {
          "dmxRange": [80, 95],
          "type": "WheelSlot",
          "slotNumber": 6
        },
        {
          "dmxRange": [96, 111],
          "type": "WheelSlot",
          "slotNumber": 7
        },
        {
          "dmxRange": [112, 126],
          "type": "WheelSlot",
          "slotNumber": 8
        },
        {
          "dmxRange": [127, 127],
          "type": "WheelRotation",
          "speed": "stop"
        },
        {
          "dmxRange": [128, 192],
          "type": "WheelRotation",
          "speedStart": "slow CW",
          "speedEnd": "fast CW"
        },
        {
          "dmxRange": [193, 255],
          "type": "WheelRotation",
          "speedStart": "slow CCW",
          "speedEnd": "fast CCW"
        }
      ]
    },
    "Gobo 1 Position": {
      "fineChannelAliases": ["Gobo 1 Position fine"],
      "dmxValueResolution": "8bit",
      "capabilities": [
        {
          "dmxRange": [0, 127],
          "type": "WheelSlotRotation",
          "wheel": "Gobo Wheel 1",
          "angleStart": "0deg",
          "angleEnd": "540deg"
        },
        {
          "dmxRange": [128, 129],
          "type": "WheelSlotRotation",
          "wheel": "Gobo Wheel 1",
          "speed": "stop"
        },
        {
          "dmxRange": [130, 192],
          "type": "WheelSlotRotation",
          "wheel": "Gobo Wheel 1",
          "speedStart": "slow CW",
          "speedEnd": "fast CW"
        },
        {
          "dmxRange": [193, 253],
          "type": "WheelSlotRotation",
          "wheel": "Gobo Wheel 1",
          "speedStart": "slow CCW",
          "speedEnd": "fast CCW"
        },
        {
          "dmxRange": [254, 255],
          "type": "WheelSlotRotation",
          "wheel": "Gobo Wheel 1",
          "speed": "stop"
        }
      ]
    },
    "Gobo Wheel 2": {
      "capabilities": [
        {
          "dmxRange": [0, 15],
          "type": "WheelSlot",
          "slotNumber": 1
        },
        {
          "dmxRange": [16, 31],
          "type": "WheelSlot",
          "slotNumber": 2
        },
        {
          "dmxRange": [32, 47],
          "type": "WheelSlot",
          "slotNumber": 3
        },
        {
          "dmxRange": [48, 63],
          "type": "WheelSlot",
          "slotNumber": 4
        },
        {
          "dmxRange": [64, 79],
          "type": "WheelSlot",
          "slotNumber": 5
        },
        {
          "dmxRange": [80, 95],
          "type": "WheelSlot",
          "slotNumber": 6
        },
        {
          "dmxRange": [96, 111],
          "type": "WheelSlot",
          "slotNumber": 7
        },
        {
          "dmxRange": [112, 126],
          "type": "WheelSlot",
          "slotNumber": 8
        },
        {
          "dmxRange": [127, 127],
          "type": "WheelRotation",
          "speed": "stop"
        },
        {
          "dmxRange": [128, 192],
          "type": "WheelRotation",
          "speedStart": "slow CW",
          "speedEnd": "fast CW"
        },
        {
          "dmxRange": [193, 255],
          "type": "WheelRotation",
          "speedStart": "slow CCW",
          "speedEnd": "fast CCW"
        }
      ]
    },
    "Gobo 2 Position": {
      "fineChannelAliases": ["Gobo 2 Position fine"],
      "dmxValueResolution": "8bit",
      "capabilities": [
        {
          "dmxRange": [0, 127],
          "type": "WheelSlotRotation",
          "wheel": "Gobo Wheel 2",
          "angleStart": "0deg",
          "angleEnd": "540deg"
        },
        {
          "dmxRange": [128, 129],
          "type": "WheelSlotRotation",
          "wheel": "Gobo Wheel 2",
          "speed": "stop"
        },
        {
          "dmxRange": [130, 192],
          "type": "WheelSlotRotation",
          "wheel": "Gobo Wheel 2",
          "speedStart": "slow CW",
          "speedEnd": "fast CW"
        },
        {
          "dmxRange": [193, 253],
          "type": "WheelSlotRotation",
          "wheel": "Gobo Wheel 2",
          "speedStart": "slow CCW",
          "speedEnd": "fast CCW"
        },
        {
          "dmxRange": [254, 255],
          "type": "WheelSlotRotation",
          "wheel": "Gobo Wheel 2",
          "speed": "stop"
        }
      ]
    },
    "Effect Wheel Swing": {
      "capability": {
        "type": "Effect",
        "effectName": "Motion Wheel Swing",
        "parameterStart": "0%",
        "parameterEnd": "100%"
      }
    },
    "Effect Wheel Position": {
      "capabilities": [
        {
          "dmxRange": [0, 0],
          "type": "Rotation",
          "speed": "stop",
          "helpWanted": "Does this capability go from DMX value 0 to 1 or just 0?"
        },
        {
          "dmxRange": [1, 128],
          "type": "Rotation",
          "speedStart": "slow CCW",
          "speedEnd": "fast CCW"
        },
        {
          "dmxRange": [129, 254],
          "type": "Rotation",
          "speedStart": "fast CCW",
          "speedEnd": "slow CCW"
        },
        {
          "dmxRange": [255, 255],
          "type": "Rotation",
          "speed": "stop",
          "helpWanted": "Does this capability go from DMX value 254 or just 255 to 255?"
        }
      ]
    },
    "Prism": {
      "capabilities": [
        {
          "dmxRange": [0, 5],
          "type": "NoFunction",
          "comment": "Prism swing out"
        },
        {
          "dmxRange": [6, 127],
          "type": "Prism",
          "angleStart": "0deg",
          "angleEnd": "540deg"
        },
        {
          "dmxRange": [128, 192],
          "type": "Prism",
          "speedStart": "slow CCW",
          "speedEnd": "fast CCW"
        },
        {
          "dmxRange": [193, 255],
          "type": "Prism",
          "speedStart": "fast CCW",
          "speedEnd": "slow CCW"
        }
      ]
    },
    "Iris": {
      "fineChannelAliases": ["Iris fine"],
      "dmxValueResolution": "8bit",
      "capabilities": [
        {
          "dmxRange": [0, 131],
          "type": "Iris",
          "openPercentStart": "100%",
          "openPercentEnd": "4%"
        },
        {
          "dmxRange": [132, 255],
          "type": "Iris",
          "openPercent": "4%"
        }
      ]
    }
  },
  "modes": [
    {
      "name": "Normal 24-channel",
      "shortName": "normal-24ch",
      "rdmPersonalityIndex": 1,
      "channels": [
        "Pan",
        "Pan fine",
        "Tilt",
        "Tilt fine",
        "Color Macros",
        "Red",
        "Green",
        "Blue",
        "Shutter",
        "Dimmer",
        "Color Temperature",
        "Gobo Shake & Reset",
        "Movement",
        "Pan/Tilt Speed",
        "Zoom",
        "Focus",
        "Gobo Wheel 1",
        "Gobo 1 Position",
        "Gobo Wheel 2",
        "Gobo 2 Position",
        "Effect Wheel Swing",
        "Effect Wheel Position",
        "Prism",
        "Iris"
      ]
    },
    {
      "name": "Compress 20-channel",
      "shortName": "compress-20ch",
      "rdmPersonalityIndex": 3,
      "channels": [
        "Pan",
        "Pan fine",
        "Tilt",
        "Tilt fine",
        "Color Macros",
        "Red",
        "Green",
        "Blue",
        "Shutter",
        "Dimmer",
        "Zoom",
        "Focus",
        "Gobo Wheel 1",
        "Gobo 1 Position",
        "Gobo Wheel 2",
        "Gobo 2 Position",
        "Effect Wheel Swing",
        "Effect Wheel Position",
        "Prism",
        "Iris"
      ]
    },
    {
      "name": "Extended 31-channel",
      "shortName": "extended-31ch",
      "rdmPersonalityIndex": 2,
      "channels": [
        "Pan",
        "Pan fine",
        "Tilt",
        "Tilt fine",
        "Color Macros",
        "Red",
        "Red fine",
        "Green",
        "Green fine",
        "Blue",
        "Blue fine",
        "Shutter",
        "Dimmer",
        "Dimmer fine",
        "Color Temperature",
        "Gobo Shake & Reset",
        "Zoom",
        "Zoom fine",
        "Focus",
        "Focus fine",
        "Gobo Wheel 1",
        "Gobo 1 Position",
        "Gobo 1 Position fine",
        "Gobo Wheel 2",
        "Gobo 2 Position",
        "Gobo 2 Position fine",
        "Effect Wheel Swing",
        "Effect Wheel Position",
        "Prism",
        "Iris",
        "Iris fine"
      ]
    }
  ],
  "fixtureKey": "impression-spot-one",
  "manufacturerKey": "glp",
  "oflURL": "https://open-fixture-library.org/glp/impression-spot-one"
}
