{
  "$schema": "https://raw.githubusercontent.com/OpenLightingProject/open-fixture-library/schema-12.4.1/schemas/fixture.json",
  "name": "LED PAR Light-372",
  "shortName": "MJ-3001-72",
  "categories": ["Color Changer"],
  "meta": {
    "authors": ["Felix Edelmann"],
    "createDate": "2019-02-06",
    "lastModifyDate": "2019-02-06"
  },
  "links": {
    "manual": [
      "https://www.jackodance.it/wp-content/uploads/2019/01/MJ-3001-72-LED-PAR-LIGHT-372.pdf"
    ]
  },
  "helpWanted": "Is the 4ch mode correct?",
  "physical": {
    "dimensions": [310, 250, 325],
    "weight": 3.5,
    "power": 216,
    "DMXconnector": "3-pin",
    "bulb": {
      "type": "72x3W LEDs (18x red/green/blue/white each)"
    },
    "lens": {
      "degreesMinMax": [25, 25]
    }
  },
  "availableChannels": {
    "Dimmer": {
      "defaultValue": 0,
      "capability": {
        "type": "Intensity"
      }
    },
    "Strobe": {
      "capability": {
        "type": "ShutterStrobe",
        "shutterEffect": "Strobe",
        "speedStart": "slow",
        "speedEnd": "fast",
        "helpWanted": "At which DMX value is strobe disabled? When is the lamp constantly on/off?"
      }
    },
    "Color Change": {
      "defaultValue": 0,
      "capabilities": [
        {
          "dmxRange": [0, 49],
          "type": "NoFunction"
        },
        {
          "dmxRange": [50, 99],
          "type": "Effect",
          "effectPreset": "ColorJump"
        },
        {
          "dmxRange": [100, 149],
          "type": "Effect",
          "effectPreset": "ColorFade"
        },
        {
          "dmxRange": [150, 199],
          "type": "Effect",
          "effectName": "Color pulse"
        },
        {
          "dmxRange": [200, 255],
          "type": "Effect",
          "effectName": "Sound control",
          "soundControlled": true
        }
      ]
    },
    "Effect Speed": {
      "capability": {
        "type": "EffectSpeed",
        "speedStart": "slow",
        "speedEnd": "fast"
      }
    },
    "Red": {
      "defaultValue": 0,
      "capability": {
        "type": "ColorIntensity",
        "color": "Red"
      }
    },
    "Green": {
      "defaultValue": 0,
      "capability": {
        "type": "ColorIntensity",
        "color": "Green"
      }
    },
    "Blue": {
      "defaultValue": 0,
      "capability": {
        "type": "ColorIntensity",
        "color": "Blue"
      }
    },
    "White": {
      "defaultValue": 0,
      "capability": {
        "type": "ColorIntensity",
        "color": "White"
      }
    }
  },
  "modes": [
    {
      "name": "A001",
      "shortName": "8ch",
      "channels": [
        "Dimmer",
        "Strobe",
        "Color Change",
        "Effect Speed",
        "Red",
        "Green",
        "Blue",
        "White"
      ]
    },
    {
      "name": "d001",
      "shortName": "4ch",
      "channels": [
        "Red",
        "Green",
        "Blue",
        "White"
      ]
    }
  ],
  "fixtureKey": "led-par-light-372",
  "manufacturerKey": "mega-led-lighting",
  "oflURL": "https://open-fixture-library.org/mega-led-lighting/led-par-light-372"
}
