{
  "$schema": "https://raw.githubusercontent.com/OpenLightingProject/open-fixture-library/schema-12.4.1/schemas/fixture.json",
  "name": "Boom Box Fx2",
  "shortName": "ADJBoomBoxFx2",
  "categories": ["Laser", "Color Changer"],
  "meta": {
    "authors": ["Felix Edelmann"],
    "createDate": "2017-11-17",
    "lastModifyDate": "2018-08-09"
  },
  "links": {
    "manual": [
      "http://adjmedia.s3-website-eu-west-1.amazonaws.com/manuals/boom_box_fx2.pdf"
    ],
    "video": [
      "https://www.youtube.com/watch?v=E3-njFee518",
      "https://www.youtube.com/watch?v=DXzJ8QSDcmw"
    ]
  },
  "physical": {
    "dimensions": [634, 319, 232],
    "weight": 8,
    "power": 62,
    "DMXconnector": "3-pin",
    "bulb": {
      "type": "8x3W LEDs, 8x1W LEDs, 8x10W RGBW LEDs"
    }
  },
  "availableChannels": {
    "Show mode": {
      "capabilities": [
        {
          "dmxRange": [0, 69],
          "type": "NoFunction"
        },
        {
          "dmxRange": [70, 79],
          "type": "Effect",
          "effectName": "Show 1"
        },
        {
          "dmxRange": [80, 89],
          "type": "Effect",
          "effectName": "Show 2"
        },
        {
          "dmxRange": [90, 99],
          "type": "Effect",
          "effectName": "Show 3"
        },
        {
          "dmxRange": [100, 109],
          "type": "Effect",
          "effectName": "Show 4"
        },
        {
          "dmxRange": [110, 119],
          "type": "Effect",
          "effectName": "Show 5"
        },
        {
          "dmxRange": [120, 129],
          "type": "Effect",
          "effectName": "Show 6"
        },
        {
          "dmxRange": [130, 139],
          "type": "Effect",
          "effectName": "Show 7"
        },
        {
          "dmxRange": [140, 209],
          "type": "Effect",
          "effectName": "Show 8"
        },
        {
          "dmxRange": [210, 249],
          "type": "Effect",
          "effectName": "Show 9"
        },
        {
          "dmxRange": [250, 255],
          "type": "Effect",
          "effectName": "Show 0"
        }
      ]
    },
    "Show speed": {
      "capability": {
        "type": "EffectSpeed",
        "speedStart": "slow",
        "speedEnd": "fast"
      }
    },
    "Special Functions": {
      "capabilities": [
        {
          "dmxRange": [0, 139],
          "type": "NoFunction"
        },
        {
          "dmxRange": [140, 209],
          "type": "Maintenance",
          "comment": "Reset all"
        },
        {
          "dmxRange": [210, 249],
          "type": "NoFunction"
        },
        {
          "dmxRange": [250, 255],
          "type": "Effect",
          "effectName": "Sound active",
          "soundControlled": true
        }
      ]
    },
    "Center LED": {
      "capabilities": [
        {
          "dmxRange": [0, 9],
          "type": "NoFunction"
        },
        {
          "dmxRange": [10, 255],
          "type": "ColorPreset",
          "comment": "Color Macros",
          "helpWanted": "Which colors can be selected at which DMX values?"
        }
      ]
    },
    "Red Laser": {
      "capabilities": [
        {
          "dmxRange": [0, 127],
          "type": "NoFunction",
          "comment": "Closed"
        },
        {
          "dmxRange": [128, 255],
          "type": "Effect",
          "effectName": "Open"
        }
      ]
    },
    "Green Laser": {
      "capabilities": [
        {
          "dmxRange": [0, 127],
          "type": "NoFunction",
          "comment": "Closed"
        },
        {
          "dmxRange": [128, 255],
          "type": "Effect",
          "effectName": "Open"
        }
      ]
    },
    "Laser Patterns": {
      "capability": {
        "type": "Effect",
        "effectName": "Laser patterns"
      }
    },
    "Red Beam": {
      "capability": {
        "type": "ColorIntensity",
        "color": "Red"
      }
    },
    "Green Beam": {
      "capability": {
        "type": "ColorIntensity",
        "color": "Green"
      }
    },
    "Blue Beam": {
      "capability": {
        "type": "ColorIntensity",
        "color": "Blue"
      }
    },
    "White Beam": {
      "capability": {
        "type": "ColorIntensity",
        "color": "White"
      }
    },
    "Beam Strobe": {
      "defaultValue": 255,
      "capabilities": [
        {
          "dmxRange": [0, 7],
          "type": "ShutterStrobe",
          "shutterEffect": "Closed"
        },
        {
          "dmxRange": [8, 15],
          "type": "ShutterStrobe",
          "shutterEffect": "Open"
        },
        {
          "dmxRange": [16, 131],
          "type": "ShutterStrobe",
          "shutterEffect": "Strobe",
          "speedStart": "slow",
          "speedEnd": "fast"
        },
        {
          "dmxRange": [132, 139],
          "type": "ShutterStrobe",
          "shutterEffect": "Open"
        },
        {
          "dmxRange": [140, 181],
          "type": "ShutterStrobe",
          "shutterEffect": "RampUp"
        },
        {
          "dmxRange": [182, 189],
          "type": "ShutterStrobe",
          "shutterEffect": "Open"
        },
        {
          "dmxRange": [190, 231],
          "type": "ShutterStrobe",
          "shutterEffect": "RampDown"
        },
        {
          "dmxRange": [232, 239],
          "type": "ShutterStrobe",
          "shutterEffect": "Open"
        },
        {
          "dmxRange": [240, 247],
          "type": "ShutterStrobe",
          "shutterEffect": "Strobe",
          "randomTiming": true
        },
        {
          "dmxRange": [248, 255],
          "type": "ShutterStrobe",
          "shutterEffect": "Open"
        }
      ]
    },
    "Beam Rotation": {
      "capabilities": [
        {
          "dmxRange": [0, 127],
          "type": "Rotation",
          "comment": "indexing",
          "angleStart": "0%",
          "angleEnd": "100%"
        },
        {
          "dmxRange": [128, 189],
          "type": "Rotation",
          "speedStart": "slow CW",
          "speedEnd": "fast CW"
        },
        {
          "dmxRange": [190, 193],
          "type": "Rotation",
          "speed": "stop"
        },
        {
          "dmxRange": [194, 255],
          "type": "Rotation",
          "speedStart": "fast CCW",
          "speedEnd": "slow CCW"
        }
      ]
    },
    "Beam Dimmer": {
      "capability": {
        "type": "Intensity"
      }
    },
    "Red Gobo Effect": {
      "capabilities": [
        {
          "dmxRange": [0, 9],
          "type": "NoFunction",
          "comment": "Closed"
        },
        {
          "dmxRange": [10, 255],
          "type": "Effect",
          "effectName": "Open"
        }
      ]
    },
    "Green Gobo Effect": {
      "capabilities": [
        {
          "dmxRange": [0, 9],
          "type": "NoFunction",
          "comment": "Closed"
        },
        {
          "dmxRange": [10, 255],
          "type": "Effect",
          "effectName": "Open"
        }
      ]
    },
    "Blue Gobo Effect": {
      "capabilities": [
        {
          "dmxRange": [0, 9],
          "type": "NoFunction",
          "comment": "Closed"
        },
        {
          "dmxRange": [10, 255],
          "type": "Effect",
          "effectName": "Open"
        }
      ]
    },
    "White Gobo Effect": {
      "capabilities": [
        {
          "dmxRange": [0, 9],
          "type": "NoFunction",
          "comment": "Closed"
        },
        {
          "dmxRange": [10, 255],
          "type": "Effect",
          "effectName": "Open"
        }
      ]
    },
    "Gobo Rotation": {
      "capabilities": [
        {
          "dmxRange": [0, 127],
          "type": "Rotation",
          "comment": "indexing",
          "angleStart": "0%",
          "angleEnd": "100%"
        },
        {
          "dmxRange": [128, 189],
          "type": "Rotation",
          "speedStart": "slow CW",
          "speedEnd": "fast CW"
        },
        {
          "dmxRange": [190, 193],
          "type": "Rotation",
          "speed": "stop"
        },
        {
          "dmxRange": [194, 255],
          "type": "Rotation",
          "speedStart": "fast CCW",
          "speedEnd": "slow CCW"
        }
      ]
    }
  },
  "modes": [
    {
      "name": "3-channel",
      "shortName": "3ch",
      "channels": [
        "Show mode",
        "Show speed",
        "Special Functions"
      ]
    },
    {
      "name": "19-channel",
      "shortName": "19ch",
      "channels": [
        "Center LED",
        "Red Laser",
        "Green Laser",
        "Laser Patterns",
        "Red Beam",
        "Green Beam",
        "Blue Beam",
        "White Beam",
        "Beam Strobe",
        "Beam Dimmer",
        "Beam Rotation",
        "Red Gobo Effect",
        "Green Gobo Effect",
        "Blue Gobo Effect",
        "White Gobo Effect",
        "Gobo Rotation",
        "Show mode",
        "Show speed",
        "Special Functions"
      ]
    }
  ],
  "fixtureKey": "boom-box-fx2",
  "manufacturerKey": "american-dj",
  "oflURL": "https://open-fixture-library.org/american-dj/boom-box-fx2"
}
