{
  "$schema": "https://raw.githubusercontent.com/OpenLightingProject/open-fixture-library/schema-12.4.1/schemas/fixture.json",
  "name": "Saber Spot RGBW",
  "shortName": "SaberSpotRGBW",
  "categories": ["Color Changer", "Dimmer"],
  "meta": {
    "authors": ["Voyo", "Flo Edelmann"],
    "createDate": "2018-11-01",
    "lastModifyDate": "2018-11-01"
  },
  "comment": "The Saber Spot RGBW is a compact Pinspot with smooth RGBW color mixing from one 15W 4-in-1 Quad LED. It has a built-in ACL lens that produces a razor sharp 4-degree beam angle.",
  "links": {
    "manual": [
      "https://cdb.s3.amazonaws.com/ItemRelatedFiles/10530/Saber%20Spot%20RGBW%20-%20User%20Manual.pdf"
    ],
    "productPage": [
      "https://www.adj.com/saber-spot-rgbw"
    ],
    "video": [
      "https://www.youtube.com/watch?v=lkNhECfzFqo",
      "https://www.youtube.com/watch?v=j3cX955wyfs"
    ]
  },
  "physical": {
    "dimensions": [170, 135, 215],
    "weight": 1.2,
    "power": 14,
    "DMXconnector": "3-pin",
    "bulb": {
      "type": "15W RGBW LED"
    },
    "lens": {
      "degreesMinMax": [4, 45]
    }
  },
  "availableChannels": {
    "Hue": {
      "capability": {
        "type": "Generic"
      }
    },
    "Saturation": {
      "capability": {
        "type": "Generic"
      }
    },
    "Intensity": {
      "capability": {
        "type": "Intensity"
      }
    },
    "Red": {
      "fineChannelAliases": ["Red fine"],
      "capability": {
        "type": "ColorIntensity",
        "color": "Red"
      }
    },
    "Green": {
      "fineChannelAliases": ["Green fine"],
      "capability": {
        "type": "ColorIntensity",
        "color": "Green"
      }
    },
    "Blue": {
      "fineChannelAliases": ["Blue fine"],
      "capability": {
        "type": "ColorIntensity",
        "color": "Blue"
      }
    },
    "White": {
      "fineChannelAliases": ["White fine"],
      "capability": {
        "type": "ColorIntensity",
        "color": "White"
      }
    },
    "Dimmer Curve": {
      "capabilities": [
        {
          "dmxRange": [0, 20],
          "type": "Maintenance",
          "comment": "Standard"
        },
        {
          "dmxRange": [21, 40],
          "type": "Maintenance",
          "comment": "Stage"
        },
        {
          "dmxRange": [41, 60],
          "type": "Maintenance",
          "comment": "TV"
        },
        {
          "dmxRange": [61, 80],
          "type": "Maintenance",
          "comment": "Architectural"
        },
        {
          "dmxRange": [81, 100],
          "type": "Maintenance",
          "comment": "Theatre"
        },
        {
          "dmxRange": [101, 255],
          "type": "NoFunction",
          "comment": "Default dimmer curve setting"
        }
      ]
    },
    "Dimmer": {
      "fineChannelAliases": ["Dimmer fine"],
      "capability": {
        "type": "Intensity"
      }
    },
    "Shutter / Strobe": {
      "capabilities": [
        {
          "dmxRange": [0, 31],
          "type": "ShutterStrobe",
          "shutterEffect": "Closed"
        },
        {
          "dmxRange": [32, 63],
          "type": "ShutterStrobe",
          "shutterEffect": "Open"
        },
        {
          "dmxRange": [64, 95],
          "type": "ShutterStrobe",
          "shutterEffect": "Strobe",
          "speedStart": "slow",
          "speedEnd": "fast"
        },
        {
          "dmxRange": [96, 127],
          "type": "ShutterStrobe",
          "shutterEffect": "Open"
        },
        {
          "dmxRange": [128, 159],
          "type": "ShutterStrobe",
          "shutterEffect": "Pulse",
          "speedStart": "slow",
          "speedEnd": "fast"
        },
        {
          "dmxRange": [160, 191],
          "type": "ShutterStrobe",
          "shutterEffect": "Open"
        },
        {
          "dmxRange": [192, 223],
          "type": "ShutterStrobe",
          "shutterEffect": "Strobe",
          "speedStart": "slow",
          "speedEnd": "fast",
          "randomTiming": true
        },
        {
          "dmxRange": [224, 255],
          "type": "ShutterStrobe",
          "shutterEffect": "Open"
        }
      ]
    },
    "Color Macros": {
      "capabilities": [
        {
          "dmxRange": [0, 0],
          "type": "NoFunction"
        },
        {
          "dmxRange": [1, 4],
          "type": "ColorPreset",
          "colors": ["#7affef"],
          "comment": "Color 1"
        },
        {
          "dmxRange": [5, 8],
          "type": "ColorPreset",
          "colors": ["#7affba"],
          "comment": "Color 2"
        },
        {
          "dmxRange": [9, 12],
          "type": "ColorPreset",
          "colors": ["#76ff91"],
          "comment": "Color 3"
        },
        {
          "dmxRange": [13, 16],
          "type": "ColorPreset",
          "colors": ["#97ff7d"],
          "comment": "Color 4"
        },
        {
          "dmxRange": [17, 20],
          "type": "ColorPreset",
          "colors": ["#b6ff76"],
          "comment": "Color 5"
        },
        {
          "dmxRange": [21, 24],
          "type": "ColorPreset",
          "colors": ["#e7ff7d"],
          "comment": "Color 6"
        },
        {
          "dmxRange": [25, 28],
          "type": "ColorPreset",
          "colors": ["#fff676"],
          "comment": "Color 7"
        },
        {
          "dmxRange": [29, 32],
          "type": "ColorPreset",
          "colors": ["#ffd473"],
          "comment": "Color 8"
        },
        {
          "dmxRange": [33, 36],
          "type": "ColorPreset",
          "colors": ["#ffbb76"],
          "comment": "Color 9"
        },
        {
          "dmxRange": [37, 40],
          "type": "ColorPreset",
          "colors": ["#ff9a73"],
          "comment": "Color 10"
        },
        {
          "dmxRange": [41, 44],
          "type": "ColorPreset",
          "colors": ["#ff8575"],
          "comment": "Color 11"
        },
        {
          "dmxRange": [45, 48],
          "type": "ColorPreset",
          "colors": ["#ff6f74"],
          "comment": "Color 12"
        },
        {
          "dmxRange": [49, 52],
          "type": "ColorPreset",
          "colors": ["#ff7da4"],
          "comment": "Color 13"
        },
        {
          "dmxRange": [53, 56],
          "type": "ColorPreset",
          "colors": ["#ff88ca"],
          "comment": "Color 14"
        },
        {
          "dmxRange": [57, 60],
          "type": "ColorPreset",
          "colors": ["#ff8bf1"],
          "comment": "Color 15"
        },
        {
          "dmxRange": [61, 64],
          "type": "ColorPreset",
          "colors": ["#f388ff"],
          "comment": "Color 16"
        },
        {
          "dmxRange": [65, 68],
          "type": "ColorPreset",
          "colors": ["#d382ff"],
          "comment": "Color 17"
        },
        {
          "dmxRange": [69, 72],
          "type": "ColorPreset",
          "colors": ["#b185ff"],
          "comment": "Color 18"
        },
        {
          "dmxRange": [73, 76],
          "type": "ColorPreset",
          "colors": ["#8876ff"],
          "comment": "Color 19"
        },
        {
          "dmxRange": [77, 80],
          "type": "ColorPreset",
          "colors": ["#7688ff"],
          "comment": "Color 20"
        },
        {
          "dmxRange": [81, 84],
          "type": "ColorPreset",
          "colors": ["#6aaaff"],
          "comment": "Color 21"
        },
        {
          "dmxRange": [85, 88],
          "type": "ColorPreset",
          "colors": ["#76d1ff"],
          "comment": "Color 22"
        },
        {
          "dmxRange": [89, 92],
          "type": "ColorPreset",
          "colors": ["#76efff"],
          "comment": "Color 23"
        },
        {
          "dmxRange": [93, 96],
          "type": "ColorPreset",
          "colors": ["#c1ffb8"],
          "comment": "Color 24"
        },
        {
          "dmxRange": [97, 100],
          "type": "ColorPreset",
          "colors": ["#fffdbf"],
          "comment": "Color 25"
        },
        {
          "dmxRange": [101, 104],
          "type": "ColorPreset",
          "colors": ["#ffccba"],
          "comment": "Color 26"
        },
        {
          "dmxRange": [105, 108],
          "type": "ColorPreset",
          "colors": ["#ffb3d2"],
          "comment": "Color 27"
        },
        {
          "dmxRange": [109, 112],
          "type": "ColorPreset",
          "colors": ["#ffbafc"],
          "comment": "Color 28"
        },
        {
          "dmxRange": [113, 116],
          "type": "ColorPreset",
          "colors": ["#bcb3ff"],
          "comment": "Color 29"
        },
        {
          "dmxRange": [117, 120],
          "type": "ColorPreset",
          "colors": ["#8f48ff"],
          "comment": "Color 30"
        },
        {
          "dmxRange": [121, 124],
          "type": "ColorPreset",
          "colors": ["#b3c7ff"],
          "comment": "Color 31"
        },
        {
          "dmxRange": [125, 128],
          "type": "ColorPreset",
          "colors": ["#ffffff"],
          "comment": "Color 32"
        },
        {
          "dmxRange": [129, 132],
          "type": "ColorPreset",
          "colors": ["#ffce8f"],
          "comment": "Color 33"
        },
        {
          "dmxRange": [133, 136],
          "type": "ColorPreset",
          "colors": ["#feb199"],
          "comment": "Color 34"
        },
        {
          "dmxRange": [137, 140],
          "type": "ColorPreset",
          "colors": ["#fec08a"],
          "comment": "Color 35"
        },
        {
          "dmxRange": [141, 144],
          "type": "ColorPreset",
          "colors": ["#fea562"],
          "comment": "Color 36"
        },
        {
          "dmxRange": [145, 148],
          "type": "ColorPreset",
          "colors": ["#fe7900"],
          "comment": "Color 37"
        },
        {
          "dmxRange": [149, 152],
          "type": "ColorPreset",
          "colors": ["#b01100"],
          "comment": "Color 38"
        },
        {
          "dmxRange": [153, 156],
          "type": "ColorPreset",
          "colors": ["#60000b"],
          "comment": "Color 39"
        },
        {
          "dmxRange": [157, 160],
          "type": "ColorPreset",
          "colors": ["#ea8bab"],
          "comment": "Color 40"
        },
        {
          "dmxRange": [161, 164],
          "type": "ColorPreset",
          "colors": ["#e00561"],
          "comment": "Color 41"
        },
        {
          "dmxRange": [165, 168],
          "type": "ColorPreset",
          "colors": ["#af4dad"],
          "comment": "Color 42"
        },
        {
          "dmxRange": [169, 172],
          "type": "ColorPreset",
          "colors": ["#7782c7"],
          "comment": "Color 43"
        },
        {
          "dmxRange": [173, 176],
          "type": "ColorPreset",
          "colors": ["#93a4d4"],
          "comment": "Color 44"
        },
        {
          "dmxRange": [177, 180],
          "type": "ColorPreset",
          "colors": ["#5802a3"],
          "comment": "Color 45"
        },
        {
          "dmxRange": [181, 184],
          "type": "ColorPreset",
          "colors": ["#002656"],
          "comment": "Color 46"
        },
        {
          "dmxRange": [185, 188],
          "type": "ColorPreset",
          "colors": ["#008ed0"],
          "comment": "Color 47"
        },
        {
          "dmxRange": [189, 192],
          "type": "ColorPreset",
          "colors": ["#3494d1"],
          "comment": "Color 48"
        },
        {
          "dmxRange": [193, 196],
          "type": "ColorPreset",
          "colors": ["#0186c9"],
          "comment": "Color 49"
        },
        {
          "dmxRange": [197, 200],
          "type": "ColorPreset",
          "colors": ["#0091d4"],
          "comment": "Color 50"
        },
        {
          "dmxRange": [201, 204],
          "type": "ColorPreset",
          "colors": ["#0079c0"],
          "comment": "Color 51"
        },
        {
          "dmxRange": [205, 208],
          "type": "ColorPreset",
          "colors": ["#0081b8"],
          "comment": "Color 52"
        },
        {
          "dmxRange": [209, 212],
          "type": "ColorPreset",
          "colors": ["#005373"],
          "comment": "Color 53"
        },
        {
          "dmxRange": [213, 216],
          "type": "ColorPreset",
          "colors": ["#0061a6"],
          "comment": "Color 54"
        },
        {
          "dmxRange": [217, 220],
          "type": "ColorPreset",
          "colors": ["#0164a7"],
          "comment": "Color 55"
        },
        {
          "dmxRange": [221, 224],
          "type": "ColorPreset",
          "colors": ["#002856"],
          "comment": "Color 56"
        },
        {
          "dmxRange": [225, 228],
          "type": "ColorPreset",
          "colors": ["#d1dbb6"],
          "comment": "Color 57"
        },
        {
          "dmxRange": [229, 232],
          "type": "ColorPreset",
          "colors": ["#2aa555"],
          "comment": "Color 58"
        },
        {
          "dmxRange": [233, 236],
          "type": "ColorPreset",
          "colors": ["#002e23"],
          "comment": "Color 59"
        },
        {
          "dmxRange": [237, 240],
          "type": "ColorPreset",
          "colors": ["#086bde"],
          "comment": "Color 60"
        },
        {
          "dmxRange": [241, 244],
          "type": "ColorPreset",
          "colors": ["#6b9ce7"],
          "comment": "Color 61"
        },
        {
          "dmxRange": [245, 248],
          "type": "ColorPreset",
          "colors": ["#a5c6f7"],
          "comment": "Color 62"
        },
        {
          "dmxRange": [249, 252],
          "type": "ColorPreset",
          "colors": ["#0000bd"],
          "comment": "Color 63"
        },
        {
          "dmxRange": [253, 255],
          "type": "ColorPreset",
          "colors": ["#ffffff"],
          "comment": "Color 64"
        }
      ]
    },
    "Auto Programs": {
      "capabilities": [
        {
          "dmxRange": [0, 0],
          "type": "NoFunction"
        },
        {
          "dmxRange": [1, 20],
          "type": "Effect",
          "effectName": "Program 1"
        },
        {
          "dmxRange": [21, 40],
          "type": "Effect",
          "effectName": "Program 2"
        },
        {
          "dmxRange": [41, 60],
          "type": "Effect",
          "effectName": "Program 3"
        },
        {
          "dmxRange": [61, 80],
          "type": "Effect",
          "effectName": "Program 4"
        },
        {
          "dmxRange": [81, 100],
          "type": "Effect",
          "effectName": "Program 5"
        },
        {
          "dmxRange": [101, 120],
          "type": "Effect",
          "effectName": "Program 6"
        },
        {
          "dmxRange": [121, 140],
          "type": "Effect",
          "effectName": "Program 7"
        },
        {
          "dmxRange": [141, 160],
          "type": "Effect",
          "effectName": "Program 8"
        },
        {
          "dmxRange": [161, 180],
          "type": "Effect",
          "effectName": "Program 9"
        },
        {
          "dmxRange": [181, 200],
          "type": "Effect",
          "effectName": "Program 10"
        },
        {
          "dmxRange": [201, 220],
          "type": "Effect",
          "effectName": "Program 11"
        },
        {
          "dmxRange": [221, 240],
          "type": "Effect",
          "effectName": "Program 12"
        },
        {
          "dmxRange": [241, 250],
          "type": "Effect",
          "effectName": "Program 13"
        },
        {
          "dmxRange": [251, 255],
          "type": "Effect",
          "effectName": "Gradient"
        }
      ]
    },
    "Program Speed": {
      "capability": {
        "type": "EffectSpeed",
        "speedStart": "slow",
        "speedEnd": "fast"
      }
    },
    "Program Fade": {
      "capability": {
        "type": "EffectParameter",
        "parameterStart": "fast",
        "parameterEnd": "slow",
        "comment": "Program fade"
      }
    }
  },
  "modes": [
    {
      "name": "HSI",
      "shortName": "hsi",
      "channels": [
        "Hue",
        "Saturation",
        "Intensity"
      ]
    },
    {
      "name": "RGBW",
      "shortName": "rgbw",
      "channels": [
        "Red",
        "Green",
        "Blue",
        "White"
      ]
    },
    {
      "name": "HSI Dimmer Curve",
      "shortName": "hsi-curve",
      "channels": [
        "Hue",
        "Saturation",
        "Intensity",
        "Dimmer Curve"
      ]
    },
    {
      "name": "RGBWD",
      "shortName": "rgbwd",
      "channels": [
        "Red",
        "Green",
        "Blue",
        "White",
        "Dimmer"
      ]
    },
    {
      "name": "RGBWD Strobe",
      "shortName": "rgbw-strb",
      "channels": [
        "Shutter / Strobe",
        "Red",
        "Green",
        "Blue",
        "White",
        "Dimmer"
      ]
    },
    {
      "name": "RGBWD fine",
      "shortName": "rgbwd-fine",
      "channels": [
        "Red",
        "Green",
        "Blue",
        "White",
        "Dimmer",
        "Dimmer fine"
      ]
    },
    {
      "name": "RGBWD fine Strobe",
      "shortName": "rgbwd-fine-strb",
      "channels": [
        "Red",
        "Green",
        "Blue",
        "White",
        "Shutter / Strobe",
        "Dimmer",
        "Dimmer fine"
      ]
    },
    {
      "name": "8-channel",
      "shortName": "8ch",
      "channels": [
        "Red",
        "Green",
        "Blue",
        "White",
        "Shutter / Strobe",
        "Dimmer",
        "Dimmer fine",
        "Dimmer Curve"
      ]
    },
    {
      "name": "RGBW fine",
      "shortName": "rgbw-fine",
      "channels": [
        "Red",
        "Red fine",
        "Green",
        "Green fine",
        "Blue",
        "Blue fine",
        "White",
        "White fine"
      ]
    },
    {
      "name": "HSI Programs",
      "shortName": "hsi-prg",
      "channels": [
        "Shutter / Strobe",
        "Hue",
        "Saturation",
        "Intensity",
        "Color Macros",
        "Auto Programs",
        "Program Speed",
        "Program Fade",
        "Dimmer Curve"
      ]
    },
    {
      "name": "RGBW Programs",
      "shortName": "rgbw-prg",
      "channels": [
        "Shutter / Strobe",
        "Red",
        "Green",
        "Blue",
        "White",
        "Dimmer",
        "Color Macros",
        "Auto Programs",
        "Program Speed",
        "Program Fade",
        "Dimmer Curve"
      ]
    },
    {
      "name": "RGBW Programs fine",
      "shortName": "rgbw-prg-fine",
      "channels": [
        "Red",
        "Green",
        "Blue",
        "White",
        "Color Macros",
        "Shutter / Strobe",
        "Dimmer",
        "Dimmer fine",
        "Auto Programs",
        "Program Speed",
        "Program Fade",
        "Dimmer Curve"
      ]
    }
  ],
  "fixtureKey": "saber-spot-rgbw",
  "manufacturerKey": "american-dj",
  "oflURL": "https://open-fixture-library.org/american-dj/saber-spot-rgbw"
}
