{
  "$schema": "https://raw.githubusercontent.com/OpenLightingProject/open-fixture-library/schema-12.4.1/schemas/fixture.json",
  "name": "Cryofog",
  "categories": ["Smoke"],
  "meta": {
    "authors": ["coffeeholic"],
    "createDate": "2021-08-05",
    "lastModifyDate": "2021-08-05"
  },
  "comment": "Low fog machine with CO2 cooling.",
  "links": {
    "manual": [
      "https://www.looksolutions.com/uploads/pdf/bed_cryo_hp_1d.pdf"
    ],
    "productPage": [
      "https://www.looksolutions.com/produkte/cryo_fog/2.html"
    ]
  },
  "physical": {
    "dimensions": [510, 300, 670],
    "weight": 33,
    "power": 2300,
    "DMXconnector": "5-pin"
  },
  "availableChannels": {
    "Fog Intensity": {
      "capability": {
        "type": "Fog",
        "fogType": "Fog",
        "fogOutputStart": "off",
        "fogOutputEnd": "strong"
      }
    },
    "Fan": {
      "capability": {
        "type": "Rotation",
        "speedStart": "slow CW",
        "speedEnd": "fast CW"
      }
    },
    "Cooling": {
      "capabilities": [
        {
          "dmxRange": [0, 0],
          "type": "Maintenance",
          "comment": "Cooling valve closed"
        },
        {
          "dmxRange": [1, 254],
          "type": "NoFunction"
        },
        {
          "dmxRange": [255, 255],
          "type": "Maintenance",
          "comment": "Cooling valve open"
        }
      ]
    }
  },
  "modes": [
    {
      "name": "3-channel",
      "shortName": "3ch",
      "channels": [
        "Fog Intensity",
        "Fan",
        "Cooling"
      ]
    }
  ],
  "fixtureKey": "cryofog",
  "manufacturerKey": "look",
  "oflURL": "https://open-fixture-library.org/look/cryofog"
}
