{
  "$schema": "https://raw.githubusercontent.com/OpenLightingProject/open-fixture-library/schema-12.4.1/schemas/fixture.json",
  "name": "Viper NT",
  "categories": ["Smoke"],
  "meta": {
    "authors": ["Flo Edelmann"],
    "createDate": "2018-02-18",
    "lastModifyDate": "2018-08-09"
  },
  "links": {
    "manual": [
      "https://www.looksolutions.com/uploads/pdf/bed_vipernt_1d.pdf"
    ],
    "productPage": [
      "https://www.looksolutions.com/produkte/viper_nt/2.html"
    ],
    "video": [
      "https://www.youtube.com/watch?v=uw4HNAFkKgQ",
      "https://www.youtube.com/watch?v=QYufuVasJWc"
    ]
  },
  "physical": {
    "dimensions": [230, 240, 470],
    "weight": 8.6,
    "power": 1300,
    "DMXconnector": "5-pin"
  },
  "availableChannels": {
    "Pump": {
      "capability": {
        "type": "Fog",
        "fogType": "Fog",
        "fogOutputStart": "off",
        "fogOutputEnd": "strong"
      }
    },
    "Heat": {
      "capability": {
        "type": "Maintenance",
        "comment": "Heat",
        "parameterStart": "low",
        "parameterEnd": "high"
      }
    }
  },
  "modes": [
    {
      "name": "2-channel",
      "shortName": "2ch",
      "channels": [
        "Pump",
        "Heat"
      ]
    }
  ],
  "fixtureKey": "viper-nt",
  "manufacturerKey": "look",
  "oflURL": "https://open-fixture-library.org/look/viper-nt"
}
