{
  "$schema": "https://raw.githubusercontent.com/OpenLightingProject/open-fixture-library/schema-12.4.1/schemas/fixture.json",
  "name": "Twister 4",
  "shortName": "Twister4",
  "categories": ["Flower", "Color Changer"],
  "meta": {
    "authors": ["Flo Edelmann", "Felix Edelmann"],
    "createDate": "2017-01-24",
    "lastModifyDate": "2022-05-03",
    "importPlugin": {
      "plugin": "qlcplus_4.11.2",
      "date": "2017-01-24"
    }
  },
  "links": {
    "manual": [
      "https://www.sabretechnology.co.uk/pdfs/allman2.pdf",
      "https://www.sabretechnology.co.uk/pdfs/hptwis.pdf"
    ],
    "video": [
      "https://www.youtube.com/watch?v=AAx21-IF_zQ"
    ]
  },
  "physical": {
    "dimensions": [200, 200, 400],
    "weight": 5,
    "power": 250,
    "DMXconnector": "3-pin",
    "bulb": {
      "type": "A1/259"
    }
  },
  "wheels": {
    "Color / Gobo Wheel": {
      "slots": [
        {
          "type": "Open"
        },
        {
          "type": "Color",
          "name": "Red [Dot Tunnel]",
          "colors": ["#ff0000"]
        },
        {
          "type": "Color",
          "name": "Blue [Slash]",
          "colors": ["#0000ff"]
        },
        {
          "type": "Color",
          "name": "Green [Segment]",
          "colors": ["#00ff00"]
        },
        {
          "type": "Color",
          "name": "Yellow [Triangle]",
          "colors": ["#ffff00"]
        },
        {
          "type": "Color",
          "name": "Cyan [Tunnel]",
          "colors": ["#00ffff"]
        },
        {
          "type": "Color",
          "name": "Orange [Bubbles]",
          "colors": ["#ff7f00"]
        },
        {
          "type": "Color",
          "name": "Pink [Stars]",
          "colors": ["#ff00ff"]
        },
        {
          "type": "Color",
          "name": "Multicolor [Quadrant]"
        }
      ]
    }
  },
  "availableChannels": {
    "Rotation": {
      "capabilities": [
        {
          "dmxRange": [0, 11],
          "type": "Rotation",
          "speed": "stop"
        },
        {
          "dmxRange": [12, 112],
          "type": "Rotation",
          "speedStart": "fast CW",
          "speedEnd": "slow CW"
        },
        {
          "dmxRange": [113, 140],
          "type": "Rotation",
          "speed": "stop"
        },
        {
          "dmxRange": [141, 244],
          "type": "Rotation",
          "speedStart": "slow CCW",
          "speedEnd": "fast CCW"
        },
        {
          "dmxRange": [245, 255],
          "type": "Rotation",
          "speed": "stop"
        }
      ]
    },
    "Color / Gobo Wheel": {
      "capabilities": [
        {
          "dmxRange": [0, 9],
          "type": "ShutterStrobe",
          "shutterEffect": "Closed",
          "menuClick": "start"
        },
        {
          "dmxRange": [10, 25],
          "type": "WheelSlot",
          "slotNumber": 1
        },
        {
          "dmxRange": [26, 42],
          "type": "WheelSlot",
          "slotNumber": 2
        },
        {
          "dmxRange": [43, 58],
          "type": "WheelSlot",
          "slotNumber": 3
        },
        {
          "dmxRange": [59, 74],
          "type": "WheelSlot",
          "slotNumber": 4
        },
        {
          "dmxRange": [75, 90],
          "type": "WheelSlot",
          "slotNumber": 5
        },
        {
          "dmxRange": [91, 107],
          "type": "WheelSlot",
          "slotNumber": 6
        },
        {
          "dmxRange": [108, 123],
          "type": "WheelSlot",
          "slotNumber": 7
        },
        {
          "dmxRange": [124, 139],
          "type": "WheelSlot",
          "slotNumber": 8
        },
        {
          "dmxRange": [140, 155],
          "type": "WheelSlot",
          "slotNumber": 9
        },
        {
          "dmxRange": [156, 172],
          "type": "WheelSlot",
          "slotNumber": 7
        },
        {
          "dmxRange": [173, 188],
          "type": "WheelSlot",
          "slotNumber": 6
        },
        {
          "dmxRange": [189, 220],
          "type": "WheelSlot",
          "slotNumber": 5
        },
        {
          "dmxRange": [221, 237],
          "type": "WheelSlot",
          "slotNumber": 3
        },
        {
          "dmxRange": [238, 253],
          "type": "ShutterStrobe",
          "shutterEffect": "Strobe",
          "speed": "slow",
          "menuClick": "start"
        },
        {
          "dmxRange": [254, 255],
          "type": "ShutterStrobe",
          "shutterEffect": "Strobe",
          "speed": "fast",
          "menuClick": "start"
        }
      ]
    },
    "Shutter": {
      "capabilities": [
        {
          "dmxRange": [0, 23],
          "type": "ShutterStrobe",
          "shutterEffect": "Closed"
        },
        {
          "dmxRange": [24, 225],
          "type": "ShutterStrobe",
          "shutterEffect": "Open"
        },
        {
          "dmxRange": [226, 255],
          "type": "ShutterStrobe",
          "shutterEffect": "Strobe",
          "speedStart": "slow",
          "speedEnd": "fast"
        }
      ]
    }
  },
  "modes": [
    {
      "name": "1 CE (2ch)",
      "shortName": "1CE-2ch",
      "channels": [
        "Rotation",
        "Color / Gobo Wheel"
      ]
    },
    {
      "name": "HP (3ch)",
      "shortName": "HP-3ch",
      "channels": [
        "Rotation",
        "Color / Gobo Wheel",
        "Shutter"
      ]
    }
  ],
  "fixtureKey": "twister-4",
  "manufacturerKey": "abstract",
  "oflURL": "https://open-fixture-library.org/abstract/twister-4"
}
