{
  "$schema": "https://raw.githubusercontent.com/OpenLightingProject/open-fixture-library/schema-12.4.1/schemas/fixture.json",
  "name": "Rogue R2 Wash",
  "categories": ["Moving Head", "Color Changer"],
  "meta": {
    "authors": ["Flo Edelmann", "Ken Harris"],
    "createDate": "2018-12-10",
    "lastModifyDate": "2022-03-18"
  },
  "links": {
    "manual": [
      "https://www.chauvetprofessional.com/wp-content/uploads/2015/06/ROGUE_R2_Wash_UM_Rev4_WO2.pdf"
    ],
    "productPage": [
      "https://www.chauvetprofessional.com/products/rogue-r2-wash/"
    ],
    "video": [
      "https://www.youtube.com/watch?v=YWUMAocTR_w"
    ]
  },
  "physical": {
    "dimensions": [306, 398, 218],
    "weight": 9.25,
    "power": 339,
    "DMXconnector": "3-pin and 5-pin",
    "bulb": {
      "type": "19× 15W LED",
      "lumens": 8500
    },
    "lens": {
      "degreesMinMax": [8, 30]
    }
  },
  "matrix": {
    "pixelKeys": [
      [
        [
          null,
          null,
          null,
          "1c",
          null,
          "1d",
          null,
          null,
          null
        ],
        [
          null,
          "1b",
          null,
          null,
          null,
          null,
          null,
          "1e",
          null
        ],
        [
          null,
          null,
          null,
          null,
          "2b",
          null,
          null,
          null,
          null
        ],
        [
          "1a",
          null,
          "2a",
          null,
          null,
          null,
          "2c",
          null,
          "1f"
        ],
        [
          null,
          null,
          null,
          null,
          "3",
          null,
          null,
          null,
          null
        ],
        [
          "5a",
          null,
          "4a",
          null,
          null,
          null,
          "4c",
          null,
          "5f"
        ],
        [
          null,
          null,
          null,
          null,
          "4b",
          null,
          null,
          null,
          null
        ],
        [
          null,
          "5b",
          null,
          null,
          null,
          null,
          null,
          "5e",
          null
        ],
        [
          null,
          null,
          null,
          "5c",
          null,
          "5d",
          null,
          null,
          null
        ]
      ]
    ],
    "pixelGroups": {
      "Zone 1": [
        "1a",
        "1b",
        "1c",
        "1d",
        "1e",
        "1f"
      ],
      "Zone 2": [
        "2a",
        "2b",
        "2c"
      ],
      "Zone 3": [
        "3"
      ],
      "Zone 4": [
        "4a",
        "4b",
        "4c"
      ],
      "Zone 5": [
        "5a",
        "5b",
        "5c",
        "5d",
        "5e",
        "5f"
      ],
      "Master": "all"
    }
  },
  "availableChannels": {
    "Pan": {
      "fineChannelAliases": ["Pan fine"],
      "defaultValue": "50%",
      "capability": {
        "type": "Pan",
        "angleStart": "0deg",
        "angleEnd": "540deg"
      }
    },
    "Tilt": {
      "fineChannelAliases": ["Tilt fine"],
      "defaultValue": "50%",
      "capability": {
        "type": "Tilt",
        "angleStart": "0deg",
        "angleEnd": "230deg"
      }
    },
    "Pan/Tilt Speed": {
      "capability": {
        "type": "PanTiltSpeed",
        "speedStart": "slow",
        "speedEnd": "fast"
      }
    },
    "Dimmer": {
      "fineChannelAliases": ["Dimmer fine"],
      "capability": {
        "type": "Intensity"
      }
    },
    "Shutter": {
      "capabilities": [
        {
          "dmxRange": [0, 19],
          "type": "ShutterStrobe",
          "shutterEffect": "Closed"
        },
        {
          "dmxRange": [20, 24],
          "type": "ShutterStrobe",
          "shutterEffect": "Open"
        },
        {
          "dmxRange": [25, 64],
          "type": "ShutterStrobe",
          "shutterEffect": "Strobe",
          "speedStart": "20Hz",
          "speedEnd": "0Hz"
        },
        {
          "dmxRange": [65, 69],
          "type": "ShutterStrobe",
          "shutterEffect": "Open"
        },
        {
          "dmxRange": [70, 84],
          "type": "ShutterStrobe",
          "shutterEffect": "RampDown"
        },
        {
          "dmxRange": [85, 89],
          "type": "ShutterStrobe",
          "shutterEffect": "Open"
        },
        {
          "dmxRange": [90, 104],
          "type": "ShutterStrobe",
          "shutterEffect": "RampUp"
        },
        {
          "dmxRange": [105, 109],
          "type": "ShutterStrobe",
          "shutterEffect": "Open"
        },
        {
          "dmxRange": [110, 124],
          "type": "ShutterStrobe",
          "shutterEffect": "Strobe",
          "randomTiming": true
        },
        {
          "dmxRange": [125, 129],
          "type": "ShutterStrobe",
          "shutterEffect": "Open"
        },
        {
          "dmxRange": [130, 144],
          "type": "ShutterStrobe",
          "shutterEffect": "RampDown",
          "randomTiming": true
        },
        {
          "dmxRange": [145, 149],
          "type": "ShutterStrobe",
          "shutterEffect": "Open"
        },
        {
          "dmxRange": [150, 164],
          "type": "ShutterStrobe",
          "shutterEffect": "RampUp",
          "randomTiming": true
        },
        {
          "dmxRange": [165, 169],
          "type": "ShutterStrobe",
          "shutterEffect": "Open"
        },
        {
          "dmxRange": [170, 184],
          "type": "ShutterStrobe",
          "shutterEffect": "Pulse"
        },
        {
          "dmxRange": [185, 189],
          "type": "ShutterStrobe",
          "shutterEffect": "Open"
        },
        {
          "dmxRange": [190, 204],
          "type": "ShutterStrobe",
          "shutterEffect": "Pulse",
          "randomTiming": true
        },
        {
          "dmxRange": [205, 209],
          "type": "ShutterStrobe",
          "shutterEffect": "Open"
        },
        {
          "dmxRange": [210, 224],
          "type": "ShutterStrobe",
          "shutterEffect": "RampUpDown"
        },
        {
          "dmxRange": [225, 229],
          "type": "ShutterStrobe",
          "shutterEffect": "Open"
        },
        {
          "dmxRange": [230, 244],
          "type": "ShutterStrobe",
          "shutterEffect": "Pulse"
        },
        {
          "dmxRange": [245, 255],
          "type": "ShutterStrobe",
          "shutterEffect": "Open"
        }
      ]
    },
    "Color": {
      "capabilities": [
        {
          "dmxRange": [0, 4],
          "type": "NoFunction"
        },
        {
          "dmxRange": [5, 9],
          "type": "ColorPreset",
          "colors": ["#ffffff"],
          "comment": "Color 1 = White",
          "helpWanted": "Are these the correct colors?"
        },
        {
          "dmxRange": [10, 14],
          "type": "ColorPreset",
          "colors": ["#ffeb34"],
          "comment": "Color 2"
        },
        {
          "dmxRange": [15, 19],
          "type": "ColorPreset",
          "colors": ["#d68630"],
          "comment": "Color 3"
        },
        {
          "dmxRange": [20, 24],
          "type": "ColorPreset",
          "colors": ["#ff002c"],
          "comment": "Color 4"
        },
        {
          "dmxRange": [25, 29],
          "type": "ColorPreset",
          "colors": ["#ff3b71"],
          "comment": "Color 5"
        },
        {
          "dmxRange": [30, 34],
          "type": "ColorPreset",
          "colors": ["#ff8adb"],
          "comment": "Color 6"
        },
        {
          "dmxRange": [35, 39],
          "type": "ColorPreset",
          "colors": ["#e2afe2"],
          "comment": "Color 7"
        },
        {
          "dmxRange": [40, 44],
          "type": "ColorPreset",
          "colors": ["#2801ff"],
          "comment": "Color 8"
        },
        {
          "dmxRange": [45, 49],
          "type": "ColorPreset",
          "colors": ["#0000ff"],
          "comment": "Color 9"
        },
        {
          "dmxRange": [50, 54],
          "type": "ColorPreset",
          "colors": ["#004eff"],
          "comment": "Color 10"
        },
        {
          "dmxRange": [55, 59],
          "type": "ColorPreset",
          "colors": ["#00c7ff"],
          "comment": "Color 11"
        },
        {
          "dmxRange": [60, 64],
          "type": "ColorPreset",
          "colors": ["#00ffea"],
          "comment": "Color 12"
        },
        {
          "dmxRange": [65, 69],
          "type": "ColorPreset",
          "colors": ["#95f6ff"],
          "comment": "Color 13"
        },
        {
          "dmxRange": [70, 74],
          "type": "ColorPreset",
          "colors": ["#89ffe3"],
          "comment": "Color 14"
        },
        {
          "dmxRange": [75, 79],
          "type": "ColorPreset",
          "colors": ["#d5dcde"],
          "comment": "Color 15"
        },
        {
          "dmxRange": [80, 84],
          "type": "ColorPreset",
          "colors": ["#dbe8af"],
          "comment": "Color 16"
        },
        {
          "dmxRange": [85, 89],
          "type": "ColorPreset",
          "colors": ["#cdffc7"],
          "comment": "Color 17"
        },
        {
          "dmxRange": [90, 94],
          "type": "ColorPreset",
          "colors": ["#73ffa5"],
          "comment": "Color 18"
        },
        {
          "dmxRange": [95, 99],
          "type": "ColorPreset",
          "colors": ["#06ff8f"],
          "comment": "Color 19"
        },
        {
          "dmxRange": [100, 104],
          "type": "ColorPreset",
          "colors": ["#00ff5e"],
          "comment": "Color 20"
        },
        {
          "dmxRange": [105, 109],
          "type": "ColorPreset",
          "colors": ["#1dff00"],
          "comment": "Color 21"
        },
        {
          "dmxRange": [110, 114],
          "type": "ColorPreset",
          "colors": ["#20df00"],
          "comment": "Color 22"
        },
        {
          "dmxRange": [115, 119],
          "type": "ColorPreset",
          "colors": ["#4bff00"],
          "comment": "Color 23"
        },
        {
          "dmxRange": [120, 124],
          "type": "ColorPreset",
          "colors": ["#50e800"],
          "comment": "Color 24"
        },
        {
          "dmxRange": [125, 129],
          "type": "ColorPreset",
          "colors": ["#6ce200"],
          "comment": "Color 25"
        },
        {
          "dmxRange": [130, 134],
          "type": "ColorPreset",
          "colors": ["#91c200"],
          "comment": "Color 26"
        },
        {
          "dmxRange": [135, 139],
          "type": "ColorPreset",
          "colors": ["#d2ff00"],
          "comment": "Color 27"
        },
        {
          "dmxRange": [140, 144],
          "type": "ColorPreset",
          "colors": ["#e1e800"],
          "comment": "Color 28"
        },
        {
          "dmxRange": [145, 149],
          "type": "ColorPreset",
          "colors": ["#17d700"],
          "comment": "Color 29"
        },
        {
          "dmxRange": [150, 154],
          "type": "ColorPreset",
          "colors": ["#f7d600"],
          "comment": "Color 30"
        },
        {
          "dmxRange": [155, 159],
          "type": "ColorPreset",
          "colors": ["#ffa300"],
          "comment": "Color 31"
        },
        {
          "dmxRange": [160, 164],
          "type": "ColorPreset",
          "colors": ["#ff9800"],
          "comment": "Color 32"
        },
        {
          "dmxRange": [165, 169],
          "type": "ColorPreset",
          "colors": ["#ff6c00"],
          "comment": "Color 33"
        },
        {
          "dmxRange": [170, 174],
          "type": "ColorPreset",
          "colors": ["#ffffff"],
          "comment": "Color 34 = Full White"
        },
        {
          "dmxRange": [175, 179],
          "type": "ColorPreset",
          "comment": "Closed",
          "colors": ["#000000"]
        },
        {
          "dmxRange": [180, 201],
          "type": "Effect",
          "effectPreset": "ColorFade",
          "speedStart": "fast",
          "speedEnd": "slow"
        },
        {
          "dmxRange": [202, 207],
          "type": "Effect",
          "effectPreset": "ColorFade",
          "speed": "stop"
        },
        {
          "dmxRange": [208, 229],
          "type": "Effect",
          "effectPreset": "ColorFade",
          "speedStart": "slow reverse",
          "speedEnd": "fast reverse"
        },
        {
          "dmxRange": [230, 234],
          "type": "ColorPreset",
          "comment": "Closed",
          "colors": ["#000000"]
        },
        {
          "dmxRange": [235, 249],
          "type": "Effect",
          "effectPreset": "ColorFade"
        },
        {
          "dmxRange": [250, 255],
          "type": "ColorPreset",
          "comment": "Closed",
          "colors": ["#000000"]
        }
      ]
    },
    "Zone Selection": {
      "capabilities": [
        {
          "dmxRange": [0, 7],
          "type": "Maintenance",
          "comment": "Zone 1, 2, 3, 4, 5"
        },
        {
          "dmxRange": [8, 15],
          "type": "Maintenance",
          "comment": "Zone 2, 3, 4, 5"
        },
        {
          "dmxRange": [16, 23],
          "type": "Maintenance",
          "comment": "Zone 3, 4, 5"
        },
        {
          "dmxRange": [24, 31],
          "type": "Maintenance",
          "comment": "Zone 4, 5"
        },
        {
          "dmxRange": [32, 39],
          "type": "Maintenance",
          "comment": "Zone 5"
        },
        {
          "dmxRange": [40, 47],
          "type": "NoFunction"
        },
        {
          "dmxRange": [48, 55],
          "type": "Maintenance",
          "comment": "Zone 1"
        },
        {
          "dmxRange": [56, 63],
          "type": "Maintenance",
          "comment": "Zone 1, 2"
        },
        {
          "dmxRange": [64, 71],
          "type": "Maintenance",
          "comment": "Zone 1, 2, 3"
        },
        {
          "dmxRange": [72, 79],
          "type": "Maintenance",
          "comment": "Zone 1, 2, 3, 4"
        },
        {
          "dmxRange": [80, 87],
          "type": "Maintenance",
          "comment": "Zone 1, 2, 3, 4, 5"
        },
        {
          "dmxRange": [88, 95],
          "type": "Maintenance",
          "comment": "Zone 1"
        },
        {
          "dmxRange": [96, 103],
          "type": "Maintenance",
          "comment": "Zone 2"
        },
        {
          "dmxRange": [104, 111],
          "type": "Maintenance",
          "comment": "Zone 3"
        },
        {
          "dmxRange": [112, 119],
          "type": "Maintenance",
          "comment": "Zone 4"
        },
        {
          "dmxRange": [120, 127],
          "type": "Maintenance",
          "comment": "Zone 5"
        },
        {
          "dmxRange": [128, 135],
          "type": "Maintenance",
          "comment": "Zone 1, 2"
        },
        {
          "dmxRange": [136, 143],
          "type": "Maintenance",
          "comment": "Zone 2, 3"
        },
        {
          "dmxRange": [144, 151],
          "type": "Maintenance",
          "comment": "Zone 3, 4"
        },
        {
          "dmxRange": [152, 159],
          "type": "Maintenance",
          "comment": "Zone 4, 5"
        },
        {
          "dmxRange": [160, 167],
          "type": "Maintenance",
          "comment": "Zone 1, 5"
        },
        {
          "dmxRange": [168, 175],
          "type": "Maintenance",
          "comment": "Zone 1, 2, 3"
        },
        {
          "dmxRange": [176, 183],
          "type": "Maintenance",
          "comment": "Zone 2, 3, 4"
        },
        {
          "dmxRange": [184, 191],
          "type": "Maintenance",
          "comment": "Zone 3, 4, 5"
        },
        {
          "dmxRange": [192, 199],
          "type": "Maintenance",
          "comment": "Zone 1, 4, 5"
        },
        {
          "dmxRange": [200, 207],
          "type": "Maintenance",
          "comment": "Zone 1, 2, 5"
        },
        {
          "dmxRange": [208, 215],
          "type": "Maintenance",
          "comment": "Zone 1, 2, 3, 4"
        },
        {
          "dmxRange": [216, 223],
          "type": "Maintenance",
          "comment": "Zone 2, 3, 4, 5"
        },
        {
          "dmxRange": [224, 231],
          "type": "Maintenance",
          "comment": "Zone 1, 3, 4, 5"
        },
        {
          "dmxRange": [232, 239],
          "type": "Maintenance",
          "comment": "Zone 1, 2, 4, 5"
        },
        {
          "dmxRange": [240, 247],
          "type": "Maintenance",
          "comment": "Zone 1, 2, 3, 5"
        },
        {
          "dmxRange": [248, 255],
          "type": "Maintenance",
          "comment": "Zone 1, 2, 3, 4, 5"
        }
      ]
    },
    "Programs": {
      "capabilities": [
        {
          "dmxRange": [0, 15],
          "type": "NoFunction"
        },
        {
          "dmxRange": [16, 20],
          "type": "Effect",
          "effectName": "Ring macro 1"
        },
        {
          "dmxRange": [21, 25],
          "type": "Effect",
          "effectName": "Ring macro 2"
        },
        {
          "dmxRange": [26, 30],
          "type": "Effect",
          "effectName": "Ring macro 3"
        },
        {
          "dmxRange": [31, 35],
          "type": "Effect",
          "effectName": "Ring macro 4"
        },
        {
          "dmxRange": [36, 40],
          "type": "Effect",
          "effectName": "Ring macro 5"
        },
        {
          "dmxRange": [41, 45],
          "type": "Effect",
          "effectName": "Ring macro 6"
        },
        {
          "dmxRange": [46, 50],
          "type": "Effect",
          "effectName": "Ring macro 7"
        },
        {
          "dmxRange": [51, 55],
          "type": "Effect",
          "effectName": "Ring macro 8"
        },
        {
          "dmxRange": [56, 60],
          "type": "Effect",
          "effectName": "Ring macro 9"
        },
        {
          "dmxRange": [61, 65],
          "type": "Effect",
          "effectName": "Ring macro 10"
        },
        {
          "dmxRange": [66, 70],
          "type": "Effect",
          "effectName": "Ring macro 11"
        },
        {
          "dmxRange": [71, 75],
          "type": "Effect",
          "effectName": "Ring macro 12"
        },
        {
          "dmxRange": [76, 80],
          "type": "Effect",
          "effectName": "Ring macro 13"
        },
        {
          "dmxRange": [81, 85],
          "type": "Effect",
          "effectName": "Ring macro 14"
        },
        {
          "dmxRange": [86, 90],
          "type": "Effect",
          "effectName": "Ring macro 15"
        },
        {
          "dmxRange": [91, 95],
          "type": "Effect",
          "effectName": "Ring macro 16"
        },
        {
          "dmxRange": [96, 100],
          "type": "Effect",
          "effectName": "Ring macro 17"
        },
        {
          "dmxRange": [101, 105],
          "type": "Effect",
          "effectName": "Ring macro 18"
        },
        {
          "dmxRange": [106, 110],
          "type": "Effect",
          "effectName": "Ring macro 19"
        },
        {
          "dmxRange": [111, 115],
          "type": "Effect",
          "effectName": "Ring macro 20"
        },
        {
          "dmxRange": [116, 120],
          "type": "Effect",
          "effectName": "Ring macro 21"
        },
        {
          "dmxRange": [121, 125],
          "type": "Effect",
          "effectName": "Ring macro 22"
        },
        {
          "dmxRange": [126, 130],
          "type": "Effect",
          "effectName": "Ring macro 23"
        },
        {
          "dmxRange": [131, 135],
          "type": "Effect",
          "effectName": "Ring macro 24"
        },
        {
          "dmxRange": [136, 140],
          "type": "Effect",
          "effectName": "Color ring macro 1"
        },
        {
          "dmxRange": [141, 145],
          "type": "Effect",
          "effectName": "Color ring macro 2"
        },
        {
          "dmxRange": [146, 150],
          "type": "Effect",
          "effectName": "Color ring macro 3"
        },
        {
          "dmxRange": [151, 155],
          "type": "Effect",
          "effectName": "Color ring macro 4"
        },
        {
          "dmxRange": [156, 160],
          "type": "Effect",
          "effectName": "Color ring macro 5"
        },
        {
          "dmxRange": [161, 165],
          "type": "Effect",
          "effectName": "Color ring macro 6"
        },
        {
          "dmxRange": [166, 170],
          "type": "Effect",
          "effectName": "Color ring macro 7"
        },
        {
          "dmxRange": [171, 175],
          "type": "Effect",
          "effectName": "Color ring macro 8"
        },
        {
          "dmxRange": [176, 180],
          "type": "Effect",
          "effectName": "Color ring macro 9"
        },
        {
          "dmxRange": [181, 185],
          "type": "Effect",
          "effectName": "Color ring macro 10"
        },
        {
          "dmxRange": [186, 190],
          "type": "Effect",
          "effectName": "Color ring macro 11"
        },
        {
          "dmxRange": [191, 195],
          "type": "Effect",
          "effectName": "Color ring macro 12"
        },
        {
          "dmxRange": [196, 200],
          "type": "Effect",
          "effectName": "Color ring macro 13"
        },
        {
          "dmxRange": [201, 205],
          "type": "Effect",
          "effectName": "Color ring macro 14"
        },
        {
          "dmxRange": [206, 210],
          "type": "Effect",
          "effectName": "Color ring macro 15"
        },
        {
          "dmxRange": [211, 215],
          "type": "Effect",
          "effectName": "Color ring macro 16"
        },
        {
          "dmxRange": [216, 220],
          "type": "Effect",
          "effectName": "Color ring macro 17"
        },
        {
          "dmxRange": [221, 225],
          "type": "Effect",
          "effectName": "Color ring macro 18"
        },
        {
          "dmxRange": [226, 230],
          "type": "Effect",
          "effectName": "Color ring macro 19"
        },
        {
          "dmxRange": [231, 235],
          "type": "Effect",
          "effectName": "Color ring macro 20"
        },
        {
          "dmxRange": [236, 240],
          "type": "Effect",
          "effectName": "Color ring macro 21"
        },
        {
          "dmxRange": [241, 245],
          "type": "Effect",
          "effectName": "Color ring macro 22"
        },
        {
          "dmxRange": [246, 250],
          "type": "Effect",
          "effectName": "Color ring macro 23"
        },
        {
          "dmxRange": [251, 255],
          "type": "Effect",
          "effectName": "Color ring macro 24"
        }
      ]
    },
    "Program Speed": {
      "capability": {
        "type": "EffectSpeed",
        "speedStart": "slow",
        "speedEnd": "fast"
      }
    },
    "Movement Macros": {
      "capabilities": [
        {
          "dmxRange": [0, 7],
          "type": "NoFunction"
        },
        {
          "dmxRange": [8, 23],
          "type": "Effect",
          "effectName": "Effect 1"
        },
        {
          "dmxRange": [24, 39],
          "type": "Effect",
          "effectName": "Effect 2"
        },
        {
          "dmxRange": [40, 55],
          "type": "Effect",
          "effectName": "Effect 3"
        },
        {
          "dmxRange": [56, 71],
          "type": "Effect",
          "effectName": "Effect 4"
        },
        {
          "dmxRange": [72, 87],
          "type": "Effect",
          "effectName": "Effect 5"
        },
        {
          "dmxRange": [88, 103],
          "type": "Effect",
          "effectName": "Effect 6"
        },
        {
          "dmxRange": [104, 119],
          "type": "Effect",
          "effectName": "Effect 7"
        },
        {
          "dmxRange": [120, 135],
          "type": "Effect",
          "effectName": "Effect 8"
        },
        {
          "dmxRange": [136, 151],
          "type": "Effect",
          "effectName": "Effect 9"
        },
        {
          "dmxRange": [152, 167],
          "type": "Effect",
          "effectName": "Effect 10"
        },
        {
          "dmxRange": [168, 183],
          "type": "Effect",
          "effectName": "Effect 11"
        },
        {
          "dmxRange": [184, 199],
          "type": "Effect",
          "effectName": "Effect 12"
        },
        {
          "dmxRange": [200, 215],
          "type": "Effect",
          "effectName": "Effect 13"
        },
        {
          "dmxRange": [216, 231],
          "type": "Effect",
          "effectName": "Effect 14"
        },
        {
          "dmxRange": [232, 247],
          "type": "Effect",
          "effectName": "Effect 15"
        },
        {
          "dmxRange": [248, 255],
          "type": "Effect",
          "effectName": "Effect 16"
        }
      ]
    },
    "Movement Macro Speed": {
      "capability": {
        "type": "EffectSpeed",
        "speedStart": "slow",
        "speedEnd": "fast"
      }
    },
    "Zoom": {
      "capability": {
        "type": "Zoom",
        "angleStart": "12deg",
        "angleEnd": "49deg"
      }
    },
    "Control": {
      "capabilities": [
        {
          "dmxRange": [0, 9],
          "type": "NoFunction"
        },
        {
          "dmxRange": [10, 14],
          "type": "Maintenance",
          "comment": "Blackout during pan/tilt"
        },
        {
          "dmxRange": [15, 19],
          "type": "NoFunction"
        },
        {
          "dmxRange": [20, 24],
          "type": "NoFunction"
        },
        {
          "dmxRange": [25, 29],
          "type": "NoFunction"
        },
        {
          "dmxRange": [30, 34],
          "type": "NoFunction"
        },
        {
          "dmxRange": [35, 39],
          "type": "NoFunction"
        },
        {
          "dmxRange": [40, 44],
          "type": "NoFunction"
        },
        {
          "dmxRange": [45, 49],
          "type": "NoFunction"
        },
        {
          "dmxRange": [50, 54],
          "type": "Maintenance",
          "hold": "5s",
          "comment": "Pan reset"
        },
        {
          "dmxRange": [55, 59],
          "type": "Maintenance",
          "hold": "5s",
          "comment": "Tilt reset"
        },
        {
          "dmxRange": [60, 64],
          "type": "Maintenance",
          "hold": "5s",
          "comment": "Zoom reset"
        },
        {
          "dmxRange": [65, 69],
          "type": "NoFunction"
        },
        {
          "dmxRange": [70, 74],
          "type": "Maintenance",
          "hold": "5s",
          "comment": "All reset"
        },
        {
          "dmxRange": [75, 79],
          "type": "NoFunction"
        },
        {
          "dmxRange": [80, 84],
          "type": "Maintenance",
          "hold": "5s",
          "comment": "Pan/Tilt movement reverse"
        },
        {
          "dmxRange": [85, 89],
          "type": "Maintenance",
          "hold": "5s",
          "comment": "Pan movement reverse"
        },
        {
          "dmxRange": [90, 94],
          "type": "Maintenance",
          "hold": "5s",
          "comment": "Tilt movement reverse"
        },
        {
          "dmxRange": [95, 99],
          "type": "Maintenance",
          "hold": "5s",
          "comment": "Disable Pan movement reverse"
        },
        {
          "dmxRange": [100, 104],
          "type": "Maintenance",
          "hold": "5s",
          "comment": "Disable Tilt movement reverse"
        },
        {
          "dmxRange": [105, 109],
          "type": "Maintenance",
          "hold": "5s",
          "comment": "Disable Pan/Tilt movement reverse"
        },
        {
          "dmxRange": [110, 114],
          "type": "NoFunction"
        },
        {
          "dmxRange": [115, 119],
          "type": "NoFunction"
        },
        {
          "dmxRange": [120, 124],
          "type": "Maintenance",
          "hold": "5s",
          "comment": "Eco fan"
        },
        {
          "dmxRange": [125, 129],
          "type": "Maintenance",
          "hold": "5s",
          "comment": "Full fan"
        },
        {
          "dmxRange": [130, 134],
          "type": "Maintenance",
          "hold": "5s",
          "comment": "Auto fan"
        },
        {
          "dmxRange": [135, 139],
          "type": "Maintenance",
          "hold": "5s",
          "comment": "Fast dimmer curve"
        },
        {
          "dmxRange": [140, 144],
          "type": "Maintenance",
          "hold": "5s",
          "comment": "Smooth dimmer curve"
        },
        {
          "dmxRange": [145, 255],
          "type": "NoFunction"
        }
      ]
    }
  },
  "templateChannels": {
    "Red $pixelKey": {
      "fineChannelAliases": ["Red $pixelKey fine"],
      "capability": {
        "type": "ColorIntensity",
        "color": "Red"
      }
    },
    "Green $pixelKey": {
      "fineChannelAliases": ["Green $pixelKey fine"],
      "capability": {
        "type": "ColorIntensity",
        "color": "Green"
      }
    },
    "Blue $pixelKey": {
      "fineChannelAliases": ["Blue $pixelKey fine"],
      "capability": {
        "type": "ColorIntensity",
        "color": "Blue"
      }
    },
    "White $pixelKey": {
      "fineChannelAliases": ["White $pixelKey fine"],
      "capability": {
        "type": "ColorIntensity",
        "color": "White"
      }
    }
  },
  "modes": [
    {
      "name": "56-channel",
      "shortName": "56ch",
      "channels": [
        "Pan",
        "Pan fine",
        "Tilt",
        "Tilt fine",
        "Pan/Tilt Speed",
        "Dimmer",
        "Dimmer fine",
        "Shutter",
        {
          "insert": "matrixChannels",
          "repeatFor": [
            "Zone 1",
            "Zone 2",
            "Zone 3",
            "Zone 4",
            "Zone 5"
          ],
          "channelOrder": "perPixel",
          "templateChannels": [
            "Red $pixelKey",
            "Red $pixelKey fine",
            "Green $pixelKey",
            "Green $pixelKey fine",
            "Blue $pixelKey",
            "Blue $pixelKey fine",
            "White $pixelKey",
            "White $pixelKey fine"
          ]
        },
        "Color",
        "Zone Selection",
        "Programs",
        "Program Speed",
        "Movement Macros",
        "Movement Macro Speed",
        "Zoom",
        "Control"
      ]
    },
    {
      "name": "54-channel",
      "shortName": "54ch",
      "channels": [
        "Pan",
        "Pan fine",
        "Tilt",
        "Tilt fine",
        "Pan/Tilt Speed",
        "Dimmer",
        "Dimmer fine",
        "Shutter",
        {
          "insert": "matrixChannels",
          "repeatFor": [
            "Zone 1",
            "Zone 2",
            "Zone 3",
            "Zone 4",
            "Zone 5"
          ],
          "channelOrder": "perPixel",
          "templateChannels": [
            "Red $pixelKey",
            "Red $pixelKey fine",
            "Green $pixelKey",
            "Green $pixelKey fine",
            "Blue $pixelKey",
            "Blue $pixelKey fine",
            "White $pixelKey",
            "White $pixelKey fine"
          ]
        },
        "Color",
        "Zone Selection",
        "Programs",
        "Program Speed",
        "Zoom",
        "Control"
      ]
    },
    {
      "name": "54-channel MS",
      "shortName": "54ch-MS",
      "channels": [
        "Pan",
        "Pan fine",
        "Tilt",
        "Tilt fine",
        "Pan/Tilt Speed",
        "Dimmer",
        "Dimmer fine",
        "Shutter",
        "Color",
        "Zone Selection",
        "Programs",
        "Program Speed",
        "Zoom",
        "Control",
        {
          "insert": "matrixChannels",
          "repeatFor": [
            "Zone 1",
            "Zone 2",
            "Zone 3",
            "Zone 4",
            "Zone 5"
          ],
          "channelOrder": "perPixel",
          "templateChannels": [
            "Red $pixelKey",
            "Red $pixelKey fine",
            "Green $pixelKey",
            "Green $pixelKey fine",
            "Blue $pixelKey",
            "Blue $pixelKey fine",
            "White $pixelKey",
            "White $pixelKey fine"
          ]
        }
      ]
    },
    {
      "name": "33-channel",
      "shortName": "33ch",
      "channels": [
        "Pan",
        "Pan fine",
        "Tilt",
        "Tilt fine",
        "Pan/Tilt Speed",
        "Dimmer",
        "Shutter",
        {
          "insert": "matrixChannels",
          "repeatFor": [
            "Zone 1",
            "Zone 2",
            "Zone 3",
            "Zone 4",
            "Zone 5"
          ],
          "channelOrder": "perPixel",
          "templateChannels": [
            "Red $pixelKey",
            "Green $pixelKey",
            "Blue $pixelKey",
            "White $pixelKey"
          ]
        },
        "Color",
        "Zone Selection",
        "Programs",
        "Program Speed",
        "Zoom",
        "Control"
      ]
    },
    {
      "name": "33-channel MS",
      "shortName": "33ch-MS",
      "channels": [
        "Pan",
        "Pan fine",
        "Tilt",
        "Tilt fine",
        "Pan/Tilt Speed",
        "Dimmer",
        "Shutter",
        "Color",
        "Zone Selection",
        "Programs",
        "Program Speed",
        "Zoom",
        "Control",
        {
          "insert": "matrixChannels",
          "repeatFor": [
            "Zone 1",
            "Zone 2",
            "Zone 3",
            "Zone 4",
            "Zone 5"
          ],
          "channelOrder": "perPixel",
          "templateChannels": [
            "Red $pixelKey",
            "Green $pixelKey",
            "Blue $pixelKey",
            "White $pixelKey"
          ]
        }
      ]
    },
    {
      "name": "22-channel",
      "shortName": "22ch",
      "channels": [
        "Pan",
        "Pan fine",
        "Tilt",
        "Tilt fine",
        "Pan/Tilt Speed",
        "Dimmer",
        "Dimmer fine",
        "Shutter",
        "Red Master",
        "Red Master fine",
        "Green Master",
        "Green Master fine",
        "Blue Master",
        "Blue Master fine",
        "White Master",
        "White Master fine",
        "Color",
        "Zone Selection",
        "Programs",
        "Program Speed",
        "Zoom",
        "Control"
      ]
    },
    {
      "name": "17-channel",
      "shortName": "17ch",
      "channels": [
        "Pan",
        "Pan fine",
        "Tilt",
        "Tilt fine",
        "Pan/Tilt Speed",
        "Dimmer",
        "Shutter",
        "Red Master",
        "Green Master",
        "Blue Master",
        "White Master",
        "Color",
        "Zone Selection",
        "Programs",
        "Program Speed",
        "Zoom",
        "Control"
      ]
    },
    {
      "name": "15-channel",
      "shortName": "15ch",
      "channels": [
        "Pan",
        "Pan fine",
        "Tilt",
        "Tilt fine",
        "Pan/Tilt Speed",
        "Dimmer",
        "Dimmer fine",
        "Shutter",
        "Red Master",
        "Green Master",
        "Blue Master",
        "White Master",
        "Color",
        "Zoom",
        "Control"
      ]
    }
  ],
  "fixtureKey": "rogue-r2-wash",
  "manufacturerKey": "chauvet-professional",
  "oflURL": "https://open-fixture-library.org/chauvet-professional/rogue-r2-wash"
}
