{
  "$schema": "https://raw.githubusercontent.com/OpenLightingProject/open-fixture-library/schema-12.4.1/schemas/fixture.json",
  "name": "Spotbot LED CMY 300",
  "categories": ["Moving Head", "Color Changer"],
  "meta": {
    "authors": ["Ryan Goodwin"],
    "createDate": "2023-10-22",
    "lastModifyDate": "2023-10-22"
  },
  "links": {
    "manual": [
      "https://mega.lighting/wp-content/uploads/2021/02/Spotbot-Manual-V4.pdf"
    ],
    "productPage": [
      "https://mega.lighting/product/spotbot-led-cym-300/"
    ],
    "video": [
      "https://www.youtube.com/watch?v=S9lRFpqDkUM"
    ]
  },
  "physical": {
    "dimensions": [431.8, 685.8, 260.35],
    "weight": 23.2,
    "power": 382,
    "powerConnectors": {
      "powerCON": "input and output"
    },
    "DMXconnector": "3-pin and 5-pin",
    "bulb": {
      "type": "LumiEngin 300W LED"
    },
    "lens": {
      "degreesMinMax": [7, 31]
    }
  },
  "wheels": {
    "Color Selection 1": {
      "slots": [
        {
          "type": "Open"
        },
        {
          "type": "Color",
          "name": "Red",
          "colors": ["#ff0000"]
        },
        {
          "type": "Color",
          "name": "UV",
          "colors": ["#3e0694"]
        },
        {
          "type": "Color",
          "name": "Dark Blue",
          "colors": ["#000070"]
        },
        {
          "type": "Color",
          "name": "Cyan",
          "colors": ["#00ffff"]
        }
      ]
    },
    "Color Selection 2": {
      "slots": [
        {
          "type": "Open"
        },
        {
          "type": "Color",
          "name": "Lime Green",
          "colors": ["#70ff00"]
        },
        {
          "type": "Color",
          "name": "Orange",
          "colors": ["#ff7000"]
        },
        {
          "type": "Color",
          "name": "Green",
          "colors": ["#00ff00"]
        },
        {
          "type": "Color",
          "name": "Magenta",
          "colors": ["#ff00ff"]
        }
      ]
    },
    "Color Selection 3": {
      "slots": [
        {
          "type": "Open"
        },
        {
          "type": "Color",
          "name": "4926K",
          "colors": ["#ffe3ca"]
        },
        {
          "type": "Color",
          "name": "4260K",
          "colors": ["#ffd7b1"]
        },
        {
          "type": "Color",
          "name": "3889K",
          "colors": ["#ffce9f"]
        },
        {
          "type": "Color",
          "name": "Yellow",
          "colors": ["#ffff00"]
        }
      ]
    },
    "Static Gobo Wheel": {
      "slots": [
        {
          "type": "Open"
        },
        {
          "type": "Gobo"
        },
        {
          "type": "Gobo"
        },
        {
          "type": "Gobo"
        },
        {
          "type": "Gobo"
        },
        {
          "type": "Gobo"
        },
        {
          "type": "Gobo"
        },
        {
          "type": "Gobo"
        },
        {
          "type": "Gobo"
        },
        {
          "type": "Gobo"
        },
        {
          "type": "Gobo"
        }
      ]
    },
    "Rotating Gobo Wheel": {
      "slots": [
        {
          "type": "Open"
        },
        {
          "type": "Gobo"
        },
        {
          "type": "Gobo"
        },
        {
          "type": "Gobo"
        },
        {
          "type": "Gobo"
        },
        {
          "type": "Gobo"
        },
        {
          "type": "Gobo"
        },
        {
          "type": "Gobo"
        }
      ]
    }
  },
  "availableChannels": {
    "Color Selection 1": {
      "capabilities": [
        {
          "dmxRange": [0, 10],
          "type": "WheelSlot",
          "slotNumber": 1
        },
        {
          "dmxRange": [11, 74],
          "type": "WheelSlot",
          "slotNumber": 2
        },
        {
          "dmxRange": [75, 140],
          "type": "WheelSlot",
          "slotNumber": 3
        },
        {
          "dmxRange": [141, 200],
          "type": "WheelSlot",
          "slotNumber": 4
        },
        {
          "dmxRange": [201, 255],
          "type": "WheelSlot",
          "slotNumber": 5
        }
      ]
    },
    "Color Selection 2": {
      "capabilities": [
        {
          "dmxRange": [0, 10],
          "type": "WheelSlot",
          "slotNumber": 1
        },
        {
          "dmxRange": [11, 74],
          "type": "WheelSlot",
          "slotNumber": 2
        },
        {
          "dmxRange": [75, 140],
          "type": "WheelSlot",
          "slotNumber": 3
        },
        {
          "dmxRange": [141, 200],
          "type": "WheelSlot",
          "slotNumber": 4
        },
        {
          "dmxRange": [201, 255],
          "type": "WheelSlot",
          "slotNumber": 5
        }
      ]
    },
    "Color Selection 3": {
      "capabilities": [
        {
          "dmxRange": [0, 10],
          "type": "WheelSlot",
          "slotNumber": 1
        },
        {
          "dmxRange": [11, 74],
          "type": "WheelSlot",
          "slotNumber": 2
        },
        {
          "dmxRange": [75, 140],
          "type": "WheelSlot",
          "slotNumber": 3
        },
        {
          "dmxRange": [141, 200],
          "type": "WheelSlot",
          "slotNumber": 4
        },
        {
          "dmxRange": [201, 255],
          "type": "WheelSlot",
          "slotNumber": 5
        }
      ]
    },
    "Static Gobo Wheel": {
      "defaultValue": 0,
      "capabilities": [
        {
          "dmxRange": [0, 5],
          "type": "WheelSlot",
          "slotNumber": 1
        },
        {
          "dmxRange": [6, 10],
          "type": "WheelSlot",
          "slotNumber": 2
        },
        {
          "dmxRange": [11, 15],
          "type": "WheelSlot",
          "slotNumber": 3
        },
        {
          "dmxRange": [16, 20],
          "type": "WheelSlot",
          "slotNumber": 4
        },
        {
          "dmxRange": [21, 25],
          "type": "WheelSlot",
          "slotNumber": 5
        },
        {
          "dmxRange": [26, 30],
          "type": "WheelSlot",
          "slotNumber": 6
        },
        {
          "dmxRange": [31, 35],
          "type": "WheelSlot",
          "slotNumber": 7
        },
        {
          "dmxRange": [36, 40],
          "type": "WheelSlot",
          "slotNumber": 8
        },
        {
          "dmxRange": [41, 45],
          "type": "WheelSlot",
          "slotNumber": 9
        },
        {
          "dmxRange": [46, 50],
          "type": "WheelSlot",
          "slotNumber": 10
        },
        {
          "dmxRange": [51, 55],
          "type": "WheelSlot",
          "slotNumber": 11
        },
        {
          "dmxRange": [56, 62],
          "type": "WheelShake",
          "slotNumber": 2,
          "shakeSpeedStart": "slow",
          "shakeSpeedEnd": "fast"
        },
        {
          "dmxRange": [63, 69],
          "type": "WheelShake",
          "slotNumber": 3,
          "shakeSpeedStart": "slow",
          "shakeSpeedEnd": "fast"
        },
        {
          "dmxRange": [70, 76],
          "type": "WheelShake",
          "slotNumber": 4,
          "shakeSpeedStart": "slow",
          "shakeSpeedEnd": "fast"
        },
        {
          "dmxRange": [77, 83],
          "type": "WheelShake",
          "slotNumber": 5,
          "shakeSpeedStart": "slow",
          "shakeSpeedEnd": "fast"
        },
        {
          "dmxRange": [84, 90],
          "type": "WheelShake",
          "slotNumber": 6,
          "shakeSpeedStart": "slow",
          "shakeSpeedEnd": "fast"
        },
        {
          "dmxRange": [91, 97],
          "type": "WheelShake",
          "slotNumber": 7,
          "shakeSpeedStart": "slow",
          "shakeSpeedEnd": "fast"
        },
        {
          "dmxRange": [98, 104],
          "type": "WheelShake",
          "slotNumber": 8,
          "shakeSpeedStart": "slow",
          "shakeSpeedEnd": "fast"
        },
        {
          "dmxRange": [105, 111],
          "type": "WheelShake",
          "slotNumber": 9,
          "shakeSpeedStart": "slow",
          "shakeSpeedEnd": "fast"
        },
        {
          "dmxRange": [112, 118],
          "type": "WheelShake",
          "slotNumber": 10,
          "shakeSpeedStart": "slow",
          "shakeSpeedEnd": "fast"
        },
        {
          "dmxRange": [119, 125],
          "type": "WheelShake",
          "slotNumber": 11,
          "shakeSpeedStart": "slow",
          "shakeSpeedEnd": "fast"
        },
        {
          "dmxRange": [126, 190],
          "type": "WheelRotation",
          "speedStart": "fast CW",
          "speedEnd": "slow CW"
        },
        {
          "dmxRange": [191, 255],
          "type": "WheelRotation",
          "speedStart": "slow CCW",
          "speedEnd": "fast CCW"
        }
      ]
    },
    "Rotating Gobo Wheel": {
      "defaultValue": 0,
      "capabilities": [
        {
          "dmxRange": [0, 7],
          "type": "WheelSlot",
          "slotNumber": 1
        },
        {
          "dmxRange": [8, 15],
          "type": "WheelSlot",
          "slotNumber": 2
        },
        {
          "dmxRange": [16, 23],
          "type": "WheelSlot",
          "slotNumber": 3
        },
        {
          "dmxRange": [24, 31],
          "type": "WheelSlot",
          "slotNumber": 4
        },
        {
          "dmxRange": [32, 39],
          "type": "WheelSlot",
          "slotNumber": 5
        },
        {
          "dmxRange": [40, 47],
          "type": "WheelSlot",
          "slotNumber": 6
        },
        {
          "dmxRange": [48, 55],
          "type": "WheelSlot",
          "slotNumber": 7
        },
        {
          "dmxRange": [56, 63],
          "type": "WheelSlot",
          "slotNumber": 8
        },
        {
          "dmxRange": [64, 71],
          "type": "WheelShake",
          "slotNumber": 2,
          "shakeSpeedStart": "slow",
          "shakeSpeedEnd": "fast"
        },
        {
          "dmxRange": [72, 79],
          "type": "WheelShake",
          "slotNumber": 3,
          "shakeSpeedStart": "slow",
          "shakeSpeedEnd": "fast"
        },
        {
          "dmxRange": [80, 87],
          "type": "WheelShake",
          "slotNumber": 4,
          "shakeSpeedStart": "slow",
          "shakeSpeedEnd": "fast"
        },
        {
          "dmxRange": [88, 95],
          "type": "WheelShake",
          "slotNumber": 5,
          "shakeSpeedStart": "slow",
          "shakeSpeedEnd": "fast"
        },
        {
          "dmxRange": [96, 103],
          "type": "WheelShake",
          "slotNumber": 6,
          "shakeSpeedStart": "slow",
          "shakeSpeedEnd": "fast"
        },
        {
          "dmxRange": [104, 111],
          "type": "WheelShake",
          "slotNumber": 7,
          "shakeSpeedStart": "slow",
          "shakeSpeedEnd": "fast"
        },
        {
          "dmxRange": [112, 119],
          "type": "WheelShake",
          "slotNumber": 8,
          "shakeSpeedStart": "slow",
          "shakeSpeedEnd": "fast"
        },
        {
          "dmxRange": [120, 187],
          "type": "WheelRotation",
          "speedStart": "fast CW",
          "speedEnd": "slow CW"
        },
        {
          "dmxRange": [188, 255],
          "type": "WheelRotation",
          "speedStart": "slow CCW",
          "speedEnd": "fast CCW"
        }
      ]
    },
    "Gobo Rotation": {
      "defaultValue": 0,
      "capabilities": [
        {
          "dmxRange": [0, 127],
          "type": "WheelSlotRotation",
          "wheel": "Rotating Gobo Wheel",
          "angleStart": "0deg",
          "angleEnd": "360deg"
        },
        {
          "dmxRange": [128, 191],
          "type": "WheelSlotRotation",
          "wheel": "Rotating Gobo Wheel",
          "speedStart": "fast CW",
          "speedEnd": "slow CW"
        },
        {
          "dmxRange": [192, 255],
          "type": "WheelSlotRotation",
          "wheel": "Rotating Gobo Wheel",
          "speedStart": "slow CCW",
          "speedEnd": "fast CCW"
        }
      ]
    },
    "Pan": {
      "fineChannelAliases": ["Pan fine"],
      "defaultValue": 32896,
      "capability": {
        "type": "Pan",
        "angleStart": "0deg",
        "angleEnd": "540deg"
      }
    },
    "Tilt": {
      "fineChannelAliases": ["Tilt fine"],
      "defaultValue": 32896,
      "capability": {
        "type": "Tilt",
        "angleStart": "0deg",
        "angleEnd": "240deg"
      }
    },
    "P/T Speed": {
      "defaultValue": 0,
      "capability": {
        "type": "PanTiltSpeed",
        "speedStart": "fast",
        "speedEnd": "slow"
      }
    },
    "Dimmer": {
      "capability": {
        "type": "Intensity"
      }
    },
    "Shutter": {
      "defaultValue": 255,
      "capabilities": [
        {
          "dmxRange": [0, 3],
          "type": "ShutterStrobe",
          "shutterEffect": "Closed"
        },
        {
          "dmxRange": [4, 103],
          "type": "ShutterStrobe",
          "shutterEffect": "Strobe",
          "speedStart": "1Hz",
          "speedEnd": "18Hz"
        },
        {
          "dmxRange": [104, 107],
          "type": "ShutterStrobe",
          "shutterEffect": "Open"
        },
        {
          "dmxRange": [108, 207],
          "type": "ShutterStrobe",
          "shutterEffect": "Pulse",
          "speedStart": "1Hz",
          "speedEnd": "18Hz"
        },
        {
          "dmxRange": [208, 212],
          "type": "ShutterStrobe",
          "shutterEffect": "Open"
        },
        {
          "dmxRange": [213, 251],
          "type": "ShutterStrobe",
          "shutterEffect": "Strobe",
          "speedStart": "1Hz",
          "speedEnd": "18Hz",
          "randomTiming": true
        },
        {
          "dmxRange": [252, 255],
          "type": "ShutterStrobe",
          "shutterEffect": "Open"
        }
      ]
    },
    "Cyan": {
      "defaultValue": 0,
      "capability": {
        "type": "ColorIntensity",
        "color": "Cyan"
      }
    },
    "Magenta": {
      "defaultValue": 0,
      "capability": {
        "type": "ColorIntensity",
        "color": "Magenta"
      }
    },
    "Yellow": {
      "defaultValue": 0,
      "capability": {
        "type": "ColorIntensity",
        "color": "Yellow"
      }
    },
    "Iris": {
      "defaultValue": 0,
      "capabilities": [
        {
          "dmxRange": [0, 127],
          "type": "Iris",
          "openPercent": "open"
        },
        {
          "dmxRange": [128, 191],
          "type": "IrisEffect",
          "effectName": "Pulse Open",
          "speedStart": "slow",
          "speedEnd": "fast"
        },
        {
          "dmxRange": [192, 255],
          "type": "IrisEffect",
          "effectName": "Pulse Close",
          "speedStart": "slow",
          "speedEnd": "fast"
        }
      ]
    },
    "Prism": {
      "defaultValue": 0,
      "capabilities": [
        {
          "dmxRange": [0, 127],
          "type": "NoFunction"
        },
        {
          "dmxRange": [128, 255],
          "type": "Prism"
        }
      ]
    },
    "Prism Rotation": {
      "defaultValue": 0,
      "capabilities": [
        {
          "dmxRange": [0, 127],
          "type": "PrismRotation",
          "angleStart": "0deg",
          "angleEnd": "360deg"
        },
        {
          "dmxRange": [128, 191],
          "type": "PrismRotation",
          "speedStart": "slow CW",
          "speedEnd": "fast CW"
        },
        {
          "dmxRange": [192, 255],
          "type": "PrismRotation",
          "speedStart": "fast CCW",
          "speedEnd": "slow CCW"
        }
      ]
    },
    "Frost": {
      "defaultValue": 0,
      "capabilities": [
        {
          "dmxRange": [0, 127],
          "type": "NoFunction"
        },
        {
          "dmxRange": [128, 255],
          "type": "Frost",
          "frostIntensityStart": "low",
          "frostIntensityEnd": "high"
        }
      ]
    },
    "Focus": {
      "fineChannelAliases": ["Focus fine"],
      "defaultValue": 32639,
      "capability": {
        "type": "Focus",
        "distanceStart": "near",
        "distanceEnd": "far"
      }
    },
    "Zoom": {
      "fineChannelAliases": ["Zoom fine"],
      "defaultValue": 32639,
      "capability": {
        "type": "Zoom",
        "angleStart": "narrow",
        "angleEnd": "wide"
      }
    },
    "Auto Focus": {
      "defaultValue": 0,
      "capability": {
        "type": "Generic",
        "comment": "Auto Focus (5 positions)",
        "helpWanted": "What are these auto focus positions?"
      }
    },
    "Control": {
      "defaultValue": 0,
      "capabilities": [
        {
          "dmxRange": [0, 119],
          "type": "NoFunction"
        },
        {
          "dmxRange": [120, 160],
          "type": "Maintenance",
          "comment": "Pan / Tilt Reset"
        },
        {
          "dmxRange": [161, 200],
          "type": "Maintenance",
          "comment": "Motor Function Reset"
        },
        {
          "dmxRange": [201, 255],
          "type": "Maintenance",
          "comment": "All Reset"
        }
      ]
    }
  },
  "modes": [
    {
      "name": "21-channel",
      "shortName": "21ch",
      "channels": [
        "Pan",
        "Tilt",
        "P/T Speed",
        "Dimmer",
        "Shutter",
        "Cyan",
        "Magenta",
        "Yellow",
        "Color Selection 1",
        "Color Selection 2",
        "Color Selection 3",
        "Static Gobo Wheel",
        "Rotating Gobo Wheel",
        "Gobo Rotation",
        "Iris",
        "Prism",
        "Prism Rotation",
        "Frost",
        "Focus",
        "Zoom",
        "Control"
      ]
    },
    {
      "name": "26-channel",
      "shortName": "26ch",
      "channels": [
        "Pan",
        "Pan fine",
        "Tilt",
        "Tilt fine",
        "P/T Speed",
        "Dimmer",
        "Shutter",
        "Cyan",
        "Magenta",
        "Yellow",
        "Color Selection 1",
        "Color Selection 2",
        "Color Selection 3",
        "Static Gobo Wheel",
        "Rotating Gobo Wheel",
        "Gobo Rotation",
        "Iris",
        "Prism",
        "Prism Rotation",
        "Frost",
        "Focus",
        "Focus fine",
        "Zoom",
        "Zoom fine",
        "Auto Focus",
        "Control"
      ]
    }
  ],
  "fixtureKey": "spotbot-led-cmy-300",
  "manufacturerKey": "mega-lite",
  "oflURL": "https://open-fixture-library.org/mega-lite/spotbot-led-cmy-300"
}
