{
  "$schema": "https://raw.githubusercontent.com/OpenLightingProject/open-fixture-library/schema-12.4.1/schemas/fixture.json",
  "name": "Robin LEDWash 600",
  "shortName": "RobinLEDWash600",
  "categories": ["Moving Head", "Color Changer"],
  "meta": {
    "authors": ["Felix Edelmann"],
    "createDate": "2018-01-01",
    "lastModifyDate": "2018-08-09"
  },
  "links": {
    "manual": [
      "https://www.robe.cz/api/support-files/download/downloads/user_manuals/User_manual_Robin_600_LEDWash.pdf"
    ],
    "productPage": [
      "https://www.robe.cz/ledwash-600"
    ],
    "video": [
      "https://www.youtube.com/watch?v=Q-vweXSfuUg"
    ]
  },
  "rdm": {
    "modelId": 118,
    "softwareVersion": "47"
  },
  "physical": {
    "dimensions": [343, 444, 203],
    "weight": 10.6,
    "DMXconnector": "3-pin and 5-pin",
    "bulb": {
      "type": "37x Cree RGBW LEDs",
      "lumens": 4820
    },
    "lens": {
      "degreesMinMax": [15, 63]
    }
  },
  "matrix": {
    "pixelKeys": [
      [
        [
          null,
          null,
          null,
          "O1",
          null,
          "O2",
          null,
          "O3",
          null,
          "O4",
          null,
          null,
          null
        ],
        [
          null,
          null,
          null,
          null,
          null,
          null,
          null,
          null,
          null,
          null,
          null,
          null,
          null
        ],
        [
          null,
          "O5",
          null,
          null,
          null,
          "M1",
          null,
          "M2",
          null,
          null,
          null,
          "O5",
          null
        ],
        [
          null,
          null,
          null,
          "M12",
          null,
          null,
          null,
          null,
          null,
          "M3",
          null,
          null,
          null
        ],
        [
          "O17",
          null,
          null,
          null,
          null,
          "I1",
          null,
          "I2",
          null,
          null,
          null,
          null,
          "O6"
        ],
        [
          null,
          null,
          "M11",
          null,
          null,
          null,
          null,
          null,
          null,
          null,
          "M4",
          null,
          null
        ],
        [
          "O16",
          null,
          null,
          null,
          "I6",
          null,
          "I7",
          null,
          "I3",
          null,
          null,
          null,
          "O7"
        ],
        [
          null,
          null,
          "M10",
          null,
          null,
          null,
          null,
          null,
          null,
          null,
          "M5",
          null,
          null
        ],
        [
          "O15",
          null,
          null,
          null,
          null,
          "I5",
          null,
          "I4",
          null,
          null,
          null,
          null,
          "O8"
        ],
        [
          null,
          null,
          null,
          "M9",
          null,
          null,
          null,
          null,
          null,
          "M6",
          null,
          null,
          null
        ],
        [
          null,
          "O14",
          null,
          null,
          null,
          "M8",
          null,
          "M7",
          null,
          null,
          null,
          "O9",
          null
        ],
        [
          null,
          null,
          null,
          null,
          null,
          null,
          null,
          null,
          null,
          null,
          null,
          null,
          null
        ],
        [
          null,
          null,
          null,
          "O13",
          null,
          "O12",
          null,
          "O11",
          null,
          "O10",
          null,
          null,
          null
        ]
      ]
    ],
    "pixelGroups": {
      "Inner": {
        "name": [
          "^I[1-7]$"
        ]
      },
      "Middle": {
        "name": [
          "^M\\d+$"
        ]
      },
      "Outer": {
        "name": [
          "^O\\d+$"
        ]
      },
      "All Zones": "all"
    }
  },
  "availableChannels": {
    "Pan": {
      "fineChannelAliases": ["Pan fine"],
      "defaultValue": "50%",
      "capability": {
        "type": "Pan",
        "angleStart": "0deg",
        "angleEnd": "450deg"
      }
    },
    "Tilt": {
      "fineChannelAliases": ["Tilt fine"],
      "defaultValue": "50%",
      "capability": {
        "type": "Tilt",
        "angleStart": "0deg",
        "angleEnd": "300deg"
      }
    },
    "Pan/Tilt Speed": {
      "capability": {
        "type": "PanTiltSpeed",
        "comment": "or Time 0.1…25.5s",
        "speedStart": "fast",
        "speedEnd": "slow"
      }
    },
    "Special Functions": {
      "capabilities": [
        {
          "dmxRange": [0, 9],
          "type": "NoFunction"
        },
        {
          "dmxRange": [10, 14],
          "type": "Maintenance",
          "comment": "DMX input: Wired DMX",
          "hold": "3s"
        },
        {
          "dmxRange": [15, 19],
          "type": "Maintenance",
          "comment": "DMX input: Wireless DMX",
          "hold": "3s"
        },
        {
          "dmxRange": [20, 49],
          "type": "NoFunction"
        },
        {
          "dmxRange": [50, 59],
          "type": "Maintenance",
          "comment": "Pan/Tilt speed mode",
          "hold": "3s"
        },
        {
          "dmxRange": [60, 69],
          "type": "Maintenance",
          "comment": "Pan/Tilt time mode",
          "hold": "3s"
        },
        {
          "dmxRange": [70, 79],
          "type": "Maintenance",
          "comment": "Blackout while pan/tilt moving",
          "hold": "3s"
        },
        {
          "dmxRange": [80, 89],
          "type": "Maintenance",
          "comment": "Disabled blackout while pan/tilt moving",
          "hold": "3s"
        },
        {
          "dmxRange": [90, 99],
          "type": "Maintenance",
          "comment": "Theatre mode On",
          "hold": "3s"
        },
        {
          "dmxRange": [100, 109],
          "type": "Maintenance",
          "comment": "Theatre mode Off",
          "hold": "3s"
        },
        {
          "dmxRange": [110, 139],
          "type": "NoFunction"
        },
        {
          "dmxRange": [140, 149],
          "type": "Maintenance",
          "comment": "Pan/Tilt reset",
          "hold": "3s"
        },
        {
          "dmxRange": [150, 179],
          "type": "NoFunction"
        },
        {
          "dmxRange": [180, 189],
          "type": "Maintenance",
          "comment": "Zoom reset",
          "hold": "3s"
        },
        {
          "dmxRange": [190, 199],
          "type": "NoFunction"
        },
        {
          "dmxRange": [200, 209],
          "type": "Maintenance",
          "comment": "Total reset",
          "hold": "3s"
        },
        {
          "dmxRange": [210, 239],
          "type": "NoFunction"
        },
        {
          "dmxRange": [240, 240],
          "type": "Maintenance",
          "comment": "Disable \"Silent mode\"",
          "hold": "3s"
        },
        {
          "dmxRange": [241, 255],
          "type": "Maintenance",
          "comment": "Silent mode: Fan noise",
          "parameterStart": "low",
          "parameterEnd": "high",
          "hold": "3s"
        }
      ]
    },
    "CTC": {
      "defaultValue": 0,
      "capabilities": [
        {
          "dmxRange": [0, 0],
          "type": "NoFunction"
        },
        {
          "dmxRange": [1, 255],
          "type": "ColorTemperature",
          "colorTemperatureStart": "15500K",
          "colorTemperatureEnd": "2700K",
          "comment": "or 20000…2700K with color calibration off"
        }
      ]
    },
    "Virtual Color Wheel": {
      "defaultValue": 0,
      "capabilities": [
        {
          "dmxRange": [0, 0],
          "type": "NoFunction"
        },
        {
          "dmxRange": [1, 2],
          "type": "ColorPreset",
          "colors": ["#ffa757"],
          "colorTemperature": "2700K",
          "comment": "White"
        },
        {
          "dmxRange": [3, 3],
          "type": "ColorPreset",
          "colors": ["#ffa757"],
          "colorTemperature": "2700K",
          "comment": "Halogen White"
        },
        {
          "dmxRange": [4, 5],
          "type": "ColorPreset",
          "colors": ["#ffb87b"],
          "colorTemperature": "3200K",
          "comment": "White"
        },
        {
          "dmxRange": [6, 6],
          "type": "ColorPreset",
          "colors": ["#ffb87b"],
          "colorTemperature": "3200K",
          "comment": "Halogen White"
        },
        {
          "dmxRange": [7, 9],
          "type": "ColorPreset",
          "colors": ["#ffd3af"],
          "colorTemperature": "4200K",
          "comment": "White"
        },
        {
          "dmxRange": [10, 12],
          "type": "ColorPreset",
          "colors": ["#ffefe1"],
          "colorTemperature": "5600K",
          "comment": "White"
        },
        {
          "dmxRange": [13, 15],
          "type": "ColorPreset",
          "colors": ["#dde6ff"],
          "colorTemperature": "8000K",
          "comment": "White"
        },
        {
          "dmxRange": [16, 16],
          "type": "ColorPreset",
          "colors": ["#007cc3"],
          "comment": "Blue"
        },
        {
          "dmxRange": [17, 55],
          "type": "ColorPreset",
          "colorsStart": ["#007cc3"],
          "colorsEnd": ["#61afca"],
          "comment": "Blue - Cyan"
        },
        {
          "dmxRange": [56, 56],
          "type": "ColorPreset",
          "colors": ["#61afca"],
          "comment": "Cyan"
        },
        {
          "dmxRange": [57, 95],
          "type": "ColorPreset",
          "colorsStart": ["#61afca"],
          "colorsEnd": ["#87c326"],
          "comment": "Cyan - Green"
        },
        {
          "dmxRange": [96, 96],
          "type": "ColorPreset",
          "colors": ["#87c326"],
          "comment": "Green"
        },
        {
          "dmxRange": [97, 134],
          "type": "ColorPreset",
          "colorsStart": ["#87c326"],
          "colorsEnd": ["#ebd82a"],
          "comment": "Green - Yellow"
        },
        {
          "dmxRange": [135, 135],
          "type": "ColorPreset",
          "colors": ["#ebd82a"],
          "comment": "Yellow"
        },
        {
          "dmxRange": [136, 174],
          "type": "ColorPreset",
          "colorsStart": ["#ebd82a"],
          "colorsEnd": ["#dc2c4e"],
          "comment": "Yellow - Red"
        },
        {
          "dmxRange": [175, 175],
          "type": "ColorPreset",
          "colors": ["#dc2c4e"],
          "comment": "Red"
        },
        {
          "dmxRange": [176, 214],
          "type": "ColorPreset",
          "colorsStart": ["#dc2c4e"],
          "colorsEnd": ["#bb4e8b"],
          "comment": "Red - Magenta"
        },
        {
          "dmxRange": [215, 215],
          "type": "ColorPreset",
          "colors": ["#bb4e8b"],
          "comment": "Magenta"
        },
        {
          "dmxRange": [216, 246],
          "type": "ColorPreset",
          "colorsStart": ["#bb4e8b"],
          "colorsEnd": ["#0093dc"],
          "comment": "Magenta - Blue"
        },
        {
          "dmxRange": [247, 247],
          "type": "ColorPreset",
          "colors": ["#0093dc"],
          "comment": "Blue"
        },
        {
          "dmxRange": [248, 248],
          "type": "Effect",
          "effectPreset": "ColorFade"
        },
        {
          "dmxRange": [249, 249],
          "type": "Effect",
          "effectPreset": "ColorJump"
        },
        {
          "dmxRange": [250, 250],
          "type": "Effect",
          "effectName": "Zone effect 1"
        },
        {
          "dmxRange": [251, 251],
          "type": "Effect",
          "effectName": "Zone effect 2"
        },
        {
          "dmxRange": [252, 252],
          "type": "Effect",
          "effectName": "Zone effect 3"
        },
        {
          "dmxRange": [253, 253],
          "type": "Effect",
          "effectName": "Zone effect 4"
        },
        {
          "dmxRange": [254, 254],
          "type": "Effect",
          "effectName": "Zone effect 5"
        },
        {
          "dmxRange": [255, 255],
          "type": "Effect",
          "effectName": "Zone effect 6"
        }
      ]
    },
    "Zoom": {
      "fineChannelAliases": ["Zoom fine"],
      "capability": {
        "type": "Zoom",
        "angleStart": "15deg",
        "angleEnd": "63deg"
      }
    },
    "Shutter / Strobe": {
      "defaultValue": 255,
      "capabilities": [
        {
          "dmxRange": [0, 31],
          "type": "ShutterStrobe",
          "shutterEffect": "Closed"
        },
        {
          "dmxRange": [32, 63],
          "type": "ShutterStrobe",
          "comment": "Outer zone",
          "shutterEffect": "Strobe",
          "speedStart": "0.3Hz",
          "speedEnd": "20Hz"
        },
        {
          "dmxRange": [64, 95],
          "type": "ShutterStrobe",
          "shutterEffect": "Strobe",
          "speedStart": "0.3Hz",
          "speedEnd": "20Hz"
        },
        {
          "dmxRange": [96, 111],
          "type": "EffectSpeed",
          "comment": "Color effect speed",
          "speedStart": "slow",
          "speedEnd": "fast"
        },
        {
          "dmxRange": [112, 127],
          "type": "EffectSpeed",
          "comment": "Color effect speed",
          "speedStart": "fast reverse",
          "speedEnd": "slow reverse"
        },
        {
          "dmxRange": [128, 143],
          "type": "ShutterStrobe",
          "shutterEffect": "RampUp",
          "speedStart": "slow",
          "speedEnd": "fast"
        },
        {
          "dmxRange": [144, 159],
          "type": "ShutterStrobe",
          "shutterEffect": "RampDown",
          "speedStart": "fast",
          "speedEnd": "slow"
        },
        {
          "dmxRange": [160, 175],
          "type": "ShutterStrobe",
          "comment": "Random zone",
          "shutterEffect": "Strobe",
          "speedStart": "slow",
          "speedEnd": "fast"
        },
        {
          "dmxRange": [176, 191],
          "type": "ShutterStrobe",
          "comment": "Random zone",
          "shutterEffect": "Strobe",
          "speedStart": "slow",
          "speedEnd": "fast",
          "randomTiming": true
        },
        {
          "dmxRange": [192, 223],
          "type": "ShutterStrobe",
          "shutterEffect": "Strobe",
          "speedStart": "slow",
          "speedEnd": "fast",
          "randomTiming": true
        },
        {
          "dmxRange": [224, 255],
          "type": "ShutterStrobe",
          "shutterEffect": "Open"
        }
      ]
    },
    "Dimmer": {
      "fineChannelAliases": ["Dimmer fine"],
      "defaultValue": 0,
      "capability": {
        "type": "Intensity"
      }
    }
  },
  "templateChannels": {
    "Red $pixelKey": {
      "fineChannelAliases": ["Red $pixelKey fine"],
      "defaultValue": 0,
      "capability": {
        "type": "ColorIntensity",
        "color": "Red"
      }
    },
    "Green $pixelKey": {
      "fineChannelAliases": ["Green $pixelKey fine"],
      "defaultValue": 0,
      "capability": {
        "type": "ColorIntensity",
        "color": "Green"
      }
    },
    "Blue $pixelKey": {
      "fineChannelAliases": ["Blue $pixelKey fine"],
      "defaultValue": 0,
      "capability": {
        "type": "ColorIntensity",
        "color": "Blue"
      }
    },
    "White $pixelKey": {
      "fineChannelAliases": ["White $pixelKey fine"],
      "defaultValue": 0,
      "capability": {
        "type": "ColorIntensity",
        "color": "White"
      }
    }
  },
  "modes": [
    {
      "name": "1st",
      "rdmPersonalityIndex": 1,
      "channels": [
        "Pan",
        "Pan fine",
        "Tilt",
        "Tilt fine",
        "Pan/Tilt Speed",
        "Special Functions",
        {
          "insert": "matrixChannels",
          "repeatFor": [
            "Inner",
            "Middle",
            "Outer"
          ],
          "channelOrder": "perPixel",
          "templateChannels": [
            "Red $pixelKey",
            "Red $pixelKey fine",
            "Green $pixelKey",
            "Green $pixelKey fine",
            "Blue $pixelKey",
            "Blue $pixelKey fine",
            "White $pixelKey",
            "White $pixelKey fine"
          ]
        },
        "CTC",
        "Virtual Color Wheel",
        "Zoom",
        "Zoom fine",
        "Shutter / Strobe",
        "Dimmer",
        "Dimmer fine"
      ]
    },
    {
      "name": "2nd",
      "rdmPersonalityIndex": 2,
      "channels": [
        "Pan",
        "Pan fine",
        "Tilt",
        "Tilt fine",
        "Pan/Tilt Speed",
        "Special Functions",
        "Red All Zones",
        "Red All Zones fine",
        "Green All Zones",
        "Green All Zones fine",
        "Blue All Zones",
        "Blue All Zones fine",
        "White All Zones",
        "White All Zones fine",
        "CTC",
        "Virtual Color Wheel",
        "Zoom",
        "Zoom fine",
        "Shutter / Strobe",
        "Dimmer",
        "Dimmer fine"
      ]
    },
    {
      "name": "3rd",
      "rdmPersonalityIndex": 3,
      "channels": [
        "Pan",
        "Pan fine",
        "Tilt",
        "Tilt fine",
        "Pan/Tilt Speed",
        "Special Functions",
        "Red All Zones",
        "Green All Zones",
        "Blue All Zones",
        "White All Zones",
        "CTC",
        "Virtual Color Wheel",
        "Zoom",
        "Shutter / Strobe",
        "Dimmer"
      ]
    },
    {
      "name": "4th",
      "rdmPersonalityIndex": 4,
      "channels": [
        "Pan",
        "Pan fine",
        "Tilt",
        "Tilt fine",
        "Pan/Tilt Speed",
        "Special Functions",
        "Virtual Color Wheel",
        "Zoom",
        "Shutter / Strobe",
        "Dimmer"
      ]
    },
    {
      "name": "5th",
      "rdmPersonalityIndex": 5,
      "channels": [
        "Pan",
        "Pan fine",
        "Tilt",
        "Tilt fine",
        "Pan/Tilt Speed",
        "Special Functions",
        "Zoom",
        "Zoom fine",
        "Shutter / Strobe",
        "Dimmer",
        "Dimmer fine",
        "CTC",
        "Virtual Color Wheel",
        {
          "insert": "matrixChannels",
          "repeatFor": [
            "Inner",
            "Middle",
            "Outer"
          ],
          "channelOrder": "perPixel",
          "templateChannels": [
            "Red $pixelKey",
            "Red $pixelKey fine",
            "Green $pixelKey",
            "Green $pixelKey fine",
            "Blue $pixelKey",
            "Blue $pixelKey fine",
            "White $pixelKey",
            "White $pixelKey fine"
          ]
        }
      ]
    },
    {
      "name": "6th",
      "rdmPersonalityIndex": 6,
      "channels": [
        "Pan",
        "Pan fine",
        "Tilt",
        "Tilt fine",
        "Pan/Tilt Speed",
        "Special Functions",
        {
          "insert": "matrixChannels",
          "repeatFor": [
            "Inner",
            "Middle",
            "Outer"
          ],
          "channelOrder": "perPixel",
          "templateChannels": [
            "Red $pixelKey",
            "Green $pixelKey",
            "Blue $pixelKey",
            "White $pixelKey"
          ]
        },
        "CTC",
        "Virtual Color Wheel",
        "Zoom",
        "Shutter / Strobe",
        "Dimmer",
        "Dimmer fine"
      ]
    }
  ],
  "fixtureKey": "robin-ledwash-600",
  "manufacturerKey": "robe",
  "oflURL": "https://open-fixture-library.org/robe/robin-ledwash-600"
}
