{
  "$schema": "https://raw.githubusercontent.com/OpenLightingProject/open-fixture-library/schema-12.4.1/schemas/fixture.json",
  "name": "DJ-Scan 250",
  "categories": ["Scanner", "Color Changer"],
  "meta": {
    "authors": ["Max Jöhnk"],
    "createDate": "2021-09-14",
    "lastModifyDate": "2021-09-14"
  },
  "links": {
    "manual": [
      "https://www.manualslib.com/manual/55802/Future-Light-Dj-Scan-250.html"
    ],
    "video": [
      "https://www.youtube.com/watch?v=8GOpwwclPAc"
    ]
  },
  "physical": {
    "dimensions": [525, 300, 150],
    "weight": 15,
    "power": 500,
    "DMXconnector": "3-pin"
  },
  "wheels": {
    "Color Wheel": {
      "slots": [
        {
          "type": "Open"
        },
        {
          "type": "Color",
          "name": "Dark blue"
        },
        {
          "type": "Color",
          "name": "Pink"
        },
        {
          "type": "Color",
          "name": "Light green"
        },
        {
          "type": "Color",
          "name": "Orange"
        },
        {
          "type": "Color",
          "name": "Light Blue"
        },
        {
          "type": "Color",
          "name": "Yellow"
        },
        {
          "type": "Color",
          "name": "Cherry red"
        }
      ]
    },
    "Gobo Wheel": {
      "slots": [
        {
          "type": "Open"
        },
        {
          "type": "Gobo"
        },
        {
          "type": "Gobo"
        },
        {
          "type": "Gobo"
        },
        {
          "type": "Gobo"
        },
        {
          "type": "Gobo"
        },
        {
          "type": "Gobo"
        },
        {
          "type": "Gobo"
        }
      ]
    }
  },
  "availableChannels": {
    "Pan": {
      "defaultValue": 128,
      "capability": {
        "type": "Pan",
        "angleStart": "0%",
        "angleEnd": "100%"
      }
    },
    "Tilt": {
      "defaultValue": 128,
      "capability": {
        "type": "Tilt",
        "angleStart": "0%",
        "angleEnd": "100%"
      }
    },
    "Color Wheel": {
      "capabilities": [
        {
          "dmxRange": [0, 18],
          "type": "WheelSlot",
          "slotNumber": 1
        },
        {
          "dmxRange": [19, 35],
          "type": "WheelSlot",
          "slotNumber": 2
        },
        {
          "dmxRange": [36, 53],
          "type": "WheelSlot",
          "slotNumber": 3
        },
        {
          "dmxRange": [54, 71],
          "type": "WheelSlot",
          "slotNumber": 4
        },
        {
          "dmxRange": [72, 89],
          "type": "WheelSlot",
          "slotNumber": 5
        },
        {
          "dmxRange": [90, 107],
          "type": "WheelSlot",
          "slotNumber": 6
        },
        {
          "dmxRange": [108, 126],
          "type": "WheelSlot",
          "slotNumber": 7
        },
        {
          "dmxRange": [127, 127],
          "type": "WheelSlot",
          "slotNumber": 8
        },
        {
          "dmxRange": [128, 191],
          "type": "WheelRotation",
          "speedStart": "slow CW",
          "speedEnd": "fast CW"
        },
        {
          "dmxRange": [192, 255],
          "type": "WheelRotation",
          "speedStart": "slow CCW",
          "speedEnd": "fast CCW"
        }
      ]
    },
    "Gobo Wheel": {
      "capabilities": [
        {
          "dmxRange": [0, 15],
          "type": "WheelSlot",
          "slotNumber": 1
        },
        {
          "dmxRange": [16, 31],
          "type": "WheelSlot",
          "slotNumber": 2
        },
        {
          "dmxRange": [32, 47],
          "type": "WheelSlot",
          "slotNumber": 3
        },
        {
          "dmxRange": [48, 63],
          "type": "WheelSlot",
          "slotNumber": 4
        },
        {
          "dmxRange": [64, 79],
          "type": "WheelSlot",
          "slotNumber": 5
        },
        {
          "dmxRange": [80, 95],
          "type": "WheelSlot",
          "slotNumber": 6
        },
        {
          "dmxRange": [96, 111],
          "type": "WheelSlot",
          "slotNumber": 7
        },
        {
          "dmxRange": [112, 127],
          "type": "WheelSlot",
          "slotNumber": 8
        },
        {
          "dmxRange": [128, 191],
          "type": "WheelRotation",
          "speedStart": "slow CW",
          "speedEnd": "fast CW"
        },
        {
          "dmxRange": [192, 255],
          "type": "WheelRotation",
          "speedStart": "slow CCW",
          "speedEnd": "fast CCW"
        }
      ]
    },
    "Gobo Rotation": {
      "capabilities": [
        {
          "dmxRange": [0, 15],
          "type": "WheelSlotRotation",
          "wheel": "Gobo Wheel",
          "speed": "stop"
        },
        {
          "dmxRange": [16, 135],
          "type": "WheelSlotRotation",
          "wheel": "Gobo Wheel",
          "speedStart": "fast CW",
          "speedEnd": "slow CW"
        },
        {
          "dmxRange": [136, 255],
          "type": "WheelSlotRotation",
          "wheel": "Gobo Wheel",
          "speedStart": "slow CCW",
          "speedEnd": "fast CCW"
        }
      ]
    },
    "Shutter / Strobe": {
      "capabilities": [
        {
          "dmxRange": [0, 5],
          "type": "ShutterStrobe",
          "shutterEffect": "Closed"
        },
        {
          "dmxRange": [6, 128],
          "type": "Intensity"
        },
        {
          "dmxRange": [129, 131],
          "type": "Maintenance",
          "hold": "5s",
          "comment": "Reset"
        },
        {
          "dmxRange": [132, 139],
          "type": "ShutterStrobe",
          "shutterEffect": "Open"
        },
        {
          "dmxRange": [140, 199],
          "type": "ShutterStrobe",
          "shutterEffect": "Strobe",
          "speedStart": "1Hz",
          "speedEnd": "10Hz"
        },
        {
          "dmxRange": [200, 249],
          "type": "ShutterStrobe",
          "shutterEffect": "Strobe",
          "speedStart": "1Hz",
          "speedEnd": "10Hz",
          "randomTiming": true
        },
        {
          "dmxRange": [250, 255],
          "type": "ShutterStrobe",
          "shutterEffect": "Open"
        }
      ]
    }
  },
  "modes": [
    {
      "name": "Standard",
      "channels": [
        "Pan",
        "Tilt",
        "Color Wheel",
        "Gobo Wheel",
        "Gobo Rotation",
        "Shutter / Strobe"
      ]
    }
  ],
  "fixtureKey": "dj-scan-250",
  "manufacturerKey": "futurelight",
  "oflURL": "https://open-fixture-library.org/futurelight/dj-scan-250"
}
