{
  "$schema": "https://raw.githubusercontent.com/OpenLightingProject/open-fixture-library/schema-12.4.1/schemas/fixture.json",
  "name": "Compact Par 7 Tri",
  "categories": ["Color Changer"],
  "meta": {
    "authors": ["sonotron", "Felix Edelmann"],
    "createDate": "2020-02-19",
    "lastModifyDate": "2020-02-19"
  },
  "comment": "Ordercode 42580",
  "links": {
    "manual": [
      "https://assets.highlite.com/attachments/MANUAL/42580_MANUAL_GB_V2.pdf"
    ],
    "productPage": [
      "https://www.highlite.com/en/42580-compact-par-7-tri.html"
    ],
    "video": [
      "https://www.youtube.com/watch?v=Zu3i_x9KKoU"
    ]
  },
  "physical": {
    "dimensions": [275, 256, 95],
    "weight": 2.2,
    "power": 50,
    "DMXconnector": "3-pin",
    "bulb": {
      "type": "7× RGB LEDs",
      "lumens": 1540
    },
    "lens": {
      "degreesMinMax": [40, 40]
    }
  },
  "availableChannels": {
    "Master Dimmer": {
      "capability": {
        "type": "Intensity"
      }
    },
    "Red": {
      "capability": {
        "type": "ColorIntensity",
        "color": "Red"
      }
    },
    "RGB Macros": {
      "capabilities": [
        {
          "dmxRange": [0, 8],
          "type": "ColorPreset",
          "comment": "RGB macro 1",
          "colors": ["#ff0000"]
        },
        {
          "dmxRange": [9, 17],
          "type": "ColorPreset",
          "comment": "RGB macro 2",
          "colors": ["#ff3200"]
        },
        {
          "dmxRange": [18, 26],
          "type": "ColorPreset",
          "comment": "RGB macro 3",
          "colors": ["#ff9600"]
        },
        {
          "dmxRange": [27, 35],
          "type": "ColorPreset",
          "comment": "RGB macro 4",
          "colors": ["#ffff00"]
        },
        {
          "dmxRange": [36, 44],
          "type": "ColorPreset",
          "comment": "RGB macro 5",
          "colors": ["#c8ff00"]
        },
        {
          "dmxRange": [45, 53],
          "type": "ColorPreset",
          "comment": "RGB macro 6",
          "colors": ["#64ff00"]
        },
        {
          "dmxRange": [54, 62],
          "type": "ColorPreset",
          "comment": "RGB macro 7",
          "colors": ["#28ff00"]
        },
        {
          "dmxRange": [63, 71],
          "type": "ColorPreset",
          "comment": "RGB macro 8",
          "colors": ["#00ff00"]
        },
        {
          "dmxRange": [72, 80],
          "type": "ColorPreset",
          "comment": "RGB macro 9",
          "colors": ["#00ff32"]
        },
        {
          "dmxRange": [81, 89],
          "type": "ColorPreset",
          "comment": "RGB macro 10",
          "colors": ["#00ff96"]
        },
        {
          "dmxRange": [90, 98],
          "type": "ColorPreset",
          "comment": "RGB macro 11",
          "colors": ["#00ffff"]
        },
        {
          "dmxRange": [99, 107],
          "type": "ColorPreset",
          "comment": "RGB macro 12",
          "colors": ["#0096ff"]
        },
        {
          "dmxRange": [108, 116],
          "type": "ColorPreset",
          "comment": "RGB macro 13",
          "colors": ["#0032ff"]
        },
        {
          "dmxRange": [117, 125],
          "type": "ColorPreset",
          "comment": "RGB macro 14",
          "colors": ["#0000ff"]
        },
        {
          "dmxRange": [126, 134],
          "type": "ColorPreset",
          "comment": "RGB macro 15",
          "colors": ["#3200ff"]
        },
        {
          "dmxRange": [135, 143],
          "type": "ColorPreset",
          "comment": "RGB macro 16",
          "colors": ["#9600fa"]
        },
        {
          "dmxRange": [144, 152],
          "type": "ColorPreset",
          "comment": "RGB macro 17",
          "colors": ["#ff00ff"]
        },
        {
          "dmxRange": [153, 161],
          "type": "ColorPreset",
          "comment": "RGB macro 18",
          "colors": ["#dc0032"]
        },
        {
          "dmxRange": [162, 170],
          "type": "ColorPreset",
          "comment": "RGB macro 19",
          "colors": ["#963264"]
        },
        {
          "dmxRange": [171, 179],
          "type": "ColorPreset",
          "comment": "RGB macro 20",
          "colors": ["#32b4dc"]
        },
        {
          "dmxRange": [180, 188],
          "type": "ColorPreset",
          "comment": "RGB macro 21",
          "colors": ["#32dc64"]
        },
        {
          "dmxRange": [189, 197],
          "type": "ColorPreset",
          "comment": "RGB macro 22",
          "colors": ["#96dc00"]
        },
        {
          "dmxRange": [198, 206],
          "type": "ColorPreset",
          "comment": "RGB macro 23",
          "colors": ["#9600dc"]
        },
        {
          "dmxRange": [207, 215],
          "type": "ColorPreset",
          "comment": "RGB macro 24",
          "colors": ["#00b4dc"]
        },
        {
          "dmxRange": [216, 224],
          "type": "ColorPreset",
          "comment": "RGB macro 25",
          "colors": ["#00dc32"]
        },
        {
          "dmxRange": [225, 233],
          "type": "ColorPreset",
          "comment": "RGB macro 26",
          "colors": ["#dc6432"]
        },
        {
          "dmxRange": [234, 242],
          "type": "ColorPreset",
          "comment": "RGB macro 27",
          "colors": ["#dcc864"]
        },
        {
          "dmxRange": [243, 251],
          "type": "ColorPreset",
          "comment": "RGB macro 28",
          "colors": ["#ffc896"]
        },
        {
          "dmxRange": [252, 255],
          "type": "ColorPreset",
          "comment": "RGB macro 29",
          "colors": ["#ffffff"]
        }
      ]
    },
    "Program Speed": {
      "capability": {
        "type": "EffectSpeed",
        "speedStart": "slow",
        "speedEnd": "fast"
      }
    },
    "Sound Sensitivity": {
      "capability": {
        "type": "SoundSensitivity",
        "soundSensitivityStart": "low",
        "soundSensitivityEnd": "high"
      }
    },
    "Green": {
      "capability": {
        "type": "ColorIntensity",
        "color": "Green"
      }
    },
    "Blue": {
      "capability": {
        "type": "ColorIntensity",
        "color": "Blue"
      }
    },
    "Strobe": {
      "defaultValue": 0,
      "capabilities": [
        {
          "dmxRange": [0, 9],
          "type": "NoFunction"
        },
        {
          "dmxRange": [10, 255],
          "type": "ShutterStrobe",
          "shutterEffect": "Strobe",
          "speedStart": "0Hz",
          "speedEnd": "20Hz"
        }
      ]
    },
    "Color Programs": {
      "defaultValue": 0,
      "capabilities": [
        {
          "dmxRange": [0, 0],
          "type": "NoFunction",
          "switchChannels": {
            "Red / RGB Macros / Program Speed / Sound Sensitivity": "Red"
          }
        },
        {
          "dmxRange": [1, 24],
          "type": "Effect",
          "effectName": "29 static colors",
          "switchChannels": {
            "Red / RGB Macros / Program Speed / Sound Sensitivity": "RGB Macros"
          }
        },
        {
          "dmxRange": [25, 49],
          "type": "Effect",
          "effectPreset": "ColorFade",
          "comment": "7-color",
          "switchChannels": {
            "Red / RGB Macros / Program Speed / Sound Sensitivity": "Program Speed"
          }
        },
        {
          "dmxRange": [50, 74],
          "type": "Effect",
          "effectPreset": "ColorFade",
          "comment": "3-color",
          "switchChannels": {
            "Red / RGB Macros / Program Speed / Sound Sensitivity": "Program Speed"
          }
        },
        {
          "dmxRange": [75, 99],
          "type": "Effect",
          "effectPreset": "ColorJump",
          "comment": "7-color",
          "switchChannels": {
            "Red / RGB Macros / Program Speed / Sound Sensitivity": "Program Speed"
          }
        },
        {
          "dmxRange": [100, 124],
          "type": "Effect",
          "effectPreset": "ColorJump",
          "comment": "3-color",
          "switchChannels": {
            "Red / RGB Macros / Program Speed / Sound Sensitivity": "Program Speed"
          }
        },
        {
          "dmxRange": [125, 149],
          "type": "Effect",
          "effectName": "Fantasy change 1",
          "switchChannels": {
            "Red / RGB Macros / Program Speed / Sound Sensitivity": "Program Speed"
          }
        },
        {
          "dmxRange": [150, 174],
          "type": "Effect",
          "effectName": "Fantasy change 2",
          "switchChannels": {
            "Red / RGB Macros / Program Speed / Sound Sensitivity": "Program Speed"
          }
        },
        {
          "dmxRange": [175, 199],
          "type": "Effect",
          "effectName": "Red gradual change",
          "switchChannels": {
            "Red / RGB Macros / Program Speed / Sound Sensitivity": "Program Speed"
          }
        },
        {
          "dmxRange": [200, 224],
          "type": "Effect",
          "effectName": "Green gradual change",
          "switchChannels": {
            "Red / RGB Macros / Program Speed / Sound Sensitivity": "Program Speed"
          }
        },
        {
          "dmxRange": [225, 249],
          "type": "Effect",
          "effectName": "Blue gradual change",
          "switchChannels": {
            "Red / RGB Macros / Program Speed / Sound Sensitivity": "Program Speed"
          }
        },
        {
          "dmxRange": [250, 255],
          "type": "Effect",
          "effectName": "Sound control",
          "soundControlled": true,
          "switchChannels": {
            "Red / RGB Macros / Program Speed / Sound Sensitivity": "Sound Sensitivity"
          }
        }
      ]
    },
    "ID Address": {
      "capabilities": [
        {
          "dmxRange": [0, 9],
          "type": "Maintenance",
          "comment": "ID 1-66"
        },
        {
          "dmxRange": [10, 19],
          "type": "Maintenance",
          "comment": "ID 1"
        },
        {
          "dmxRange": [20, 29],
          "type": "Maintenance",
          "comment": "ID 2"
        },
        {
          "dmxRange": [30, 39],
          "type": "Maintenance",
          "comment": "ID 3"
        },
        {
          "dmxRange": [40, 49],
          "type": "Maintenance",
          "comment": "ID 4"
        },
        {
          "dmxRange": [50, 59],
          "type": "Maintenance",
          "comment": "ID 5"
        },
        {
          "dmxRange": [60, 69],
          "type": "Maintenance",
          "comment": "ID 6"
        },
        {
          "dmxRange": [70, 79],
          "type": "Maintenance",
          "comment": "ID 7"
        },
        {
          "dmxRange": [80, 89],
          "type": "Maintenance",
          "comment": "ID 8"
        },
        {
          "dmxRange": [90, 99],
          "type": "Maintenance",
          "comment": "ID 9"
        },
        {
          "dmxRange": [100, 109],
          "type": "Maintenance",
          "comment": "ID 10"
        },
        {
          "dmxRange": [110, 119],
          "type": "Maintenance",
          "comment": "ID 11"
        },
        {
          "dmxRange": [120, 129],
          "type": "Maintenance",
          "comment": "ID 12"
        },
        {
          "dmxRange": [130, 139],
          "type": "Maintenance",
          "comment": "ID 13"
        },
        {
          "dmxRange": [140, 149],
          "type": "Maintenance",
          "comment": "ID 14"
        },
        {
          "dmxRange": [150, 159],
          "type": "Maintenance",
          "comment": "ID 15"
        },
        {
          "dmxRange": [160, 169],
          "type": "Maintenance",
          "comment": "ID 16"
        },
        {
          "dmxRange": [170, 179],
          "type": "Maintenance",
          "comment": "ID 17"
        },
        {
          "dmxRange": [180, 189],
          "type": "Maintenance",
          "comment": "ID 18"
        },
        {
          "dmxRange": [190, 199],
          "type": "Maintenance",
          "comment": "ID 19"
        },
        {
          "dmxRange": [200, 209],
          "type": "Maintenance",
          "comment": "ID 20"
        },
        {
          "dmxRange": [210, 210],
          "type": "Maintenance",
          "comment": "ID 21"
        },
        {
          "dmxRange": [211, 211],
          "type": "Maintenance",
          "comment": "ID 22"
        },
        {
          "dmxRange": [212, 212],
          "type": "Maintenance",
          "comment": "ID 23"
        },
        {
          "dmxRange": [213, 213],
          "type": "Maintenance",
          "comment": "ID 24"
        },
        {
          "dmxRange": [214, 214],
          "type": "Maintenance",
          "comment": "ID 25"
        },
        {
          "dmxRange": [215, 215],
          "type": "Maintenance",
          "comment": "ID 26"
        },
        {
          "dmxRange": [216, 216],
          "type": "Maintenance",
          "comment": "ID 27"
        },
        {
          "dmxRange": [217, 217],
          "type": "Maintenance",
          "comment": "ID 28"
        },
        {
          "dmxRange": [218, 218],
          "type": "Maintenance",
          "comment": "ID 29"
        },
        {
          "dmxRange": [219, 219],
          "type": "Maintenance",
          "comment": "ID 30"
        },
        {
          "dmxRange": [220, 220],
          "type": "Maintenance",
          "comment": "ID 31"
        },
        {
          "dmxRange": [221, 221],
          "type": "Maintenance",
          "comment": "ID 32"
        },
        {
          "dmxRange": [222, 222],
          "type": "Maintenance",
          "comment": "ID 33"
        },
        {
          "dmxRange": [223, 223],
          "type": "Maintenance",
          "comment": "ID 34"
        },
        {
          "dmxRange": [224, 224],
          "type": "Maintenance",
          "comment": "ID 35"
        },
        {
          "dmxRange": [225, 225],
          "type": "Maintenance",
          "comment": "ID 36"
        },
        {
          "dmxRange": [226, 226],
          "type": "Maintenance",
          "comment": "ID 37"
        },
        {
          "dmxRange": [227, 227],
          "type": "Maintenance",
          "comment": "ID 38"
        },
        {
          "dmxRange": [228, 228],
          "type": "Maintenance",
          "comment": "ID 39"
        },
        {
          "dmxRange": [229, 229],
          "type": "Maintenance",
          "comment": "ID 40"
        },
        {
          "dmxRange": [230, 230],
          "type": "Maintenance",
          "comment": "ID 41"
        },
        {
          "dmxRange": [231, 231],
          "type": "Maintenance",
          "comment": "ID 42"
        },
        {
          "dmxRange": [232, 232],
          "type": "Maintenance",
          "comment": "ID 43"
        },
        {
          "dmxRange": [233, 233],
          "type": "Maintenance",
          "comment": "ID 44"
        },
        {
          "dmxRange": [234, 234],
          "type": "Maintenance",
          "comment": "ID 45"
        },
        {
          "dmxRange": [235, 235],
          "type": "Maintenance",
          "comment": "ID 46"
        },
        {
          "dmxRange": [236, 236],
          "type": "Maintenance",
          "comment": "ID 47"
        },
        {
          "dmxRange": [237, 237],
          "type": "Maintenance",
          "comment": "ID 48"
        },
        {
          "dmxRange": [238, 238],
          "type": "Maintenance",
          "comment": "ID 49"
        },
        {
          "dmxRange": [239, 239],
          "type": "Maintenance",
          "comment": "ID 50"
        },
        {
          "dmxRange": [240, 240],
          "type": "Maintenance",
          "comment": "ID 51"
        },
        {
          "dmxRange": [241, 241],
          "type": "Maintenance",
          "comment": "ID 52"
        },
        {
          "dmxRange": [242, 242],
          "type": "Maintenance",
          "comment": "ID 53"
        },
        {
          "dmxRange": [243, 243],
          "type": "Maintenance",
          "comment": "ID 54"
        },
        {
          "dmxRange": [244, 244],
          "type": "Maintenance",
          "comment": "ID 55"
        },
        {
          "dmxRange": [245, 245],
          "type": "Maintenance",
          "comment": "ID 56"
        },
        {
          "dmxRange": [246, 246],
          "type": "Maintenance",
          "comment": "ID 57"
        },
        {
          "dmxRange": [247, 247],
          "type": "Maintenance",
          "comment": "ID 58"
        },
        {
          "dmxRange": [248, 248],
          "type": "Maintenance",
          "comment": "ID 59"
        },
        {
          "dmxRange": [249, 249],
          "type": "Maintenance",
          "comment": "ID 60"
        },
        {
          "dmxRange": [250, 250],
          "type": "Maintenance",
          "comment": "ID 61"
        },
        {
          "dmxRange": [251, 251],
          "type": "Maintenance",
          "comment": "ID 62"
        },
        {
          "dmxRange": [252, 252],
          "type": "Maintenance",
          "comment": "ID 63"
        },
        {
          "dmxRange": [253, 253],
          "type": "Maintenance",
          "comment": "ID 64"
        },
        {
          "dmxRange": [254, 254],
          "type": "Maintenance",
          "comment": "ID 65"
        },
        {
          "dmxRange": [255, 255],
          "type": "Maintenance",
          "comment": "ID 66"
        }
      ]
    },
    "Fader Response": {
      "defaultValue": 0,
      "capabilities": [
        {
          "dmxRange": [0, 250],
          "type": "Time",
          "time": "instant"
        },
        {
          "dmxRange": [251, 255],
          "type": "Time",
          "time": "long",
          "comment": "delayed response"
        }
      ]
    }
  },
  "modes": [
    {
      "name": "3-channel",
      "shortName": "3ch",
      "channels": [
        "Red",
        "Green",
        "Blue"
      ]
    },
    {
      "name": "4-channel",
      "shortName": "4ch",
      "channels": [
        "Master Dimmer",
        "Red",
        "Green",
        "Blue"
      ]
    },
    {
      "name": "8-channel",
      "shortName": "8ch",
      "channels": [
        "Master Dimmer",
        "Red / RGB Macros / Program Speed / Sound Sensitivity",
        "Green",
        "Blue",
        "Strobe",
        "Color Programs",
        "ID Address",
        "Fader Response"
      ]
    }
  ],
  "fixtureKey": "compact-par-7-tri",
  "manufacturerKey": "showtec",
  "oflURL": "https://open-fixture-library.org/showtec/compact-par-7-tri"
}
