{
  "$schema": "https://raw.githubusercontent.com/OpenLightingProject/open-fixture-library/schema-12.4.1/schemas/fixture.json",
  "name": "L5-C",
  "categories": ["Dimmer", "Color Changer"],
  "meta": {
    "authors": ["Dyami Caliri"],
    "createDate": "2020-09-21",
    "lastModifyDate": "2020-09-21"
  },
  "links": {
    "manual": [
      "https://www.arri.com/resource/blob/31162/7aec274265c90d533cad5ae8b36ee85b/l5-0002357-arri-l-series-l5-user-manual-en-nov2018-l03301-data.pdf",
      "https://www.arri.com/resource/blob/65926/3b71e4fe69caea09f657fa8d599a55ab/l5-0022935-arri-l-series-dmx-protocol-specification-v3-4-data.pdf"
    ],
    "productPage": [
      "https://www.arri.com/en/lighting/led/l-series-c/l5-c"
    ],
    "video": [
      "https://www.youtube.com/watch?v=P5aUA5M-CXU",
      "https://www.youtube.com/watch?v=FFqDdU5SHOs"
    ]
  },
  "physical": {
    "dimensions": [220, 240, 373],
    "weight": 5.2,
    "power": 115,
    "DMXconnector": "5-pin",
    "bulb": {
      "type": "LED"
    },
    "lens": {
      "degreesMinMax": [14, 50]
    }
  },
  "availableChannels": {
    "Dimmer": {
      "fineChannelAliases": ["Dimmer fine"],
      "dmxValueResolution": "8bit",
      "defaultValue": 0,
      "highlightValue": 255,
      "capability": {
        "type": "Intensity"
      }
    },
    "Color Temperature": {
      "fineChannelAliases": ["Color Temperature fine"],
      "capability": {
        "type": "ColorTemperature",
        "colorTemperatureStart": "2800K",
        "colorTemperatureEnd": "10000K"
      }
    },
    "Green-Magenta Point 8bit": {
      "name": "Green-Magenta Point",
      "defaultValue": 0,
      "capabilities": [
        {
          "dmxRange": [0, 10],
          "type": "Generic",
          "comment": "Neutral"
        },
        {
          "dmxRange": [11, 20],
          "type": "Generic",
          "comment": "Full minus green"
        },
        {
          "dmxRange": [21, 119],
          "type": "Generic",
          "comment": "-99%…-1%"
        },
        {
          "dmxRange": [120, 145],
          "type": "Generic",
          "comment": "Neutral"
        },
        {
          "dmxRange": [146, 244],
          "type": "Generic",
          "comment": "1%…99%"
        },
        {
          "dmxRange": [245, 255],
          "type": "Generic",
          "comment": "Full plus green"
        }
      ]
    },
    "Green-Magenta Point 16bit": {
      "name": "Green-Magenta Point",
      "fineChannelAliases": ["Green-Magenta Point 16bit fine"],
      "defaultValue": 0,
      "capabilities": [
        {
          "dmxRange": [0, 5000],
          "type": "Generic",
          "comment": "Neutral"
        },
        {
          "dmxRange": [5001, 10000],
          "type": "Generic",
          "comment": "Full minus green"
        },
        {
          "dmxRange": [10001, 29999],
          "type": "Generic",
          "comment": "-99%…-1%"
        },
        {
          "dmxRange": [30000, 40000],
          "type": "Generic",
          "comment": "Neutral"
        },
        {
          "dmxRange": [40001, 59999],
          "type": "Generic",
          "comment": "1%…99%"
        },
        {
          "dmxRange": [60000, 65535],
          "type": "Generic",
          "comment": "Full plus green"
        }
      ]
    },
    "Cross Fade to Color": {
      "fineChannelAliases": ["Cross Fade to Color fine"],
      "defaultValue": 0,
      "capability": {
        "type": "Generic",
        "comment": "White … RGBW/HSI color"
      }
    },
    "Red": {
      "fineChannelAliases": ["Red fine"],
      "defaultValue": 0,
      "capability": {
        "type": "ColorIntensity",
        "color": "Red"
      }
    },
    "Green": {
      "fineChannelAliases": ["Green fine"],
      "defaultValue": 0,
      "capability": {
        "type": "ColorIntensity",
        "color": "Green"
      }
    },
    "Blue": {
      "fineChannelAliases": ["Blue fine"],
      "defaultValue": 0,
      "capability": {
        "type": "ColorIntensity",
        "color": "Blue"
      }
    },
    "White": {
      "fineChannelAliases": ["White fine"],
      "defaultValue": 0,
      "capability": {
        "type": "ColorIntensity",
        "color": "White"
      }
    },
    "Hue": {
      "fineChannelAliases": ["Hue fine"],
      "defaultValue": 0,
      "capability": {
        "type": "Generic",
        "comment": "0…360°"
      }
    },
    "Saturation": {
      "fineChannelAliases": ["Saturation fine"],
      "defaultValue": 0,
      "capability": {
        "type": "Generic",
        "comment": "0…100%"
      }
    }
  },
  "modes": [
    {
      "name": "P01: CCT & RGBW 8bit",
      "shortName": "P01",
      "channels": [
        "Dimmer",
        "Color Temperature",
        "Green-Magenta Point 8bit",
        "Cross Fade to Color",
        "Red",
        "Green",
        "Blue",
        "White"
      ]
    },
    {
      "name": "P02: CCT 8bit",
      "shortName": "P02",
      "channels": [
        "Dimmer",
        "Color Temperature",
        "Green-Magenta Point 8bit"
      ]
    },
    {
      "name": "P03: CCT & HSI 8bit",
      "shortName": "P03",
      "channels": [
        "Dimmer",
        "Color Temperature",
        "Green-Magenta Point 8bit",
        "Cross Fade to Color",
        "Hue",
        "Saturation"
      ]
    },
    {
      "name": "P04: RGBW 8bit",
      "shortName": "P04",
      "channels": [
        "Dimmer",
        "Red",
        "Green",
        "Blue",
        "White"
      ]
    },
    {
      "name": "P05: HSI 8bit",
      "shortName": "P05",
      "channels": [
        "Dimmer",
        "Hue",
        "Saturation"
      ]
    },
    {
      "name": "P06: CCT & RGBW 16bit",
      "shortName": "P06",
      "channels": [
        "Dimmer",
        "Dimmer fine",
        "Color Temperature",
        "Color Temperature fine",
        "Green-Magenta Point 16bit",
        "Green-Magenta Point 16bit fine",
        "Cross Fade to Color",
        "Cross Fade to Color fine",
        "Red",
        "Red fine",
        "Green",
        "Green fine",
        "Blue",
        "Blue fine",
        "White",
        "White fine"
      ]
    },
    {
      "name": "P07: CCT 16bit",
      "shortName": "P07",
      "channels": [
        "Dimmer",
        "Dimmer fine",
        "Color Temperature",
        "Color Temperature fine",
        "Green-Magenta Point 16bit",
        "Green-Magenta Point 16bit fine"
      ]
    },
    {
      "name": "P08: CCT & HSI 16bit",
      "shortName": "P08",
      "channels": [
        "Dimmer",
        "Dimmer fine",
        "Color Temperature",
        "Color Temperature fine",
        "Green-Magenta Point 16bit",
        "Green-Magenta Point 16bit fine",
        "Cross Fade to Color",
        "Cross Fade to Color fine",
        "Hue",
        "Hue fine",
        "Saturation",
        "Saturation fine"
      ]
    },
    {
      "name": "P09: RGBW 16bit",
      "shortName": "P09",
      "channels": [
        "Dimmer",
        "Dimmer fine",
        "Red",
        "Red fine",
        "Green",
        "Green fine",
        "Blue",
        "Blue fine",
        "White",
        "White fine"
      ]
    },
    {
      "name": "P10: HSI 16bit",
      "shortName": "P10",
      "channels": [
        "Dimmer",
        "Dimmer fine",
        "Hue",
        "Hue fine",
        "Saturation",
        "Saturation fine"
      ]
    },
    {
      "name": "P11: CCT & RGBW 8/16bit",
      "shortName": "P11",
      "channels": [
        "Dimmer",
        "Dimmer fine",
        "Color Temperature",
        "Color Temperature fine",
        "Green-Magenta Point 8bit",
        "Cross Fade to Color",
        "Red",
        "Red fine",
        "Green",
        "Green fine",
        "Blue",
        "Blue fine",
        "White",
        "White fine"
      ]
    },
    {
      "name": "P12: CCT 8/16bit",
      "shortName": "P12",
      "channels": [
        "Dimmer",
        "Dimmer fine",
        "Color Temperature",
        "Color Temperature fine",
        "Green-Magenta Point 8bit"
      ]
    },
    {
      "name": "P13: CCT & HSI 8/16bit",
      "shortName": "P13",
      "channels": [
        "Dimmer",
        "Dimmer fine",
        "Color Temperature",
        "Color Temperature fine",
        "Green-Magenta Point 8bit",
        "Cross Fade to Color",
        "Hue",
        "Hue fine",
        "Saturation",
        "Saturation fine"
      ]
    },
    {
      "name": "P14: RGBW 8/16bit",
      "shortName": "P14",
      "channels": [
        "Dimmer",
        "Dimmer fine",
        "Red",
        "Red fine",
        "Green",
        "Green fine",
        "Blue",
        "Blue fine",
        "White",
        "White fine"
      ]
    },
    {
      "name": "P15: HSI 8/16bit",
      "shortName": "P15",
      "channels": [
        "Dimmer",
        "Dimmer fine",
        "Hue",
        "Hue fine",
        "Saturation",
        "Saturation fine"
      ]
    }
  ],
  "fixtureKey": "l5-c",
  "manufacturerKey": "arri",
  "oflURL": "https://open-fixture-library.org/arri/l5-c"
}
