{
  "$schema": "https://raw.githubusercontent.com/OpenLightingProject/open-fixture-library/schema-12.4.1/schemas/fixture.json",
  "name": "LED TMH-17",
  "categories": ["Moving Head", "Color Changer"],
  "meta": {
    "authors": ["Lech"],
    "createDate": "2019-08-22",
    "lastModifyDate": "2019-08-22",
    "importPlugin": {
      "plugin": "qlcplus_4.12.1",
      "date": "2019-08-22",
      "comment": "created by Q Light Controller Plus (version 4.12.1)"
    }
  },
  "links": {
    "manual": [
      "https://www.steinigke.de/download/51786065-Manual-111842-1.100-eurolite-led-tmh-17-moving-head-spot-en_de.pdf"
    ],
    "productPage": [
      "https://www.steinigke.de/en/mpn51786065-eurolite-led-tmh-17-moving-head-spot.html"
    ],
    "video": [
      "https://www.youtube.com/watch?v=vWXsAjraBTw"
    ]
  },
  "physical": {
    "dimensions": [170, 240, 145],
    "weight": 2.65,
    "power": 50,
    "DMXconnector": "3-pin",
    "bulb": {
      "type": "White 30W LED"
    },
    "lens": {
      "degreesMinMax": [12, 12]
    }
  },
  "wheels": {
    "Color wheel": {
      "slots": [
        {
          "type": "Open"
        },
        {
          "type": "Color",
          "name": "Red",
          "colors": ["#ff0000"]
        },
        {
          "type": "Color",
          "name": "Green",
          "colors": ["#00ff00"]
        },
        {
          "type": "Color",
          "name": "Blue",
          "colors": ["#0000ff"]
        },
        {
          "type": "Color",
          "name": "Yellow",
          "colors": ["#ffff00"]
        },
        {
          "type": "Color",
          "name": "Light blue",
          "colors": ["#aaeeff"]
        },
        {
          "type": "Color",
          "name": "Orange",
          "colors": ["#ffaa00"]
        },
        {
          "type": "Color",
          "name": "Magenta",
          "colors": ["#ff00ff"]
        }
      ]
    },
    "Gobo Wheel": {
      "direction": "CCW",
      "slots": [
        {
          "type": "Open"
        },
        {
          "type": "Gobo"
        },
        {
          "type": "Gobo"
        },
        {
          "type": "Gobo"
        },
        {
          "type": "Gobo"
        },
        {
          "type": "Gobo"
        },
        {
          "type": "Gobo"
        },
        {
          "type": "Gobo"
        }
      ]
    }
  },
  "availableChannels": {
    "Pan": {
      "fineChannelAliases": ["Pan fine"],
      "dmxValueResolution": "8bit",
      "defaultValue": 128,
      "capability": {
        "type": "Pan",
        "angleStart": "0deg",
        "angleEnd": "540deg"
      }
    },
    "Tilt": {
      "fineChannelAliases": ["Tilt fine"],
      "dmxValueResolution": "8bit",
      "defaultValue": 128,
      "capability": {
        "type": "Tilt",
        "angleStart": "0deg",
        "angleEnd": "200deg"
      }
    },
    "Color wheel": {
      "defaultValue": 0,
      "capabilities": [
        {
          "dmxRange": [0, 9],
          "type": "WheelSlot",
          "slotNumber": 1
        },
        {
          "dmxRange": [10, 19],
          "type": "WheelSlot",
          "slotNumber": 2
        },
        {
          "dmxRange": [20, 29],
          "type": "WheelSlot",
          "slotNumber": 3
        },
        {
          "dmxRange": [30, 39],
          "type": "WheelSlot",
          "slotNumber": 4
        },
        {
          "dmxRange": [40, 49],
          "type": "WheelSlot",
          "slotNumber": 5
        },
        {
          "dmxRange": [50, 59],
          "type": "WheelSlot",
          "slotNumber": 6
        },
        {
          "dmxRange": [60, 69],
          "type": "WheelSlot",
          "slotNumber": 7
        },
        {
          "dmxRange": [70, 79],
          "type": "WheelSlot",
          "slotNumber": 8
        },
        {
          "dmxRange": [80, 89],
          "type": "WheelSlot",
          "slotNumber": 7.5
        },
        {
          "dmxRange": [90, 99],
          "type": "WheelSlot",
          "slotNumber": 6.5
        },
        {
          "dmxRange": [100, 109],
          "type": "WheelSlot",
          "slotNumber": 5.5
        },
        {
          "dmxRange": [110, 119],
          "type": "WheelSlot",
          "slotNumber": 4.5
        },
        {
          "dmxRange": [120, 129],
          "type": "WheelSlot",
          "slotNumber": 3.5
        },
        {
          "dmxRange": [130, 139],
          "type": "WheelSlot",
          "slotNumber": 2.5
        },
        {
          "dmxRange": [140, 255],
          "type": "WheelRotation",
          "speedStart": "slow CW",
          "speedEnd": "fast CW"
        }
      ]
    },
    "Gobo Wheel": {
      "defaultValue": 0,
      "capabilities": [
        {
          "dmxRange": [0, 7],
          "type": "WheelSlot",
          "slotNumber": 1
        },
        {
          "dmxRange": [8, 15],
          "type": "WheelSlot",
          "slotNumber": 2
        },
        {
          "dmxRange": [16, 24],
          "type": "WheelSlot",
          "slotNumber": 3
        },
        {
          "dmxRange": [25, 31],
          "type": "WheelSlot",
          "slotNumber": 4
        },
        {
          "dmxRange": [32, 39],
          "type": "WheelSlot",
          "slotNumber": 5
        },
        {
          "dmxRange": [40, 47],
          "type": "WheelSlot",
          "slotNumber": 6
        },
        {
          "dmxRange": [48, 55],
          "type": "WheelSlot",
          "slotNumber": 7
        },
        {
          "dmxRange": [56, 63],
          "type": "WheelSlot",
          "slotNumber": 8
        },
        {
          "dmxRange": [64, 71],
          "type": "WheelShake",
          "slotNumber": 8,
          "shakeSpeedStart": "slow",
          "shakeSpeedEnd": "fast"
        },
        {
          "dmxRange": [72, 79],
          "type": "WheelShake",
          "slotNumber": 7,
          "shakeSpeedStart": "slow",
          "shakeSpeedEnd": "fast"
        },
        {
          "dmxRange": [80, 87],
          "type": "WheelShake",
          "slotNumber": 6,
          "shakeSpeedStart": "slow",
          "shakeSpeedEnd": "fast"
        },
        {
          "dmxRange": [88, 95],
          "type": "WheelShake",
          "slotNumber": 5,
          "shakeSpeedStart": "slow",
          "shakeSpeedEnd": "fast"
        },
        {
          "dmxRange": [96, 103],
          "type": "WheelShake",
          "slotNumber": 4,
          "shakeSpeedStart": "slow",
          "shakeSpeedEnd": "fast"
        },
        {
          "dmxRange": [104, 111],
          "type": "WheelShake",
          "slotNumber": 3,
          "shakeSpeedStart": "slow",
          "shakeSpeedEnd": "fast"
        },
        {
          "dmxRange": [112, 119],
          "type": "WheelShake",
          "slotNumber": 2,
          "shakeSpeedStart": "slow",
          "shakeSpeedEnd": "fast"
        },
        {
          "dmxRange": [120, 127],
          "type": "WheelSlot",
          "slotNumber": 1
        },
        {
          "dmxRange": [128, 255],
          "type": "WheelRotation",
          "speedStart": "slow CW",
          "speedEnd": "fast CW"
        }
      ]
    },
    "Strobe": {
      "defaultValue": 0,
      "capabilities": [
        {
          "dmxRange": [0, 9],
          "type": "NoFunction"
        },
        {
          "dmxRange": [10, 249],
          "type": "ShutterStrobe",
          "shutterEffect": "Strobe",
          "speedStart": "slow",
          "speedEnd": "fast"
        },
        {
          "dmxRange": [250, 255],
          "type": "NoFunction"
        }
      ]
    },
    "Intensity": {
      "defaultValue": 0,
      "capability": {
        "type": "Intensity"
      }
    },
    "Pan/Tilt Speed": {
      "defaultValue": 0,
      "capability": {
        "type": "PanTiltSpeed",
        "speedStart": "fast",
        "speedEnd": "slow"
      }
    },
    "Auto Programs": {
      "defaultValue": 0,
      "capabilities": [
        {
          "dmxRange": [0, 59],
          "type": "NoFunction"
        },
        {
          "dmxRange": [60, 159],
          "type": "Effect",
          "effectName": "Internal program"
        },
        {
          "dmxRange": [160, 255],
          "type": "Effect",
          "effectName": "Sound to Light",
          "soundControlled": true
        }
      ]
    },
    "Maintenance": {
      "defaultValue": 0,
      "capabilities": [
        {
          "dmxRange": [0, 20],
          "type": "NoFunction"
        },
        {
          "dmxRange": [21, 100],
          "type": "Maintenance",
          "comment": "Pan movement"
        },
        {
          "dmxRange": [101, 200],
          "type": "Maintenance",
          "comment": "Tilt movement"
        },
        {
          "dmxRange": [201, 249],
          "type": "Maintenance",
          "comment": "Pan/tilt movement"
        },
        {
          "dmxRange": [250, 255],
          "type": "Maintenance",
          "comment": "Reset"
        }
      ]
    }
  },
  "modes": [
    {
      "name": "9-channel",
      "shortName": "9ch",
      "channels": [
        "Pan",
        "Tilt",
        "Color wheel",
        "Gobo Wheel",
        "Strobe",
        "Intensity",
        "Pan/Tilt Speed",
        "Auto Programs",
        "Maintenance"
      ]
    },
    {
      "name": "11-channel",
      "shortName": "11ch",
      "channels": [
        "Pan",
        "Pan fine",
        "Tilt",
        "Tilt fine",
        "Color wheel",
        "Gobo Wheel",
        "Strobe",
        "Intensity",
        "Pan/Tilt Speed",
        "Auto Programs",
        "Maintenance"
      ]
    }
  ],
  "fixtureKey": "led-tmh-17",
  "manufacturerKey": "eurolite",
  "oflURL": "https://open-fixture-library.org/eurolite/led-tmh-17"
}
