{
  "$schema": "https://raw.githubusercontent.com/OpenLightingProject/open-fixture-library/schema-12.4.1/schemas/fixture.json",
  "name": "LED Bar-6 QCL RGBW",
  "categories": ["Color Changer"],
  "meta": {
    "authors": ["Luke Nelson"],
    "createDate": "2022-10-12",
    "lastModifyDate": "2022-10-12",
    "importPlugin": {
      "plugin": "qlcplus_4.12.1",
      "date": "2022-10-12",
      "comment": "created by Q Light Controller Plus (version 4.12.6)"
    }
  },
  "links": {
    "manual": [
      "https://images.static-thomann.de/pics/atg/atgdata/document/manual/420780_eurolite_led_bar_6_12_rgbw_de_uk.pdf"
    ],
    "productPage": [
      "https://www.thomann.de/gb/eurolite_led_bar_6_qcl_rgbw.htm"
    ],
    "video": [
      "https://www.youtube.com/watch?v=tXEgjiP5YWA"
    ]
  },
  "physical": {
    "dimensions": [585, 65, 100],
    "weight": 2.9,
    "power": 15,
    "DMXconnector": "3-pin",
    "bulb": {
      "type": "LED"
    },
    "lens": {
      "degreesMinMax": [17, 17]
    }
  },
  "availableChannels": {
    "Dimmer": {
      "defaultValue": 0,
      "capability": {
        "type": "Intensity"
      }
    },
    "Red": {
      "defaultValue": 0,
      "capability": {
        "type": "ColorIntensity",
        "color": "Red"
      }
    },
    "Green": {
      "defaultValue": 0,
      "capability": {
        "type": "ColorIntensity",
        "color": "Green"
      }
    },
    "Blue": {
      "defaultValue": 0,
      "capability": {
        "type": "ColorIntensity",
        "color": "Blue"
      }
    },
    "White": {
      "defaultValue": 0,
      "capability": {
        "type": "ColorIntensity",
        "color": "White"
      }
    },
    "Auto Program": {
      "defaultValue": 0,
      "capabilities": [
        {
          "dmxRange": [0, 9],
          "type": "NoFunction"
        },
        {
          "dmxRange": [10, 119],
          "type": "Effect",
          "effectName": "Auto mode"
        },
        {
          "dmxRange": [120, 255],
          "type": "Effect",
          "effectName": "Sound mode",
          "soundControlled": true
        }
      ]
    },
    "Auto Program Speed": {
      "defaultValue": 0,
      "capability": {
        "type": "EffectSpeed",
        "speedStart": "slow",
        "speedEnd": "fast"
      }
    },
    "Color Presets": {
      "defaultValue": 0,
      "capabilities": [
        {
          "dmxRange": [0, 9],
          "type": "NoFunction"
        },
        {
          "dmxRange": [10, 19],
          "type": "ColorPreset",
          "comment": "Red",
          "colors": ["#ff0000"]
        },
        {
          "dmxRange": [20, 29],
          "type": "ColorPreset",
          "comment": "Green",
          "colors": ["#00ff00"]
        },
        {
          "dmxRange": [30, 39],
          "type": "ColorPreset",
          "comment": "Blue",
          "colors": ["#0000ff"]
        },
        {
          "dmxRange": [40, 49],
          "type": "ColorPreset",
          "comment": "White",
          "colors": ["#ffffff"]
        },
        {
          "dmxRange": [50, 59],
          "type": "ColorPreset",
          "comment": "Green yellow",
          "colors": ["#d4fb79"]
        },
        {
          "dmxRange": [60, 69],
          "type": "ColorPreset",
          "comment": "Cyan",
          "colors": ["#00fdff"]
        },
        {
          "dmxRange": [70, 79],
          "type": "ColorPreset",
          "comment": "Magenta",
          "colors": ["#ff40ff"]
        },
        {
          "dmxRange": [80, 89],
          "type": "ColorPreset",
          "comment": "Yellow",
          "colors": ["#fffb00"]
        },
        {
          "dmxRange": [90, 99],
          "type": "ColorPreset",
          "comment": "Turquoise",
          "colors": ["#00fdff"]
        },
        {
          "dmxRange": [100, 109],
          "type": "ColorPreset",
          "comment": "Magenta",
          "colors": ["#ff40ff"]
        },
        {
          "dmxRange": [110, 119],
          "type": "ColorPreset",
          "comment": "Orange",
          "colors": ["#ff9300"]
        },
        {
          "dmxRange": [120, 129],
          "type": "ColorPreset",
          "comment": "Light Green",
          "colors": ["#73fa79"]
        },
        {
          "dmxRange": [130, 139],
          "type": "ColorPreset",
          "comment": "Magenta",
          "colors": ["#ff40ff"]
        },
        {
          "dmxRange": [140, 149],
          "type": "ColorPreset",
          "comment": "Pink",
          "colors": ["#8cff8c"]
        },
        {
          "dmxRange": [150, 159],
          "type": "ColorPreset",
          "comment": "Light Green",
          "colors": ["#73fa79"]
        },
        {
          "dmxRange": [160, 169],
          "type": "ColorPreset",
          "comment": "Light Blue",
          "colors": ["#76d6ff"]
        },
        {
          "dmxRange": [170, 179],
          "type": "ColorPreset",
          "comment": "Cold White",
          "colors": ["#ffffff"]
        },
        {
          "dmxRange": [180, 189],
          "type": "ColorPreset",
          "comment": "Warm White",
          "colors": ["#fff8af"]
        },
        {
          "dmxRange": [190, 255],
          "type": "ColorPreset",
          "comment": "Lavender",
          "colors": ["#d783ff"]
        }
      ]
    },
    "Strobe / Program": {
      "defaultValue": 0,
      "capabilities": [
        {
          "dmxRange": [0, 0],
          "type": "NoFunction"
        },
        {
          "dmxRange": [1, 5],
          "type": "Effect",
          "effectName": "Sound control",
          "soundControlled": true
        },
        {
          "dmxRange": [6, 10],
          "type": "NoFunction"
        },
        {
          "dmxRange": [11, 255],
          "type": "ShutterStrobe",
          "shutterEffect": "Strobe",
          "speedStart": "0.5Hz",
          "speedEnd": "20Hz"
        }
      ]
    },
    "Color Temperature": {
      "defaultValue": 0,
      "capabilities": [
        {
          "dmxRange": [0, 9],
          "type": "NoFunction"
        },
        {
          "dmxRange": [10, 29],
          "type": "ColorTemperature",
          "colorTemperature": "2700K"
        },
        {
          "dmxRange": [30, 49],
          "type": "ColorTemperature",
          "colorTemperature": "3200K"
        },
        {
          "dmxRange": [50, 69],
          "type": "ColorTemperature",
          "colorTemperature": "3400K"
        },
        {
          "dmxRange": [70, 89],
          "type": "ColorTemperature",
          "colorTemperature": "4200K"
        },
        {
          "dmxRange": [90, 109],
          "type": "ColorTemperature",
          "colorTemperature": "4900K"
        },
        {
          "dmxRange": [110, 129],
          "type": "ColorTemperature",
          "colorTemperature": "5600K"
        },
        {
          "dmxRange": [130, 149],
          "type": "ColorTemperature",
          "colorTemperature": "6000K"
        },
        {
          "dmxRange": [150, 169],
          "type": "ColorTemperature",
          "colorTemperature": "6500K"
        },
        {
          "dmxRange": [170, 189],
          "type": "ColorTemperature",
          "colorTemperature": "7500K"
        },
        {
          "dmxRange": [190, 255],
          "type": "ColorTemperature",
          "colorTemperature": "8000K"
        }
      ]
    },
    "Strobe": {
      "defaultValue": 0,
      "capabilities": [
        {
          "dmxRange": [0, 9],
          "type": "ShutterStrobe",
          "shutterEffect": "Open"
        },
        {
          "dmxRange": [10, 255],
          "type": "ShutterStrobe",
          "shutterEffect": "Strobe",
          "speedStart": "0.5Hz",
          "speedEnd": "20Hz"
        }
      ]
    }
  },
  "modes": [
    {
      "name": "2-channel",
      "shortName": "2ch",
      "channels": [
        "Auto Program",
        "Auto Program Speed"
      ]
    },
    {
      "name": "4-channel",
      "shortName": "4ch",
      "channels": [
        "Red",
        "Green",
        "Blue",
        "White"
      ]
    },
    {
      "name": "5-channel",
      "shortName": "5ch",
      "channels": [
        "Dimmer",
        "Color Presets",
        "Strobe",
        "Auto Program",
        "Auto Program Speed"
      ]
    },
    {
      "name": "6-channel",
      "shortName": "6ch",
      "channels": [
        "Red",
        "Green",
        "Blue",
        "White",
        "Dimmer",
        "Strobe / Program"
      ]
    },
    {
      "name": "9-channel",
      "shortName": "9ch",
      "channels": [
        "Red",
        "Green",
        "Blue",
        "White",
        "Color Temperature",
        "Dimmer",
        "Strobe",
        "Auto Program",
        "Auto Program Speed"
      ]
    }
  ],
  "fixtureKey": "led-bar-6-qcl-rgbw",
  "manufacturerKey": "eurolite",
  "oflURL": "https://open-fixture-library.org/eurolite/led-bar-6-qcl-rgbw"
}
