{
  "$schema": "https://raw.githubusercontent.com/OpenLightingProject/open-fixture-library/schema-12.4.1/schemas/fixture.json",
  "name": "LED KLS-801",
  "shortName": "KLS801",
  "categories": ["Stand", "Color Changer"],
  "meta": {
    "authors": ["Flo Edelmann", "Felix Edelmann"],
    "createDate": "2017-01-20",
    "lastModifyDate": "2018-08-24"
  },
  "links": {
    "manual": [
      "http://s141963554.online.de/anleitung/Steinigke/81012467.pdf"
    ],
    "video": [
      "https://www.youtube.com/watch?v=QjuPg9DT9Ok"
    ]
  },
  "physical": {
    "dimensions": [1200, 315, 65],
    "weight": 9,
    "power": 130,
    "DMXconnector": "3-pin",
    "bulb": {
      "type": "LED"
    },
    "lens": {
      "degreesMinMax": [30, 30]
    }
  },
  "matrix": {
    "pixelKeys": [
      [
        [
          "4",
          "3",
          "2",
          "1"
        ]
      ]
    ]
  },
  "availableChannels": {
    "Preset programs": {
      "defaultValue": 0,
      "capabilities": [
        {
          "dmxRange": [0, 9],
          "type": "NoFunction",
          "switchChannels": {
            "Red 1 / Running Speed": "Red 1",
            "Green 1 / Fade Time": "Green 1"
          }
        },
        {
          "dmxRange": [10, 29],
          "type": "Effect",
          "effectName": "Program 1",
          "switchChannels": {
            "Red 1 / Running Speed": "Running Speed",
            "Green 1 / Fade Time": "Fade Time"
          }
        },
        {
          "dmxRange": [30, 49],
          "type": "Effect",
          "effectName": "Program 2",
          "switchChannels": {
            "Red 1 / Running Speed": "Running Speed",
            "Green 1 / Fade Time": "Fade Time"
          }
        },
        {
          "dmxRange": [50, 69],
          "type": "Effect",
          "effectName": "Program 3",
          "switchChannels": {
            "Red 1 / Running Speed": "Running Speed",
            "Green 1 / Fade Time": "Fade Time"
          }
        },
        {
          "dmxRange": [70, 89],
          "type": "Effect",
          "effectName": "Program 4",
          "switchChannels": {
            "Red 1 / Running Speed": "Running Speed",
            "Green 1 / Fade Time": "Fade Time"
          }
        },
        {
          "dmxRange": [90, 109],
          "type": "Effect",
          "effectName": "Program 5",
          "switchChannels": {
            "Red 1 / Running Speed": "Running Speed",
            "Green 1 / Fade Time": "Fade Time"
          }
        },
        {
          "dmxRange": [110, 129],
          "type": "Effect",
          "effectName": "Program 6",
          "switchChannels": {
            "Red 1 / Running Speed": "Running Speed",
            "Green 1 / Fade Time": "Fade Time"
          }
        },
        {
          "dmxRange": [130, 149],
          "type": "Effect",
          "effectName": "Program 7",
          "switchChannels": {
            "Red 1 / Running Speed": "Running Speed",
            "Green 1 / Fade Time": "Fade Time"
          }
        },
        {
          "dmxRange": [150, 169],
          "type": "Effect",
          "effectName": "Program 8",
          "switchChannels": {
            "Red 1 / Running Speed": "Running Speed",
            "Green 1 / Fade Time": "Fade Time"
          }
        },
        {
          "dmxRange": [170, 189],
          "type": "Effect",
          "effectName": "Program 9",
          "switchChannels": {
            "Red 1 / Running Speed": "Running Speed",
            "Green 1 / Fade Time": "Fade Time"
          }
        },
        {
          "dmxRange": [190, 209],
          "type": "Effect",
          "effectName": "Program 10",
          "switchChannels": {
            "Red 1 / Running Speed": "Running Speed",
            "Green 1 / Fade Time": "Fade Time"
          }
        },
        {
          "dmxRange": [210, 229],
          "type": "Effect",
          "effectName": "Program 11",
          "switchChannels": {
            "Red 1 / Running Speed": "Running Speed",
            "Green 1 / Fade Time": "Fade Time"
          }
        },
        {
          "dmxRange": [230, 249],
          "type": "Effect",
          "effectName": "Automatic mode",
          "switchChannels": {
            "Red 1 / Running Speed": "Running Speed",
            "Green 1 / Fade Time": "Fade Time"
          }
        },
        {
          "dmxRange": [250, 255],
          "type": "Effect",
          "effectName": "Sound Control",
          "soundControlled": true,
          "switchChannels": {
            "Red 1 / Running Speed": "Running Speed",
            "Green 1 / Fade Time": "Fade Time"
          }
        }
      ]
    },
    "Master Dimmer": {
      "highlightValue": 255,
      "capability": {
        "type": "Intensity"
      }
    },
    "Strobe": {
      "highlightValue": 220,
      "capabilities": [
        {
          "dmxRange": [0, 9],
          "type": "ShutterStrobe",
          "shutterEffect": "Open"
        },
        {
          "dmxRange": [10, 255],
          "type": "ShutterStrobe",
          "shutterEffect": "Strobe",
          "speedStart": "slow",
          "speedEnd": "fast",
          "menuClick": "center"
        }
      ]
    },
    "Running Speed": {
      "capability": {
        "type": "EffectSpeed",
        "speedStart": "slow",
        "speedEnd": "fast"
      }
    },
    "Fade Time": {
      "capability": {
        "type": "EffectDuration",
        "durationStart": "short",
        "durationEnd": "long"
      }
    }
  },
  "templateChannels": {
    "Red $pixelKey": {
      "highlightValue": 255,
      "capability": {
        "type": "ColorIntensity",
        "color": "Red"
      }
    },
    "Green $pixelKey": {
      "highlightValue": 255,
      "capability": {
        "type": "ColorIntensity",
        "color": "Green"
      }
    },
    "Blue $pixelKey": {
      "highlightValue": 255,
      "capability": {
        "type": "ColorIntensity",
        "color": "Blue"
      }
    }
  },
  "modes": [
    {
      "name": "15-channel",
      "shortName": "15ch",
      "channels": [
        "Preset programs",
        "Master Dimmer",
        "Strobe",
        "Red 1 / Running Speed",
        "Green 1 / Fade Time",
        "Blue 1",
        {
          "insert": "matrixChannels",
          "repeatFor": [
            "2",
            "3",
            "4"
          ],
          "channelOrder": "perPixel",
          "templateChannels": [
            "Red $pixelKey",
            "Green $pixelKey",
            "Blue $pixelKey"
          ]
        }
      ]
    }
  ],
  "fixtureKey": "led-kls-801",
  "manufacturerKey": "eurolite",
  "oflURL": "https://open-fixture-library.org/eurolite/led-kls-801"
}
