{
  "$schema": "https://raw.githubusercontent.com/OpenLightingProject/open-fixture-library/schema-12.4.1/schemas/fixture.json",
  "name": "CUEPIX Blinder WW4",
  "categories": ["Blinder", "Matrix", "Strobe"],
  "meta": {
    "authors": ["Felix Edelmann"],
    "createDate": "2019-10-30",
    "lastModifyDate": "2019-10-30",
    "importPlugin": {
      "plugin": "qlcplus_4.12.1",
      "date": "2019-10-30",
      "comment": "created by Q Light Controller Plus (version 4.12.1)"
    }
  },
  "links": {
    "manual": [
      "https://cdb.s3.amazonaws.com/ItemRelatedFiles/9870/Elation%20Cuepix%20Blinder%20WW4%20-%20User%20Manual%20.pdf"
    ],
    "productPage": [
      "https://www.elationlighting.com/cuepix-blinder-ww4"
    ]
  },
  "physical": {
    "dimensions": [259.4, 181.2, 478],
    "weight": 5.1,
    "power": 229,
    "DMXconnector": "3-pin and 5-pin",
    "bulb": {
      "type": "100W Warm White COB LEDs",
      "colorTemperature": 3200
    },
    "lens": {
      "degreesMinMax": [60, 60]
    }
  },
  "matrix": {
    "pixelKeys": [
      [
        [
          "Top-Left",
          "Top-Right"
        ],
        [
          "Bottom-Left",
          "Bottom-Right"
        ]
      ]
    ],
    "pixelGroups": {
      "Master": "all"
    }
  },
  "availableChannels": {
    "Internal Macros": {
      "defaultValue": 0,
      "capabilities": [
        {
          "dmxRange": [0, 20],
          "type": "NoFunction"
        },
        {
          "dmxRange": [21, 42],
          "type": "Effect",
          "effectName": "Dream"
        },
        {
          "dmxRange": [43, 64],
          "type": "Effect",
          "effectName": "Meteor"
        },
        {
          "dmxRange": [65, 87],
          "type": "Effect",
          "effectPreset": "ColorFade"
        },
        {
          "dmxRange": [88, 110],
          "type": "Effect",
          "effectPreset": "ColorJump"
        },
        {
          "dmxRange": [111, 123],
          "type": "Effect",
          "effectName": "Flow 1"
        },
        {
          "dmxRange": [124, 146],
          "type": "Effect",
          "effectName": "Flow 2"
        },
        {
          "dmxRange": [147, 169],
          "type": "Effect",
          "effectName": "Flow 3"
        },
        {
          "dmxRange": [170, 192],
          "type": "Effect",
          "effectName": "Flow 4"
        },
        {
          "dmxRange": [193, 255],
          "type": "NoFunction"
        }
      ]
    },
    "Macro Speed": {
      "capability": {
        "type": "EffectSpeed",
        "speedStart": "slow",
        "speedEnd": "fast"
      }
    },
    "Master Dimmer": {
      "defaultValue": 0,
      "capability": {
        "type": "Intensity"
      }
    },
    "Strobe": {
      "defaultValue": 32,
      "capabilities": [
        {
          "dmxRange": [0, 31],
          "type": "ShutterStrobe",
          "shutterEffect": "Closed"
        },
        {
          "dmxRange": [32, 63],
          "type": "ShutterStrobe",
          "shutterEffect": "Open"
        },
        {
          "dmxRange": [64, 95],
          "type": "ShutterStrobe",
          "shutterEffect": "Strobe",
          "speedStart": "slow",
          "speedEnd": "fast"
        },
        {
          "dmxRange": [96, 127],
          "type": "ShutterStrobe",
          "shutterEffect": "Open"
        },
        {
          "dmxRange": [128, 159],
          "type": "ShutterStrobe",
          "shutterEffect": "Pulse",
          "speedStart": "slow",
          "speedEnd": "fast"
        },
        {
          "dmxRange": [160, 191],
          "type": "ShutterStrobe",
          "shutterEffect": "Open"
        },
        {
          "dmxRange": [192, 223],
          "type": "ShutterStrobe",
          "shutterEffect": "Strobe",
          "speedStart": "slow",
          "speedEnd": "fast",
          "randomTiming": true
        },
        {
          "dmxRange": [224, 255],
          "type": "ShutterStrobe",
          "shutterEffect": "Open"
        }
      ]
    },
    "Dimming Curve": {
      "defaultValue": 0,
      "capabilities": [
        {
          "dmxRange": [0, 41],
          "type": "Maintenance",
          "comment": "Standard"
        },
        {
          "dmxRange": [42, 84],
          "type": "Maintenance",
          "comment": "Stage"
        },
        {
          "dmxRange": [85, 127],
          "type": "Maintenance",
          "comment": "TV"
        },
        {
          "dmxRange": [128, 170],
          "type": "Maintenance",
          "comment": "Architectural"
        },
        {
          "dmxRange": [171, 213],
          "type": "Maintenance",
          "comment": "Theatre"
        },
        {
          "dmxRange": [214, 255],
          "type": "Maintenance",
          "comment": "Default to unit setting"
        }
      ]
    }
  },
  "templateChannels": {
    "Warm White $pixelKey": {
      "defaultValue": 0,
      "capability": {
        "type": "ColorIntensity",
        "color": "Warm White"
      }
    }
  },
  "modes": [
    {
      "name": "1-channel",
      "shortName": "1ch",
      "channels": [
        "Warm White Master"
      ]
    },
    {
      "name": "2-channel",
      "shortName": "2ch",
      "channels": [
        "Warm White Master",
        "Master Dimmer"
      ]
    },
    {
      "name": "4-channel",
      "shortName": "4ch",
      "channels": [
        "Warm White Top-Left",
        "Warm White Top-Right",
        "Warm White Bottom-Left",
        "Warm White Bottom-Right"
      ]
    },
    {
      "name": "5-channel",
      "shortName": "5ch",
      "channels": [
        "Warm White Top-Left",
        "Warm White Top-Right",
        "Warm White Bottom-Left",
        "Warm White Bottom-Right",
        "Master Dimmer"
      ]
    },
    {
      "name": "7-channel",
      "shortName": "7ch",
      "channels": [
        "Warm White Top-Left",
        "Warm White Top-Right",
        "Warm White Bottom-Left",
        "Warm White Bottom-Right",
        "Master Dimmer",
        "Strobe",
        "Dimming Curve"
      ]
    },
    {
      "name": "9-channel",
      "shortName": "9ch",
      "channels": [
        "Warm White Top-Left",
        "Warm White Top-Right",
        "Warm White Bottom-Left",
        "Warm White Bottom-Right",
        "Internal Macros",
        "Macro Speed",
        "Master Dimmer",
        "Strobe",
        "Dimming Curve"
      ]
    }
  ],
  "fixtureKey": "cuepix-blinder-ww4",
  "manufacturerKey": "elation",
  "oflURL": "https://open-fixture-library.org/elation/cuepix-blinder-ww4"
}
