{
  "$schema": "https://raw.githubusercontent.com/OpenLightingProject/open-fixture-library/schema-12.4.1/schemas/fixture.json",
  "name": "Platinum HFX",
  "shortName": "PlatHFX",
  "categories": ["Moving Head", "Color Changer"],
  "meta": {
    "authors": ["Flo Edelmann"],
    "createDate": "2017-05-26",
    "lastModifyDate": "2018-09-04"
  },
  "links": {
    "manual": [
      "https://cdb.s3.amazonaws.com/ItemRelatedFiles/9814/Platinum%20HFX%20-%20User%20Manual%20.pdf"
    ],
    "productPage": [
      "https://www.elationlighting.com/platinum-hfx"
    ],
    "video": [
      "https://www.youtube.com/watch?v=87bDvuq6o-s",
      "https://www.youtube.com/watch?v=Fn4PbT3aV6I"
    ]
  },
  "physical": {
    "dimensions": [466, 675.5, 340],
    "weight": 22.7,
    "power": 450,
    "DMXconnector": "5-pin",
    "bulb": {
      "type": "Philips MSD Platinum 14R 280W"
    }
  },
  "wheels": {
    "Color Wheel": {
      "slots": [
        {
          "type": "Open"
        },
        {
          "type": "Color",
          "name": "Red",
          "colors": ["#ed2024"]
        },
        {
          "type": "Color",
          "name": "Blue",
          "colors": ["#20409a"]
        },
        {
          "type": "Color",
          "name": "Green",
          "colors": ["#0ba14b"]
        },
        {
          "type": "Color",
          "name": "Yellow",
          "colors": ["#fff200"]
        },
        {
          "type": "Color",
          "name": "Pink",
          "colors": ["#d93595"]
        },
        {
          "type": "Color",
          "name": "Orange",
          "colors": ["#f26522"]
        },
        {
          "type": "Color",
          "name": "Aqua",
          "colors": ["#149389"]
        },
        {
          "type": "Color",
          "name": "Magenta",
          "colors": ["#ec008c"]
        },
        {
          "type": "Color",
          "name": "Quad color",
          "colors": ["#3b59a8", "#f6f06b", "#47b749", "#991b1e"]
        },
        {
          "type": "Color",
          "name": "Cyan",
          "colors": ["#00aeef"]
        },
        {
          "type": "Color",
          "name": "CTO",
          "colors": ["#f26751"]
        },
        {
          "type": "Color",
          "name": "CTB",
          "colors": ["#c3e7ec"]
        },
        {
          "type": "Color",
          "name": "UV",
          "colors": ["#3e69b3"]
        }
      ]
    },
    "Rotating Gobo Wheel": {
      "slots": [
        {
          "type": "Open"
        },
        {
          "type": "Gobo"
        },
        {
          "type": "Gobo"
        },
        {
          "type": "Gobo"
        },
        {
          "type": "Gobo"
        },
        {
          "type": "Gobo"
        },
        {
          "type": "Gobo"
        },
        {
          "type": "Gobo"
        },
        {
          "type": "Gobo"
        }
      ]
    },
    "Static Gobo Wheel": {
      "slots": [
        {
          "type": "Open"
        },
        {
          "type": "Gobo"
        },
        {
          "type": "Gobo"
        },
        {
          "type": "Gobo"
        },
        {
          "type": "Gobo"
        },
        {
          "type": "Gobo"
        },
        {
          "type": "Gobo"
        },
        {
          "type": "Gobo"
        },
        {
          "type": "Gobo"
        },
        {
          "type": "Gobo"
        },
        {
          "type": "Gobo"
        },
        {
          "type": "Gobo"
        },
        {
          "type": "Gobo"
        }
      ]
    }
  },
  "availableChannels": {
    "Pan": {
      "fineChannelAliases": ["Pan fine"],
      "defaultValue": "50%",
      "capability": {
        "type": "Pan",
        "angleStart": "0deg",
        "angleEnd": "630deg"
      }
    },
    "Tilt": {
      "fineChannelAliases": ["Tilt fine"],
      "defaultValue": "50%",
      "capability": {
        "type": "Tilt",
        "angleStart": "0deg",
        "angleEnd": "270deg"
      }
    },
    "Color Wheel": {
      "fineChannelAliases": ["Color Wheel fine"],
      "dmxValueResolution": "8bit",
      "capabilities": [
        {
          "dmxRange": [0, 10],
          "type": "WheelSlot",
          "slotNumber": 1
        },
        {
          "dmxRange": [11, 19],
          "type": "WheelSlot",
          "slotNumber": 2
        },
        {
          "dmxRange": [20, 28],
          "type": "WheelSlot",
          "slotNumber": 3
        },
        {
          "dmxRange": [29, 37],
          "type": "WheelSlot",
          "slotNumber": 4
        },
        {
          "dmxRange": [38, 46],
          "type": "WheelSlot",
          "slotNumber": 5
        },
        {
          "dmxRange": [47, 55],
          "type": "WheelSlot",
          "slotNumber": 6
        },
        {
          "dmxRange": [56, 64],
          "type": "WheelSlot",
          "slotNumber": 7
        },
        {
          "dmxRange": [65, 73],
          "type": "WheelSlot",
          "slotNumber": 8
        },
        {
          "dmxRange": [74, 82],
          "type": "WheelSlot",
          "slotNumber": 9
        },
        {
          "dmxRange": [83, 91],
          "type": "WheelSlot",
          "slotNumber": 10
        },
        {
          "dmxRange": [92, 100],
          "type": "WheelSlot",
          "slotNumber": 11
        },
        {
          "dmxRange": [101, 109],
          "type": "WheelSlot",
          "slotNumber": 12
        },
        {
          "dmxRange": [110, 118],
          "type": "WheelSlot",
          "slotNumber": 13
        },
        {
          "dmxRange": [119, 127],
          "type": "WheelSlot",
          "slotNumber": 14
        },
        {
          "dmxRange": [128, 189],
          "type": "WheelRotation",
          "speedStart": "fast CW",
          "speedEnd": "slow CW"
        },
        {
          "dmxRange": [190, 193],
          "type": "WheelRotation",
          "speed": "stop"
        },
        {
          "dmxRange": [194, 255],
          "type": "WheelRotation",
          "speedStart": "slow CCW",
          "speedEnd": "fast CCW"
        }
      ]
    },
    "Rotating Gobo Wheel": {
      "capabilities": [
        {
          "dmxRange": [0, 11],
          "type": "NoFunction",
          "comment": "Beam open"
        },
        {
          "dmxRange": [12, 21],
          "type": "WheelSlot",
          "slotNumber": 1
        },
        {
          "dmxRange": [22, 31],
          "type": "WheelSlot",
          "slotNumber": 2
        },
        {
          "dmxRange": [32, 41],
          "type": "WheelSlot",
          "slotNumber": 3
        },
        {
          "dmxRange": [42, 51],
          "type": "WheelSlot",
          "slotNumber": 4
        },
        {
          "dmxRange": [52, 61],
          "type": "WheelSlot",
          "slotNumber": 5
        },
        {
          "dmxRange": [62, 71],
          "type": "WheelSlot",
          "slotNumber": 6
        },
        {
          "dmxRange": [72, 81],
          "type": "WheelSlot",
          "slotNumber": 7
        },
        {
          "dmxRange": [82, 91],
          "type": "WheelSlot",
          "slotNumber": 8
        },
        {
          "dmxRange": [92, 101],
          "type": "WheelSlot",
          "slotNumber": 9
        },
        {
          "dmxRange": [102, 112],
          "type": "WheelShake",
          "slotNumber": 2,
          "shakeSpeedStart": "slow",
          "shakeSpeedEnd": "fast"
        },
        {
          "dmxRange": [113, 123],
          "type": "WheelShake",
          "slotNumber": 3,
          "shakeSpeedStart": "slow",
          "shakeSpeedEnd": "fast"
        },
        {
          "dmxRange": [124, 134],
          "type": "WheelShake",
          "slotNumber": 4,
          "shakeSpeedStart": "slow",
          "shakeSpeedEnd": "fast"
        },
        {
          "dmxRange": [135, 145],
          "type": "WheelShake",
          "slotNumber": 5,
          "shakeSpeedStart": "slow",
          "shakeSpeedEnd": "fast"
        },
        {
          "dmxRange": [146, 156],
          "type": "WheelShake",
          "slotNumber": 6,
          "shakeSpeedStart": "slow",
          "shakeSpeedEnd": "fast"
        },
        {
          "dmxRange": [157, 167],
          "type": "WheelShake",
          "slotNumber": 7,
          "shakeSpeedStart": "slow",
          "shakeSpeedEnd": "fast"
        },
        {
          "dmxRange": [168, 178],
          "type": "WheelShake",
          "slotNumber": 8,
          "shakeSpeedStart": "slow",
          "shakeSpeedEnd": "fast"
        },
        {
          "dmxRange": [179, 189],
          "type": "WheelShake",
          "slotNumber": 9,
          "shakeSpeedStart": "slow",
          "shakeSpeedEnd": "fast"
        },
        {
          "dmxRange": [190, 223],
          "type": "WheelRotation",
          "speedStart": "fast CW",
          "speedEnd": "slow CW"
        },
        {
          "dmxRange": [224, 255],
          "type": "WheelRotation",
          "speedStart": "slow CCW",
          "speedEnd": "fast CCW"
        }
      ]
    },
    "Gobo Stencil Rotation": {
      "fineChannelAliases": ["Gobo Stencil Rotation fine"],
      "dmxValueResolution": "8bit",
      "capabilities": [
        {
          "dmxRange": [0, 127],
          "type": "WheelSlotRotation",
          "wheel": "Rotating Gobo Wheel",
          "angleStart": "0deg",
          "angleEnd": "360deg"
        },
        {
          "dmxRange": [128, 189],
          "type": "WheelSlotRotation",
          "wheel": "Rotating Gobo Wheel",
          "speedStart": "fast CW",
          "speedEnd": "slow CW"
        },
        {
          "dmxRange": [190, 193],
          "type": "WheelSlotRotation",
          "wheel": "Rotating Gobo Wheel",
          "speed": "stop"
        },
        {
          "dmxRange": [194, 255],
          "type": "WheelSlotRotation",
          "wheel": "Rotating Gobo Wheel",
          "speedStart": "slow CCW",
          "speedEnd": "fast CCW"
        }
      ]
    },
    "Static Gobo Wheel": {
      "fineChannelAliases": ["Static Gobo Wheel fine"],
      "dmxValueResolution": "8bit",
      "capabilities": [
        {
          "dmxRange": [0, 21],
          "type": "WheelSlot",
          "slotNumber": 1
        },
        {
          "dmxRange": [22, 28],
          "type": "WheelSlot",
          "slotNumber": 2
        },
        {
          "dmxRange": [29, 35],
          "type": "WheelSlot",
          "slotNumber": 3
        },
        {
          "dmxRange": [36, 42],
          "type": "WheelSlot",
          "slotNumber": 4
        },
        {
          "dmxRange": [43, 49],
          "type": "WheelSlot",
          "slotNumber": 5
        },
        {
          "dmxRange": [50, 56],
          "type": "WheelSlot",
          "slotNumber": 6
        },
        {
          "dmxRange": [57, 63],
          "type": "WheelSlot",
          "slotNumber": 7
        },
        {
          "dmxRange": [64, 70],
          "type": "WheelSlot",
          "slotNumber": 8
        },
        {
          "dmxRange": [71, 77],
          "type": "WheelSlot",
          "slotNumber": 9
        },
        {
          "dmxRange": [78, 84],
          "type": "WheelSlot",
          "slotNumber": 10
        },
        {
          "dmxRange": [85, 91],
          "type": "WheelSlot",
          "slotNumber": 11
        },
        {
          "dmxRange": [92, 98],
          "type": "WheelSlot",
          "slotNumber": 12
        },
        {
          "dmxRange": [99, 105],
          "type": "WheelSlot",
          "slotNumber": 13
        },
        {
          "dmxRange": [106, 112],
          "type": "WheelShake",
          "slotNumber": 2,
          "shakeSpeedStart": "slow",
          "shakeSpeedEnd": "fast"
        },
        {
          "dmxRange": [113, 119],
          "type": "WheelShake",
          "slotNumber": 3,
          "shakeSpeedStart": "slow",
          "shakeSpeedEnd": "fast"
        },
        {
          "dmxRange": [120, 126],
          "type": "WheelShake",
          "slotNumber": 4,
          "shakeSpeedStart": "slow",
          "shakeSpeedEnd": "fast"
        },
        {
          "dmxRange": [127, 133],
          "type": "WheelShake",
          "slotNumber": 5,
          "shakeSpeedStart": "slow",
          "shakeSpeedEnd": "fast"
        },
        {
          "dmxRange": [134, 140],
          "type": "WheelShake",
          "slotNumber": 6,
          "shakeSpeedStart": "slow",
          "shakeSpeedEnd": "fast"
        },
        {
          "dmxRange": [141, 147],
          "type": "WheelShake",
          "slotNumber": 7,
          "shakeSpeedStart": "slow",
          "shakeSpeedEnd": "fast"
        },
        {
          "dmxRange": [148, 154],
          "type": "WheelShake",
          "slotNumber": 8,
          "shakeSpeedStart": "slow",
          "shakeSpeedEnd": "fast"
        },
        {
          "dmxRange": [155, 161],
          "type": "WheelShake",
          "slotNumber": 9,
          "shakeSpeedStart": "slow",
          "shakeSpeedEnd": "fast"
        },
        {
          "dmxRange": [162, 168],
          "type": "WheelShake",
          "slotNumber": 10,
          "shakeSpeedStart": "slow",
          "shakeSpeedEnd": "fast"
        },
        {
          "dmxRange": [169, 175],
          "type": "WheelShake",
          "slotNumber": 11,
          "shakeSpeedStart": "slow",
          "shakeSpeedEnd": "fast"
        },
        {
          "dmxRange": [176, 182],
          "type": "WheelShake",
          "slotNumber": 12,
          "shakeSpeedStart": "slow",
          "shakeSpeedEnd": "fast"
        },
        {
          "dmxRange": [183, 189],
          "type": "WheelShake",
          "slotNumber": 13,
          "shakeSpeedStart": "slow",
          "shakeSpeedEnd": "fast"
        },
        {
          "dmxRange": [190, 221],
          "type": "WheelRotation",
          "speedStart": "fast CW",
          "speedEnd": "slow CW"
        },
        {
          "dmxRange": [222, 223],
          "type": "WheelRotation",
          "speed": "stop"
        },
        {
          "dmxRange": [224, 255],
          "type": "WheelRotation",
          "speedStart": "slow CCW",
          "speedEnd": "fast CCW"
        }
      ]
    },
    "Prism": {
      "capabilities": [
        {
          "dmxRange": [0, 31],
          "type": "NoFunction"
        },
        {
          "dmxRange": [32, 50],
          "type": "Prism",
          "comment": "8-facet rotating"
        },
        {
          "dmxRange": [51, 69],
          "type": "Prism",
          "comment": "linear rotating"
        },
        {
          "dmxRange": [70, 88],
          "type": "Prism",
          "comment": "10-facet static"
        },
        {
          "dmxRange": [89, 107],
          "type": "Prism",
          "comment": "8-facet + 10-facet"
        },
        {
          "dmxRange": [108, 127],
          "type": "Prism",
          "comment": "10-facet + linear"
        },
        {
          "dmxRange": [128, 135],
          "type": "Effect",
          "effectName": "linear prism / Gobo macro 1"
        },
        {
          "dmxRange": [136, 143],
          "type": "Effect",
          "effectName": "linear prism / Gobo macro 2"
        },
        {
          "dmxRange": [144, 151],
          "type": "Effect",
          "effectName": "linear prism / Gobo macro 3"
        },
        {
          "dmxRange": [152, 159],
          "type": "Effect",
          "effectName": "linear prism / Gobo macro 4"
        },
        {
          "dmxRange": [160, 167],
          "type": "Effect",
          "effectName": "linear prism / Gobo macro 5"
        },
        {
          "dmxRange": [168, 175],
          "type": "Effect",
          "effectName": "linear prism / Gobo macro 6"
        },
        {
          "dmxRange": [176, 183],
          "type": "Effect",
          "effectName": "linear prism / Gobo macro 7"
        },
        {
          "dmxRange": [184, 191],
          "type": "Effect",
          "effectName": "linear prism / Gobo macro 8"
        },
        {
          "dmxRange": [192, 199],
          "type": "Effect",
          "effectName": "linear prism / Gobo macro 9"
        },
        {
          "dmxRange": [200, 207],
          "type": "Effect",
          "effectName": "linear prism / Gobo macro 10"
        },
        {
          "dmxRange": [208, 215],
          "type": "Effect",
          "effectName": "linear prism / Gobo macro 11"
        },
        {
          "dmxRange": [216, 223],
          "type": "Effect",
          "effectName": "linear prism / Gobo macro 12"
        },
        {
          "dmxRange": [224, 231],
          "type": "Effect",
          "effectName": "linear prism / Gobo macro 13"
        },
        {
          "dmxRange": [232, 239],
          "type": "Effect",
          "effectName": "linear prism / Gobo macro 14"
        },
        {
          "dmxRange": [240, 247],
          "type": "Effect",
          "effectName": "linear prism / Gobo macro 15"
        },
        {
          "dmxRange": [248, 255],
          "type": "Effect",
          "effectName": "linear prism / Gobo macro 16"
        }
      ]
    },
    "Prism Index": {
      "fineChannelAliases": ["Prism Index fine"],
      "dmxValueResolution": "8bit",
      "capabilities": [
        {
          "dmxRange": [0, 127],
          "type": "PrismRotation",
          "angleStart": "0deg",
          "angleEnd": "360deg"
        },
        {
          "dmxRange": [128, 189],
          "type": "PrismRotation",
          "speedStart": "fast CW",
          "speedEnd": "slow CW"
        },
        {
          "dmxRange": [190, 193],
          "type": "PrismRotation",
          "speed": "stop"
        },
        {
          "dmxRange": [194, 255],
          "type": "PrismRotation",
          "speedStart": "slow CCW",
          "speedEnd": "fast CCW"
        }
      ]
    },
    "Focus": {
      "fineChannelAliases": ["Focus fine"],
      "capability": {
        "type": "Focus",
        "distanceStart": "near",
        "distanceEnd": "far"
      }
    },
    "Zoom": {
      "fineChannelAliases": ["Zoom fine"],
      "capability": {
        "type": "Zoom",
        "angleStart": "narrow",
        "angleEnd": "wide"
      }
    },
    "Auto focus": {
      "fineChannelAliases": ["Auto focus fine"],
      "dmxValueResolution": "8bit",
      "capabilities": [
        {
          "dmxRange": [0, 50],
          "type": "NoFunction"
        },
        {
          "dmxRange": [51, 150],
          "type": "Focus",
          "distance": "15m"
        },
        {
          "dmxRange": [151, 255],
          "type": "Focus",
          "distance": "20m"
        }
      ]
    },
    "Shutter / Strobe": {
      "capabilities": [
        {
          "dmxRange": [0, 31],
          "type": "ShutterStrobe",
          "shutterEffect": "Closed"
        },
        {
          "dmxRange": [32, 63],
          "type": "ShutterStrobe",
          "shutterEffect": "Open"
        },
        {
          "dmxRange": [64, 95],
          "type": "ShutterStrobe",
          "shutterEffect": "Strobe",
          "speedStart": "slow",
          "speedEnd": "fast"
        },
        {
          "dmxRange": [96, 127],
          "type": "ShutterStrobe",
          "shutterEffect": "Open"
        },
        {
          "dmxRange": [128, 159],
          "type": "ShutterStrobe",
          "shutterEffect": "Pulse"
        },
        {
          "dmxRange": [160, 191],
          "type": "ShutterStrobe",
          "shutterEffect": "Open"
        },
        {
          "dmxRange": [192, 223],
          "type": "ShutterStrobe",
          "shutterEffect": "Strobe",
          "speedStart": "slow",
          "speedEnd": "fast",
          "randomTiming": true
        },
        {
          "dmxRange": [224, 255],
          "type": "ShutterStrobe",
          "shutterEffect": "Open"
        }
      ]
    },
    "Dimmer": {
      "fineChannelAliases": ["Dimmer fine"],
      "highlightValue": 65535,
      "capability": {
        "type": "Intensity"
      }
    },
    "Frost": {
      "capabilities": [
        {
          "dmxRange": [0, 127],
          "type": "Frost",
          "frostIntensity": "off"
        },
        {
          "dmxRange": [128, 255],
          "type": "Frost",
          "frostIntensity": "high"
        }
      ]
    },
    "Pan / Tilt speed": {
      "capabilities": [
        {
          "dmxRange": [0, 225],
          "type": "PanTiltSpeed",
          "speedStart": "fast",
          "speedEnd": "slow"
        },
        {
          "dmxRange": [226, 235],
          "type": "Maintenance",
          "comment": "Blackout with Pan / Tilt movement"
        },
        {
          "dmxRange": [236, 245],
          "type": "Maintenance",
          "comment": "Blackout with all movement"
        },
        {
          "dmxRange": [246, 255],
          "type": "NoFunction"
        }
      ]
    },
    "Special functions": {
      "capabilities": [
        {
          "dmxRange": [0, 19],
          "type": "Maintenance",
          "comment": "Color change normal"
        },
        {
          "dmxRange": [20, 29],
          "type": "Maintenance",
          "comment": "Color change to any position"
        },
        {
          "dmxRange": [30, 39],
          "type": "Maintenance",
          "comment": "color + static-fixed Gobo change to any position"
        },
        {
          "dmxRange": [40, 59],
          "type": "Maintenance",
          "comment": "lamp on"
        },
        {
          "dmxRange": [60, 79],
          "type": "Maintenance",
          "comment": "Lamp switch off"
        },
        {
          "dmxRange": [80, 84],
          "type": "Maintenance",
          "comment": "all motor reset"
        },
        {
          "dmxRange": [85, 87],
          "type": "Maintenance",
          "comment": "Pan / Tilt motor reset"
        },
        {
          "dmxRange": [88, 90],
          "type": "Maintenance",
          "comment": "Gobo motor reset"
        },
        {
          "dmxRange": [91, 93],
          "type": "Maintenance",
          "comment": "Gobo motor reset"
        },
        {
          "dmxRange": [94, 96],
          "type": "Maintenance",
          "comment": "Shutter + dimmer motor reset"
        },
        {
          "dmxRange": [97, 99],
          "type": "Maintenance",
          "comment": "other motor reset"
        },
        {
          "dmxRange": [100, 119],
          "type": "Effect",
          "effectName": "Internal program 1 (scene 1 - 8)"
        },
        {
          "dmxRange": [120, 139],
          "type": "Effect",
          "effectName": "Internal Program 2 (scene 9 - 16)"
        },
        {
          "dmxRange": [140, 159],
          "type": "Effect",
          "effectName": "Internal Program 3 (scene 17 - 24)"
        },
        {
          "dmxRange": [160, 179],
          "type": "Effect",
          "effectName": "Internal Program 4 (scene 25 - 32)"
        },
        {
          "dmxRange": [180, 199],
          "type": "Effect",
          "effectName": "Internal Program 5 (scene 33 - 40)"
        },
        {
          "dmxRange": [200, 219],
          "type": "Effect",
          "effectName": "Internal Program 6 (scene 41 - 48)"
        },
        {
          "dmxRange": [220, 239],
          "type": "Effect",
          "effectName": "Internal Program 7 (scene 49 - 56)"
        },
        {
          "dmxRange": [240, 255],
          "type": "NoFunction",
          "comment": "Reserved"
        }
      ]
    }
  },
  "modes": [
    {
      "name": "Extended",
      "shortName": "ext",
      "channels": [
        "Pan",
        "Pan fine",
        "Tilt",
        "Tilt fine",
        "Color Wheel",
        "Color Wheel fine",
        "Rotating Gobo Wheel",
        "Gobo Stencil Rotation",
        "Gobo Stencil Rotation fine",
        "Static Gobo Wheel",
        "Static Gobo Wheel fine",
        "Prism",
        "Prism Index",
        "Prism Index fine",
        "Focus",
        "Focus fine",
        "Zoom",
        "Zoom fine",
        "Auto focus",
        "Auto focus fine",
        "Shutter / Strobe",
        "Dimmer",
        "Dimmer fine",
        "Frost",
        "Pan / Tilt speed",
        "Special functions"
      ]
    },
    {
      "name": "Standard",
      "shortName": "std",
      "channels": [
        "Pan",
        "Pan fine",
        "Tilt",
        "Tilt fine",
        "Color Wheel",
        "Rotating Gobo Wheel",
        "Gobo Stencil Rotation",
        "Static Gobo Wheel",
        "Prism",
        "Prism Index",
        "Focus",
        "Zoom",
        "Auto focus",
        "Auto focus fine",
        "Shutter / Strobe",
        "Dimmer",
        "Frost",
        "Pan / Tilt speed",
        "Special functions"
      ]
    },
    {
      "name": "Basic",
      "shortName": "basic",
      "channels": [
        "Pan",
        "Tilt",
        "Color Wheel",
        "Rotating Gobo Wheel",
        "Gobo Stencil Rotation",
        "Static Gobo Wheel",
        "Prism",
        "Prism Index",
        "Focus",
        "Zoom",
        "Auto focus",
        "Auto focus fine",
        "Shutter / Strobe",
        "Dimmer",
        "Frost",
        "Pan / Tilt speed",
        "Special functions"
      ]
    }
  ],
  "fixtureKey": "platinum-hfx",
  "manufacturerKey": "elation",
  "oflURL": "https://open-fixture-library.org/elation/platinum-hfx"
}
