{
  "$schema": "https://raw.githubusercontent.com/OpenLightingProject/open-fixture-library/schema-12.4.1/schemas/fixture.json",
  "name": "Platinum Spot 15R Pro",
  "shortName": "PlatSpot15rPro",
  "categories": ["Moving Head", "Color Changer"],
  "meta": {
    "authors": ["Felix Edelmann"],
    "createDate": "2017-05-23",
    "lastModifyDate": "2018-09-04"
  },
  "links": {
    "manual": [
      "https://cdb.s3.amazonaws.com/ItemRelatedFiles/10038/PLATINUM%20SPOT%2015R%20PRO%20-%20User%20Manual%20Ver.1.pdf"
    ],
    "productPage": [
      "https://www.elationlighting.com/platinum-spot-15r-pro"
    ],
    "video": [
      "https://www.youtube.com/watch?v=gwEywBRndOU"
    ]
  },
  "physical": {
    "dimensions": [50, 72, 46.5],
    "weight": 22.2,
    "power": 500,
    "DMXconnector": "3-pin and 5-pin",
    "bulb": {
      "type": "Philips Platinum 15R"
    }
  },
  "wheels": {
    "Color Wheel": {
      "slots": [
        {
          "type": "Open"
        },
        {
          "type": "Color"
        },
        {
          "type": "Color"
        },
        {
          "type": "Color"
        },
        {
          "type": "Color"
        },
        {
          "type": "Color"
        },
        {
          "type": "Color"
        }
      ]
    },
    "Rotating Gobo Wheel": {
      "slots": [
        {
          "type": "Open"
        },
        {
          "type": "Gobo"
        },
        {
          "type": "Gobo"
        },
        {
          "type": "Gobo"
        },
        {
          "type": "Gobo"
        },
        {
          "type": "Gobo"
        },
        {
          "type": "Gobo"
        },
        {
          "type": "Gobo"
        },
        {
          "type": "Gobo"
        }
      ]
    },
    "Static Gobo Wheel": {
      "slots": [
        {
          "type": "Open"
        },
        {
          "type": "Gobo"
        },
        {
          "type": "Gobo"
        },
        {
          "type": "Gobo"
        },
        {
          "type": "Gobo"
        },
        {
          "type": "Gobo"
        },
        {
          "type": "Gobo"
        },
        {
          "type": "Gobo"
        },
        {
          "type": "Gobo"
        },
        {
          "type": "Gobo"
        },
        {
          "type": "Gobo"
        },
        {
          "type": "Gobo"
        },
        {
          "type": "Gobo"
        },
        {
          "type": "Gobo"
        },
        {
          "type": "Gobo"
        }
      ]
    }
  },
  "availableChannels": {
    "Pan": {
      "fineChannelAliases": ["Pan fine"],
      "defaultValue": "50%",
      "capability": {
        "type": "Pan",
        "angleStart": "0deg",
        "angleEnd": "630deg"
      }
    },
    "Tilt": {
      "fineChannelAliases": ["Tilt fine"],
      "defaultValue": "50%",
      "capability": {
        "type": "Tilt",
        "angleStart": "0deg",
        "angleEnd": "270deg"
      }
    },
    "Color Wheel": {
      "fineChannelAliases": ["Color Wheel fine"],
      "dmxValueResolution": "8bit",
      "capabilities": [
        {
          "dmxRange": [0, 18],
          "type": "WheelSlot",
          "slotNumber": 1
        },
        {
          "dmxRange": [19, 37],
          "type": "WheelSlot",
          "slotNumber": 2
        },
        {
          "dmxRange": [38, 56],
          "type": "WheelSlot",
          "slotNumber": 3
        },
        {
          "dmxRange": [57, 75],
          "type": "WheelSlot",
          "slotNumber": 4
        },
        {
          "dmxRange": [76, 94],
          "type": "WheelSlot",
          "slotNumber": 5
        },
        {
          "dmxRange": [95, 113],
          "type": "WheelSlot",
          "slotNumber": 6
        },
        {
          "dmxRange": [114, 127],
          "type": "WheelSlot",
          "slotNumber": 7
        },
        {
          "dmxRange": [128, 189],
          "type": "WheelRotation",
          "speedStart": "fast CW",
          "speedEnd": "slow CW"
        },
        {
          "dmxRange": [190, 193],
          "type": "WheelRotation",
          "speed": "stop"
        },
        {
          "dmxRange": [194, 255],
          "type": "WheelRotation",
          "speedStart": "slow CCW",
          "speedEnd": "fast CCW"
        }
      ]
    },
    "Cyan": {
      "fineChannelAliases": ["Cyan fine"],
      "highlightValue": 65535,
      "capability": {
        "type": "ColorIntensity",
        "color": "Cyan"
      }
    },
    "Magenta": {
      "fineChannelAliases": ["Magenta fine"],
      "highlightValue": 65535,
      "capability": {
        "type": "ColorIntensity",
        "color": "Magenta"
      }
    },
    "Yellow": {
      "fineChannelAliases": ["Yellow fine"],
      "highlightValue": 65535,
      "capability": {
        "type": "ColorIntensity",
        "color": "Yellow"
      }
    },
    "Rotating Gobo Wheel": {
      "capabilities": [
        {
          "dmxRange": [0, 9],
          "type": "WheelSlot",
          "slotNumber": 1
        },
        {
          "dmxRange": [10, 19],
          "type": "WheelSlot",
          "slotNumber": 2
        },
        {
          "dmxRange": [20, 29],
          "type": "WheelSlot",
          "slotNumber": 3
        },
        {
          "dmxRange": [30, 39],
          "type": "WheelSlot",
          "slotNumber": 4
        },
        {
          "dmxRange": [40, 49],
          "type": "WheelSlot",
          "slotNumber": 5
        },
        {
          "dmxRange": [50, 59],
          "type": "WheelSlot",
          "slotNumber": 6
        },
        {
          "dmxRange": [60, 69],
          "type": "WheelSlot",
          "slotNumber": 7
        },
        {
          "dmxRange": [70, 79],
          "type": "WheelSlot",
          "slotNumber": 8
        },
        {
          "dmxRange": [80, 89],
          "type": "WheelSlot",
          "slotNumber": 9
        },
        {
          "dmxRange": [90, 104],
          "type": "WheelShake",
          "slotNumber": 2
        },
        {
          "dmxRange": [105, 119],
          "type": "WheelShake",
          "slotNumber": 3
        },
        {
          "dmxRange": [120, 134],
          "type": "WheelShake",
          "slotNumber": 4
        },
        {
          "dmxRange": [135, 149],
          "type": "WheelShake",
          "slotNumber": 5
        },
        {
          "dmxRange": [150, 164],
          "type": "WheelShake",
          "slotNumber": 6
        },
        {
          "dmxRange": [165, 179],
          "type": "WheelShake",
          "slotNumber": 7
        },
        {
          "dmxRange": [180, 194],
          "type": "WheelShake",
          "slotNumber": 8
        },
        {
          "dmxRange": [195, 209],
          "type": "WheelShake",
          "slotNumber": 9
        },
        {
          "dmxRange": [210, 255],
          "type": "WheelRotation",
          "speedStart": "slow CW",
          "speedEnd": "fast CW"
        }
      ]
    },
    "Gobo Stencil Rotation": {
      "fineChannelAliases": ["Gobo Stencil Rotation fine"],
      "dmxValueResolution": "8bit",
      "capabilities": [
        {
          "dmxRange": [0, 127],
          "type": "WheelSlotRotation",
          "wheel": "Rotating Gobo Wheel",
          "angleStart": "0deg",
          "angleEnd": "360deg"
        },
        {
          "dmxRange": [128, 189],
          "type": "WheelSlotRotation",
          "wheel": "Rotating Gobo Wheel",
          "speedStart": "fast CW",
          "speedEnd": "slow CW"
        },
        {
          "dmxRange": [190, 193],
          "type": "WheelSlotRotation",
          "wheel": "Rotating Gobo Wheel",
          "speed": "stop"
        },
        {
          "dmxRange": [194, 255],
          "type": "WheelSlotRotation",
          "wheel": "Rotating Gobo Wheel",
          "speedStart": "slow CCW",
          "speedEnd": "fast CCW"
        }
      ]
    },
    "Static Gobo Wheel": {
      "fineChannelAliases": ["Static Gobo Wheel fine"],
      "dmxValueResolution": "8bit",
      "capabilities": [
        {
          "dmxRange": [0, 7],
          "type": "WheelSlot",
          "slotNumber": 1
        },
        {
          "dmxRange": [8, 15],
          "type": "WheelSlot",
          "slotNumber": 2
        },
        {
          "dmxRange": [16, 23],
          "type": "WheelSlot",
          "slotNumber": 3
        },
        {
          "dmxRange": [24, 31],
          "type": "WheelSlot",
          "slotNumber": 4
        },
        {
          "dmxRange": [32, 39],
          "type": "WheelSlot",
          "slotNumber": 5
        },
        {
          "dmxRange": [40, 47],
          "type": "WheelSlot",
          "slotNumber": 6
        },
        {
          "dmxRange": [48, 55],
          "type": "WheelSlot",
          "slotNumber": 7
        },
        {
          "dmxRange": [56, 63],
          "type": "WheelSlot",
          "slotNumber": 8
        },
        {
          "dmxRange": [64, 71],
          "type": "WheelSlot",
          "slotNumber": 9
        },
        {
          "dmxRange": [72, 79],
          "type": "WheelSlot",
          "slotNumber": 10
        },
        {
          "dmxRange": [80, 87],
          "type": "WheelSlot",
          "slotNumber": 11
        },
        {
          "dmxRange": [88, 95],
          "type": "WheelSlot",
          "slotNumber": 12
        },
        {
          "dmxRange": [96, 103],
          "type": "WheelSlot",
          "slotNumber": 13
        },
        {
          "dmxRange": [104, 111],
          "type": "WheelSlot",
          "slotNumber": 14
        },
        {
          "dmxRange": [112, 119],
          "type": "WheelSlot",
          "slotNumber": 15
        },
        {
          "dmxRange": [120, 126],
          "type": "WheelShake",
          "slotNumber": 2,
          "shakeSpeedStart": "slow",
          "shakeSpeedEnd": "fast"
        },
        {
          "dmxRange": [127, 133],
          "type": "WheelShake",
          "slotNumber": 3,
          "shakeSpeedStart": "slow",
          "shakeSpeedEnd": "fast"
        },
        {
          "dmxRange": [134, 140],
          "type": "WheelShake",
          "slotNumber": 4,
          "shakeSpeedStart": "slow",
          "shakeSpeedEnd": "fast"
        },
        {
          "dmxRange": [141, 147],
          "type": "WheelShake",
          "slotNumber": 5,
          "shakeSpeedStart": "slow",
          "shakeSpeedEnd": "fast"
        },
        {
          "dmxRange": [148, 154],
          "type": "WheelShake",
          "slotNumber": 6,
          "shakeSpeedStart": "slow",
          "shakeSpeedEnd": "fast"
        },
        {
          "dmxRange": [155, 161],
          "type": "WheelShake",
          "slotNumber": 7,
          "shakeSpeedStart": "slow",
          "shakeSpeedEnd": "fast"
        },
        {
          "dmxRange": [162, 168],
          "type": "WheelShake",
          "slotNumber": 8,
          "shakeSpeedStart": "slow",
          "shakeSpeedEnd": "fast"
        },
        {
          "dmxRange": [169, 175],
          "type": "WheelShake",
          "slotNumber": 9,
          "shakeSpeedStart": "slow",
          "shakeSpeedEnd": "fast"
        },
        {
          "dmxRange": [176, 182],
          "type": "WheelShake",
          "slotNumber": 10,
          "shakeSpeedStart": "slow",
          "shakeSpeedEnd": "fast"
        },
        {
          "dmxRange": [183, 189],
          "type": "WheelShake",
          "slotNumber": 11,
          "shakeSpeedStart": "slow",
          "shakeSpeedEnd": "fast"
        },
        {
          "dmxRange": [190, 196],
          "type": "WheelShake",
          "slotNumber": 12,
          "shakeSpeedStart": "slow",
          "shakeSpeedEnd": "fast"
        },
        {
          "dmxRange": [197, 203],
          "type": "WheelShake",
          "slotNumber": 13,
          "shakeSpeedStart": "slow",
          "shakeSpeedEnd": "fast"
        },
        {
          "dmxRange": [204, 210],
          "type": "WheelShake",
          "slotNumber": 14,
          "shakeSpeedStart": "slow",
          "shakeSpeedEnd": "fast"
        },
        {
          "dmxRange": [211, 217],
          "type": "WheelShake",
          "slotNumber": 15,
          "shakeSpeedStart": "slow",
          "shakeSpeedEnd": "fast"
        },
        {
          "dmxRange": [218, 255],
          "type": "WheelRotation",
          "speedStart": "slow CW",
          "speedEnd": "fast CW"
        }
      ]
    },
    "Prism/Gobo Macros": {
      "capabilities": [
        {
          "dmxRange": [0, 31],
          "type": "NoFunction",
          "comment": "Open"
        },
        {
          "dmxRange": [32, 127],
          "type": "Prism",
          "comment": "Rotating"
        },
        {
          "dmxRange": [128, 135],
          "type": "Effect",
          "effectName": "Macro 1"
        },
        {
          "dmxRange": [136, 143],
          "type": "Effect",
          "effectName": "Macro 2"
        },
        {
          "dmxRange": [144, 151],
          "type": "Effect",
          "effectName": "Macro 3"
        },
        {
          "dmxRange": [152, 159],
          "type": "Effect",
          "effectName": "Macro 4"
        },
        {
          "dmxRange": [160, 167],
          "type": "Effect",
          "effectName": "Macro 5"
        },
        {
          "dmxRange": [168, 175],
          "type": "Effect",
          "effectName": "Macro 6"
        },
        {
          "dmxRange": [176, 183],
          "type": "Effect",
          "effectName": "Macro 7"
        },
        {
          "dmxRange": [184, 191],
          "type": "Effect",
          "effectName": "Macro 8"
        },
        {
          "dmxRange": [192, 199],
          "type": "Effect",
          "effectName": "Macro 9"
        },
        {
          "dmxRange": [200, 207],
          "type": "Effect",
          "effectName": "Macro 10"
        },
        {
          "dmxRange": [208, 215],
          "type": "Effect",
          "effectName": "Macro 11"
        },
        {
          "dmxRange": [216, 223],
          "type": "Effect",
          "effectName": "Macro 12"
        },
        {
          "dmxRange": [224, 231],
          "type": "Effect",
          "effectName": "Macro 13"
        },
        {
          "dmxRange": [232, 239],
          "type": "Effect",
          "effectName": "Macro 14"
        },
        {
          "dmxRange": [240, 247],
          "type": "Effect",
          "effectName": "Macro 15"
        },
        {
          "dmxRange": [248, 255],
          "type": "Effect",
          "effectName": "Macro 16"
        }
      ]
    },
    "Rotating Prism": {
      "fineChannelAliases": ["Rotating Prism fine"],
      "dmxValueResolution": "8bit",
      "capabilities": [
        {
          "dmxRange": [0, 127],
          "type": "PrismRotation",
          "angleStart": "0deg",
          "angleEnd": "360deg"
        },
        {
          "dmxRange": [128, 189],
          "type": "PrismRotation",
          "speedStart": "fast CW",
          "speedEnd": "slow CW"
        },
        {
          "dmxRange": [190, 193],
          "type": "PrismRotation",
          "speed": "stop"
        },
        {
          "dmxRange": [194, 255],
          "type": "PrismRotation",
          "speedStart": "slow CCW",
          "speedEnd": "fast CCW"
        }
      ]
    },
    "Focus": {
      "fineChannelAliases": ["Focus fine"],
      "capability": {
        "type": "Focus",
        "distanceStart": "near",
        "distanceEnd": "far"
      }
    },
    "Zoom": {
      "fineChannelAliases": ["Zoom fine"],
      "capability": {
        "type": "Zoom",
        "angleStart": "narrow",
        "angleEnd": "wide"
      }
    },
    "Strobe": {
      "capabilities": [
        {
          "dmxRange": [0, 31],
          "type": "ShutterStrobe",
          "shutterEffect": "Closed"
        },
        {
          "dmxRange": [32, 63],
          "type": "ShutterStrobe",
          "shutterEffect": "Open"
        },
        {
          "dmxRange": [64, 95],
          "type": "ShutterStrobe",
          "shutterEffect": "Strobe",
          "speedStart": "0Hz",
          "speedEnd": "13Hz"
        },
        {
          "dmxRange": [96, 127],
          "type": "ShutterStrobe",
          "shutterEffect": "Open"
        },
        {
          "dmxRange": [128, 159],
          "type": "ShutterStrobe",
          "shutterEffect": "Pulse"
        },
        {
          "dmxRange": [160, 191],
          "type": "ShutterStrobe",
          "shutterEffect": "Open"
        },
        {
          "dmxRange": [192, 223],
          "type": "ShutterStrobe",
          "shutterEffect": "Strobe",
          "speedStart": "slow",
          "speedEnd": "fast",
          "randomTiming": true
        },
        {
          "dmxRange": [224, 255],
          "type": "ShutterStrobe",
          "shutterEffect": "Open"
        }
      ]
    },
    "Dimmer": {
      "fineChannelAliases": ["Dimmer fine"],
      "highlightValue": 65535,
      "capability": {
        "type": "Intensity"
      }
    },
    "Iris": {
      "fineChannelAliases": ["Iris fine"],
      "dmxValueResolution": "8bit",
      "capabilities": [
        {
          "dmxRange": [0, 191],
          "type": "Iris",
          "openPercentStart": "open",
          "openPercentEnd": "closed"
        },
        {
          "dmxRange": [192, 223],
          "type": "IrisEffect",
          "effectName": "Ramp down",
          "speedStart": "fast",
          "speedEnd": "slow"
        },
        {
          "dmxRange": [224, 255],
          "type": "IrisEffect",
          "effectName": "Ramp up",
          "speedStart": "slow",
          "speedEnd": "fast"
        }
      ]
    },
    "Frost": {
      "highlightValue": 255,
      "capabilities": [
        {
          "dmxRange": [0, 191],
          "type": "Frost",
          "frostIntensityStart": "off",
          "frostIntensityEnd": "high"
        },
        {
          "dmxRange": [192, 223],
          "type": "FrostEffect",
          "effectName": "Ramp up",
          "speedStart": "fast",
          "speedEnd": "slow"
        },
        {
          "dmxRange": [224, 254],
          "type": "FrostEffect",
          "effectName": "Ramp down",
          "speedStart": "slow",
          "speedEnd": "fast"
        },
        {
          "dmxRange": [255, 255],
          "type": "Frost",
          "frostIntensity": "high"
        }
      ]
    },
    "Color Macro Speed": {
      "highlightValue": 127,
      "capability": {
        "type": "EffectSpeed",
        "speedStart": "fast",
        "speedEnd": "slow"
      }
    },
    "Pan/Tilt Speed": {
      "capabilities": [
        {
          "dmxRange": [0, 225],
          "type": "PanTiltSpeed",
          "speedStart": "fast",
          "speedEnd": "slow"
        },
        {
          "dmxRange": [226, 235],
          "type": "Maintenance",
          "comment": "Blackout by movement"
        },
        {
          "dmxRange": [236, 245],
          "type": "Maintenance",
          "comment": "Blackout by all wheel changing"
        },
        {
          "dmxRange": [246, 255],
          "type": "NoFunction"
        }
      ]
    },
    "Color Macros": {
      "capabilities": [
        {
          "dmxRange": [0, 7],
          "type": "NoFunction"
        },
        {
          "dmxRange": [8, 15],
          "type": "Effect",
          "effectName": "Macro 1"
        },
        {
          "dmxRange": [16, 23],
          "type": "Effect",
          "effectName": "Macro 2"
        },
        {
          "dmxRange": [24, 31],
          "type": "Effect",
          "effectName": "Macro 3"
        },
        {
          "dmxRange": [32, 39],
          "type": "Effect",
          "effectName": "Macro 4"
        },
        {
          "dmxRange": [40, 47],
          "type": "Effect",
          "effectName": "Macro 5"
        },
        {
          "dmxRange": [48, 55],
          "type": "Effect",
          "effectName": "Macro 6"
        },
        {
          "dmxRange": [56, 63],
          "type": "Effect",
          "effectName": "Macro 7"
        },
        {
          "dmxRange": [64, 71],
          "type": "Effect",
          "effectName": "Macro 8"
        },
        {
          "dmxRange": [72, 79],
          "type": "Effect",
          "effectName": "Macro 9"
        },
        {
          "dmxRange": [80, 87],
          "type": "Effect",
          "effectName": "Macro 10"
        },
        {
          "dmxRange": [88, 95],
          "type": "Effect",
          "effectName": "Macro 11"
        },
        {
          "dmxRange": [96, 103],
          "type": "Effect",
          "effectName": "Macro 12"
        },
        {
          "dmxRange": [104, 111],
          "type": "Effect",
          "effectName": "Macro 13"
        },
        {
          "dmxRange": [112, 119],
          "type": "Effect",
          "effectName": "Macro 14"
        },
        {
          "dmxRange": [120, 127],
          "type": "Effect",
          "effectName": "Macro 15"
        },
        {
          "dmxRange": [128, 135],
          "type": "Effect",
          "effectName": "Macro 16"
        },
        {
          "dmxRange": [136, 143],
          "type": "Effect",
          "effectName": "Macro 17"
        },
        {
          "dmxRange": [144, 151],
          "type": "Effect",
          "effectName": "Macro 18"
        },
        {
          "dmxRange": [152, 159],
          "type": "Effect",
          "effectName": "Macro 19"
        },
        {
          "dmxRange": [160, 167],
          "type": "Effect",
          "effectName": "Macro 20"
        },
        {
          "dmxRange": [168, 175],
          "type": "Effect",
          "effectName": "Macro 21"
        },
        {
          "dmxRange": [176, 183],
          "type": "Effect",
          "effectName": "Macro 22"
        },
        {
          "dmxRange": [184, 191],
          "type": "Effect",
          "effectName": "Macro 23"
        },
        {
          "dmxRange": [192, 199],
          "type": "Effect",
          "effectName": "Macro 24"
        },
        {
          "dmxRange": [200, 207],
          "type": "Effect",
          "effectName": "Macro 25"
        },
        {
          "dmxRange": [208, 215],
          "type": "Effect",
          "effectName": "Macro 26"
        },
        {
          "dmxRange": [216, 223],
          "type": "Effect",
          "effectName": "Macro 27"
        },
        {
          "dmxRange": [224, 231],
          "type": "Effect",
          "effectName": "Macro 28"
        },
        {
          "dmxRange": [232, 239],
          "type": "Effect",
          "effectName": "Macro 29"
        },
        {
          "dmxRange": [240, 247],
          "type": "Effect",
          "effectName": "Macro 30"
        },
        {
          "dmxRange": [248, 255],
          "type": "Effect",
          "effectName": "Random CMY"
        }
      ]
    },
    "Maintenance / Programs": {
      "capabilities": [
        {
          "dmxRange": [0, 19],
          "type": "Maintenance",
          "comment": "Colour change normal"
        },
        {
          "dmxRange": [20, 29],
          "type": "Maintenance",
          "comment": "Colour change to any position"
        },
        {
          "dmxRange": [30, 39],
          "type": "Maintenance",
          "comment": "Colour & gobo change to any position"
        },
        {
          "dmxRange": [40, 59],
          "type": "Maintenance",
          "comment": "Lamp on"
        },
        {
          "dmxRange": [60, 79],
          "type": "Maintenance",
          "comment": "Lamp switch off"
        },
        {
          "dmxRange": [80, 84],
          "type": "Maintenance",
          "comment": "All motor reset"
        },
        {
          "dmxRange": [85, 87],
          "type": "Maintenance",
          "comment": "Scan motor reset"
        },
        {
          "dmxRange": [88, 90],
          "type": "Maintenance",
          "comment": "Colors motor reset"
        },
        {
          "dmxRange": [91, 93],
          "type": "Maintenance",
          "comment": "Gobo motor reset"
        },
        {
          "dmxRange": [94, 96],
          "type": "Maintenance",
          "comment": "Shutter & Dimmer motor reset"
        },
        {
          "dmxRange": [97, 99],
          "type": "Maintenance",
          "comment": "Other motor reset"
        },
        {
          "dmxRange": [100, 119],
          "type": "Effect",
          "effectName": "Internal program 1"
        },
        {
          "dmxRange": [120, 139],
          "type": "Effect",
          "effectName": "Internal program 2"
        },
        {
          "dmxRange": [140, 159],
          "type": "Effect",
          "effectName": "Internal program 3"
        },
        {
          "dmxRange": [160, 179],
          "type": "Effect",
          "effectName": "Internal program 4"
        },
        {
          "dmxRange": [180, 199],
          "type": "Effect",
          "effectName": "Internal program 5"
        },
        {
          "dmxRange": [200, 219],
          "type": "Effect",
          "effectName": "Internal program 6"
        },
        {
          "dmxRange": [220, 239],
          "type": "Effect",
          "effectName": "Internal program 7"
        },
        {
          "dmxRange": [240, 255],
          "type": "Effect",
          "effectName": "Music Control",
          "soundControlled": true
        }
      ]
    }
  },
  "modes": [
    {
      "name": "Basic",
      "channels": [
        "Pan",
        "Tilt",
        "Color Wheel",
        "Cyan",
        "Magenta",
        "Yellow",
        "Rotating Gobo Wheel",
        "Gobo Stencil Rotation",
        "Static Gobo Wheel",
        "Prism/Gobo Macros",
        "Rotating Prism",
        "Focus",
        "Zoom",
        "Strobe",
        "Dimmer",
        "Iris",
        "Frost",
        "Color Macro Speed",
        "Pan/Tilt Speed",
        "Color Macros",
        "Maintenance / Programs"
      ]
    },
    {
      "name": "Standard",
      "channels": [
        "Pan",
        "Pan fine",
        "Tilt",
        "Tilt fine",
        "Color Wheel",
        "Cyan",
        "Magenta",
        "Yellow",
        "Rotating Gobo Wheel",
        "Gobo Stencil Rotation",
        "Static Gobo Wheel",
        "Prism/Gobo Macros",
        "Rotating Prism",
        "Focus",
        "Zoom",
        "Strobe",
        "Dimmer",
        "Iris",
        "Frost",
        "Color Macro Speed",
        "Pan/Tilt Speed",
        "Color Macros",
        "Maintenance / Programs"
      ]
    },
    {
      "name": "Extended",
      "channels": [
        "Pan",
        "Pan fine",
        "Tilt",
        "Tilt fine",
        "Color Wheel",
        "Color Wheel fine",
        "Cyan",
        "Cyan fine",
        "Magenta",
        "Magenta fine",
        "Yellow",
        "Yellow fine",
        "Rotating Gobo Wheel",
        "Gobo Stencil Rotation",
        "Gobo Stencil Rotation fine",
        "Static Gobo Wheel",
        "Static Gobo Wheel fine",
        "Prism/Gobo Macros",
        "Rotating Prism",
        "Rotating Prism fine",
        "Focus",
        "Focus fine",
        "Zoom",
        "Zoom fine",
        "Strobe",
        "Dimmer",
        "Dimmer fine",
        "Iris",
        "Iris fine",
        "Frost",
        "Color Macro Speed",
        "Pan/Tilt Speed",
        "Color Macros",
        "Maintenance / Programs"
      ]
    }
  ],
  "fixtureKey": "platinum-spot-15r-pro",
  "manufacturerKey": "elation",
  "oflURL": "https://open-fixture-library.org/elation/platinum-spot-15r-pro"
}
