{
  "$schema": "https://raw.githubusercontent.com/OpenLightingProject/open-fixture-library/schema-12.4.1/schemas/fixture.json",
  "name": "Spica 250M",
  "shortName": "Spica250M",
  "categories": ["Moving Head", "Color Changer"],
  "meta": {
    "authors": ["Flo Edelmann", "Felix Edelmann"],
    "createDate": "2017-01-23",
    "lastModifyDate": "2018-08-09",
    "importPlugin": {
      "plugin": "ecue",
      "date": "2017-01-23"
    }
  },
  "links": {
    "manual": [
      "https://www.ghl.be/?wpfb_dl=134"
    ],
    "video": [
      "https://www.youtube.com/watch?v=AY2xw4sXFQs"
    ]
  },
  "physical": {
    "dimensions": [427, 459, 373],
    "weight": 18,
    "power": 500,
    "DMXconnector": "3-pin",
    "bulb": {
      "type": "Sylvania BA 250/2 GY-9.5",
      "colorTemperature": 8900
    },
    "lens": {
      "degreesMinMax": [18, 18]
    }
  },
  "wheels": {
    "Color Wheel": {
      "slots": [
        {
          "type": "Open"
        },
        {
          "type": "Color",
          "name": "Yellow",
          "colors": ["#ffff00"]
        },
        {
          "type": "Color",
          "name": "Orange",
          "colors": ["#ff7f00"]
        },
        {
          "type": "Color",
          "name": "Red",
          "colors": ["#ff0000"]
        },
        {
          "type": "Color",
          "name": "Blue",
          "colors": ["#0000ff"]
        },
        {
          "type": "Color",
          "name": "Green",
          "colors": ["#00ff00"]
        },
        {
          "type": "Color",
          "name": "Pink",
          "colors": ["#ffc0cb"]
        },
        {
          "type": "Color",
          "name": "Turquoise",
          "colors": ["#40e0d0"]
        },
        {
          "type": "Color",
          "name": "Purple",
          "colors": ["#9800ff"]
        }
      ]
    },
    "Gobo Wheel": {
      "slots": [
        {
          "type": "Open"
        },
        {
          "type": "Gobo"
        },
        {
          "type": "Gobo"
        },
        {
          "type": "Gobo"
        },
        {
          "type": "Gobo"
        },
        {
          "type": "Gobo"
        }
      ]
    }
  },
  "availableChannels": {
    "Pan": {
      "fineChannelAliases": ["Pan fine"],
      "defaultValue": 32639,
      "capability": {
        "type": "Pan",
        "angleStart": "0deg",
        "angleEnd": "530deg"
      }
    },
    "Tilt": {
      "fineChannelAliases": ["Tilt fine"],
      "defaultValue": 32639,
      "capability": {
        "type": "Tilt",
        "angleStart": "0deg",
        "angleEnd": "280deg"
      }
    },
    "Pan/Tilt Speed": {
      "capabilities": [
        {
          "dmxRange": [0, 249],
          "type": "PanTiltSpeed",
          "speedStart": "fast",
          "speedEnd": "slow"
        },
        {
          "dmxRange": [250, 255],
          "type": "PanTiltSpeed",
          "comment": "black while moving",
          "speed": "fast"
        }
      ]
    },
    "Reset": {
      "defaultValue": 170,
      "capabilities": [
        {
          "dmxRange": [0, 127],
          "type": "Maintenance",
          "comment": "Fan speed",
          "parameterStart": "fast",
          "parameterEnd": "slow"
        },
        {
          "dmxRange": [128, 139],
          "type": "Maintenance",
          "comment": "lamp on"
        },
        {
          "dmxRange": [140, 179],
          "type": "NoFunction"
        },
        {
          "dmxRange": [180, 189],
          "type": "Maintenance",
          "comment": "reset"
        },
        {
          "dmxRange": [190, 229],
          "type": "NoFunction"
        },
        {
          "dmxRange": [230, 239],
          "type": "Maintenance",
          "comment": "lamp off",
          "hold": "5s"
        },
        {
          "dmxRange": [240, 255],
          "type": "NoFunction"
        }
      ]
    },
    "Color Wheel": {
      "capabilities": [
        {
          "dmxRange": [0, 6],
          "type": "WheelSlot",
          "slotNumber": 1
        },
        {
          "dmxRange": [7, 13],
          "type": "WheelSlot",
          "slotNumber": 1.5
        },
        {
          "dmxRange": [14, 20],
          "type": "WheelSlot",
          "slotNumber": 2
        },
        {
          "dmxRange": [21, 27],
          "type": "WheelSlot",
          "slotNumber": 2.5
        },
        {
          "dmxRange": [28, 34],
          "type": "WheelSlot",
          "slotNumber": 3
        },
        {
          "dmxRange": [35, 41],
          "type": "WheelSlot",
          "slotNumber": 3.5
        },
        {
          "dmxRange": [42, 48],
          "type": "WheelSlot",
          "slotNumber": 4
        },
        {
          "dmxRange": [49, 55],
          "type": "WheelSlot",
          "slotNumber": 4.5
        },
        {
          "dmxRange": [56, 62],
          "type": "WheelSlot",
          "slotNumber": 5
        },
        {
          "dmxRange": [63, 69],
          "type": "WheelSlot",
          "slotNumber": 5.5
        },
        {
          "dmxRange": [70, 76],
          "type": "WheelSlot",
          "slotNumber": 6
        },
        {
          "dmxRange": [77, 83],
          "type": "WheelSlot",
          "slotNumber": 6.5
        },
        {
          "dmxRange": [84, 90],
          "type": "WheelSlot",
          "slotNumber": 7
        },
        {
          "dmxRange": [91, 97],
          "type": "WheelSlot",
          "slotNumber": 7.5
        },
        {
          "dmxRange": [98, 104],
          "type": "WheelSlot",
          "slotNumber": 8
        },
        {
          "dmxRange": [105, 111],
          "type": "WheelSlot",
          "slotNumber": 8.5
        },
        {
          "dmxRange": [112, 118],
          "type": "WheelSlot",
          "slotNumber": 9
        },
        {
          "dmxRange": [119, 127],
          "type": "WheelSlot",
          "slotNumber": 9.5
        },
        {
          "dmxRange": [128, 189],
          "type": "WheelRotation",
          "speedStart": "fast CW",
          "speedEnd": "slow CW"
        },
        {
          "dmxRange": [190, 193],
          "type": "WheelRotation",
          "speed": "stop"
        },
        {
          "dmxRange": [194, 255],
          "type": "WheelRotation",
          "speedStart": "slow CCW",
          "speedEnd": "fast CCW"
        }
      ]
    },
    "Prism": {
      "capabilities": [
        {
          "dmxRange": [0, 95],
          "type": "NoFunction"
        },
        {
          "dmxRange": [96, 159],
          "type": "Prism"
        },
        {
          "dmxRange": [160, 167],
          "type": "Prism",
          "comment": "Macro 1"
        },
        {
          "dmxRange": [168, 175],
          "type": "Prism",
          "comment": "Macro 2"
        },
        {
          "dmxRange": [176, 183],
          "type": "Prism",
          "comment": "Macro 3"
        },
        {
          "dmxRange": [184, 191],
          "type": "Prism",
          "comment": "Macro 4"
        },
        {
          "dmxRange": [192, 199],
          "type": "Prism",
          "comment": "Macro 5"
        },
        {
          "dmxRange": [200, 207],
          "type": "Prism",
          "comment": "Macro 6"
        },
        {
          "dmxRange": [208, 215],
          "type": "Prism",
          "comment": "Macro 7"
        },
        {
          "dmxRange": [216, 223],
          "type": "Prism",
          "comment": "Macro 8"
        },
        {
          "dmxRange": [224, 231],
          "type": "Prism",
          "comment": "Macro 9"
        },
        {
          "dmxRange": [232, 239],
          "type": "Prism",
          "comment": "Macro 10"
        },
        {
          "dmxRange": [240, 247],
          "type": "Prism",
          "comment": "Macro 11"
        },
        {
          "dmxRange": [248, 255],
          "type": "Prism",
          "comment": "Macro 12"
        }
      ]
    },
    "Prism rotation": {
      "capabilities": [
        {
          "dmxRange": [0, 0],
          "type": "PrismRotation",
          "speed": "stop"
        },
        {
          "dmxRange": [1, 126],
          "type": "PrismRotation",
          "speedStart": "fast CW",
          "speedEnd": "slow CW"
        },
        {
          "dmxRange": [127, 128],
          "type": "PrismRotation",
          "speed": "stop"
        },
        {
          "dmxRange": [129, 255],
          "type": "PrismRotation",
          "speedStart": "slow CCW",
          "speedEnd": "fast CCW"
        }
      ]
    },
    "Gobo Wheel": {
      "capabilities": [
        {
          "dmxRange": [0, 31],
          "type": "WheelSlot",
          "slotNumber": 1
        },
        {
          "dmxRange": [32, 63],
          "type": "WheelSlot",
          "slotNumber": 2
        },
        {
          "dmxRange": [64, 95],
          "type": "WheelSlot",
          "slotNumber": 3
        },
        {
          "dmxRange": [96, 127],
          "type": "WheelSlot",
          "slotNumber": 4
        },
        {
          "dmxRange": [128, 159],
          "type": "WheelSlot",
          "slotNumber": 5
        },
        {
          "dmxRange": [160, 223],
          "type": "WheelSlot",
          "slotNumber": 6
        },
        {
          "dmxRange": [224, 255],
          "type": "WheelRotation",
          "speedStart": "slow CW",
          "speedEnd": "fast CW"
        }
      ]
    },
    "Gobo rotation": {
      "capabilities": [
        {
          "dmxRange": [0, 127],
          "type": "WheelSlotRotation",
          "wheel": "Gobo Wheel",
          "angleStart": "0%",
          "angleEnd": "100%"
        },
        {
          "dmxRange": [128, 190],
          "type": "WheelSlotRotation",
          "wheel": "Gobo Wheel",
          "speedStart": "fast CW",
          "speedEnd": "slow CW"
        },
        {
          "dmxRange": [191, 192],
          "type": "WheelSlotRotation",
          "wheel": "Gobo Wheel",
          "speed": "stop"
        },
        {
          "dmxRange": [193, 255],
          "type": "WheelSlotRotation",
          "wheel": "Gobo Wheel",
          "speedStart": "slow CCW",
          "speedEnd": "fast CCW"
        }
      ]
    },
    "Focus": {
      "capability": {
        "type": "Focus",
        "distanceStart": "far",
        "distanceEnd": "near"
      }
    },
    "Shutter / Strobe": {
      "capabilities": [
        {
          "dmxRange": [0, 31],
          "type": "ShutterStrobe",
          "shutterEffect": "Closed"
        },
        {
          "dmxRange": [32, 63],
          "type": "ShutterStrobe",
          "shutterEffect": "Open"
        },
        {
          "dmxRange": [64, 95],
          "type": "ShutterStrobe",
          "shutterEffect": "Strobe",
          "speedStart": "slow",
          "speedEnd": "fast"
        },
        {
          "dmxRange": [96, 127],
          "type": "ShutterStrobe",
          "shutterEffect": "Open"
        },
        {
          "dmxRange": [128, 159],
          "type": "ShutterStrobe",
          "shutterEffect": "Pulse"
        },
        {
          "dmxRange": [160, 191],
          "type": "ShutterStrobe",
          "shutterEffect": "Open"
        },
        {
          "dmxRange": [192, 223],
          "type": "ShutterStrobe",
          "shutterEffect": "Strobe",
          "speedStart": "slow",
          "speedEnd": "fast",
          "randomTiming": true
        },
        {
          "dmxRange": [224, 255],
          "type": "ShutterStrobe",
          "shutterEffect": "Open"
        }
      ]
    },
    "Dimmer": {
      "highlightValue": 255,
      "precedence": "HTP",
      "capability": {
        "type": "Intensity"
      }
    }
  },
  "modes": [
    {
      "name": "16bit",
      "channels": [
        "Pan",
        "Pan fine",
        "Tilt",
        "Tilt fine",
        "Pan/Tilt Speed",
        "Reset",
        "Color Wheel",
        null,
        "Prism",
        "Prism rotation",
        "Gobo Wheel",
        "Gobo rotation",
        null,
        "Focus",
        "Shutter / Strobe",
        "Dimmer"
      ]
    },
    {
      "name": "8bit",
      "channels": [
        "Pan",
        "Tilt",
        "Pan/Tilt Speed",
        "Reset",
        "Color Wheel",
        null,
        "Prism",
        "Prism rotation",
        "Gobo Wheel",
        "Gobo rotation",
        null,
        "Focus",
        "Shutter / Strobe",
        "Dimmer"
      ]
    }
  ],
  "fixtureKey": "spica-250m",
  "manufacturerKey": "5star-systems",
  "oflURL": "https://open-fixture-library.org/5star-systems/spica-250m"
}
