{
  "$schema": "https://raw.githubusercontent.com/OpenLightingProject/open-fixture-library/schema-12.4.1/schemas/fixture.json",
  "name": "BT-LEDROTOR",
  "shortName": "LEDROTOR",
  "categories": ["Fan", "Color Changer"],
  "meta": {
    "authors": ["Flo Edelmann"],
    "createDate": "2018-12-11",
    "lastModifyDate": "2018-12-11"
  },
  "links": {
    "manual": [
      "https://briteq-lighting.com/fileuploader/download/download/?d=0&file=custom%2Fupload%2FFile-1537956760.pdf"
    ],
    "productPage": [
      "https://briteq-lighting.com/bt-ledrotor"
    ],
    "video": [
      "https://www.youtube.com/watch?v=eP5CmRNi8KA",
      "https://www.youtube.com/watch?v=tehBZU4Vp1A"
    ]
  },
  "physical": {
    "dimensions": [700, 700, 94.5],
    "weight": 18,
    "power": 240,
    "DMXconnector": "3-pin and 5-pin",
    "bulb": {
      "type": "32× 3W UV LEDs, 720× 0.2W RGB LEDs"
    }
  },
  "matrix": {
    "pixelKeys": [
      [
        [
          null,
          null,
          null,
          null,
          null,
          null,
          "A5",
          null,
          null,
          null,
          null,
          null,
          null
        ],
        [
          "F5",
          null,
          null,
          null,
          null,
          null,
          "A4",
          null,
          null,
          null,
          null,
          null,
          "B5"
        ],
        [
          null,
          "F4",
          null,
          null,
          null,
          null,
          "A3",
          null,
          null,
          null,
          null,
          "B4",
          null
        ],
        [
          null,
          null,
          "F3",
          null,
          null,
          null,
          "A2",
          null,
          null,
          null,
          "B3",
          null,
          null
        ],
        [
          null,
          null,
          null,
          "F2",
          null,
          null,
          "A1",
          null,
          null,
          "B2",
          null,
          null,
          null
        ],
        [
          null,
          null,
          null,
          null,
          "F1",
          null,
          null,
          null,
          "B1",
          null,
          null,
          null,
          null
        ],
        [
          null,
          null,
          null,
          null,
          null,
          null,
          null,
          null,
          null,
          null,
          null,
          null,
          null
        ],
        [
          null,
          null,
          null,
          null,
          "E1",
          null,
          null,
          null,
          "C1",
          null,
          null,
          null,
          null
        ],
        [
          null,
          null,
          null,
          "E2",
          null,
          null,
          "D1",
          null,
          null,
          "C2",
          null,
          null,
          null
        ],
        [
          null,
          null,
          "E3",
          null,
          null,
          null,
          "D2",
          null,
          null,
          null,
          "C3",
          null,
          null
        ],
        [
          null,
          "E4",
          null,
          null,
          null,
          null,
          "D3",
          null,
          null,
          null,
          null,
          "C4",
          null
        ],
        [
          "E5",
          null,
          null,
          null,
          null,
          null,
          "D4",
          null,
          null,
          null,
          null,
          null,
          "C5"
        ],
        [
          null,
          null,
          null,
          null,
          null,
          null,
          "D5",
          null,
          null,
          null,
          null,
          null,
          null
        ]
      ]
    ],
    "pixelGroups": {
      "Segment 1": {
        "name": [
          "^[A-F]1$"
        ]
      },
      "Segment 2": {
        "name": [
          "^[A-F]2$"
        ]
      },
      "Segment 3": {
        "name": [
          "^[A-F]3$"
        ]
      },
      "Segment 4": {
        "name": [
          "^[A-F]4$"
        ]
      },
      "Segment 5": {
        "name": [
          "^[A-F]5$"
        ]
      },
      "Blade A": {
        "name": [
          "^A[0-5]$"
        ]
      },
      "Blade B": {
        "name": [
          "^B[0-5]$"
        ]
      },
      "Blade C": {
        "name": [
          "^C[0-5]$"
        ]
      },
      "Blade D": {
        "name": [
          "^D[0-5]$"
        ]
      },
      "Blade E": {
        "name": [
          "^E[0-5]$"
        ]
      },
      "Blade F": {
        "name": [
          "^F[0-5]$"
        ]
      },
      "Master": "all"
    }
  },
  "availableChannels": {
    "Master Dimmer": {
      "capability": {
        "type": "Intensity"
      }
    },
    "Segment Effects": {
      "defaultValue": 0,
      "capabilities": [
        {
          "dmxRange": [0, 11],
          "type": "ColorPreset",
          "comment": "UV",
          "colors": ["#8800ff"],
          "switchChannels": {
            "Segment Effect Control": "Strobe"
          }
        },
        {
          "dmxRange": [12, 22],
          "type": "ColorPreset",
          "comment": "Red",
          "colors": ["#ff0000"],
          "switchChannels": {
            "Segment Effect Control": "Strobe"
          }
        },
        {
          "dmxRange": [23, 33],
          "type": "ColorPreset",
          "comment": "Green",
          "colors": ["#00ff00"],
          "switchChannels": {
            "Segment Effect Control": "Strobe"
          }
        },
        {
          "dmxRange": [34, 44],
          "type": "ColorPreset",
          "comment": "Blue",
          "colors": ["#0000ff"],
          "switchChannels": {
            "Segment Effect Control": "Strobe"
          }
        },
        {
          "dmxRange": [45, 55],
          "type": "ColorPreset",
          "comment": "Yellow",
          "colors": ["#ffff00"],
          "switchChannels": {
            "Segment Effect Control": "Strobe"
          }
        },
        {
          "dmxRange": [56, 66],
          "type": "ColorPreset",
          "comment": "Cyan",
          "colors": ["#00ffff"],
          "switchChannels": {
            "Segment Effect Control": "Strobe"
          }
        },
        {
          "dmxRange": [67, 77],
          "type": "ColorPreset",
          "comment": "Magenta",
          "colors": ["#ff00ff"],
          "switchChannels": {
            "Segment Effect Control": "Strobe"
          }
        },
        {
          "dmxRange": [78, 88],
          "type": "ColorPreset",
          "comment": "White",
          "colors": ["#ffffff"],
          "switchChannels": {
            "Segment Effect Control": "Strobe"
          }
        },
        {
          "dmxRange": [89, 99],
          "type": "Effect",
          "effectName": "CFADE",
          "switchChannels": {
            "Segment Effect Control": "Effect Speed"
          }
        },
        {
          "dmxRange": [100, 110],
          "type": "Effect",
          "effectName": "Meteor",
          "switchChannels": {
            "Segment Effect Control": "Effect Speed"
          }
        },
        {
          "dmxRange": [111, 121],
          "type": "Effect",
          "effectPreset": "ColorFade",
          "switchChannels": {
            "Segment Effect Control": "Effect Speed"
          }
        },
        {
          "dmxRange": [122, 132],
          "type": "Effect",
          "effectPreset": "ColorJump",
          "switchChannels": {
            "Segment Effect Control": "Effect Speed"
          }
        },
        {
          "dmxRange": [133, 143],
          "type": "Effect",
          "effectName": "Flow 1",
          "switchChannels": {
            "Segment Effect Control": "Effect Speed"
          }
        },
        {
          "dmxRange": [144, 154],
          "type": "Effect",
          "effectName": "Flow 2",
          "switchChannels": {
            "Segment Effect Control": "Effect Speed"
          }
        },
        {
          "dmxRange": [155, 165],
          "type": "Effect",
          "effectName": "Flow 3",
          "switchChannels": {
            "Segment Effect Control": "Effect Speed"
          }
        },
        {
          "dmxRange": [166, 176],
          "type": "Effect",
          "effectName": "Flow 4",
          "switchChannels": {
            "Segment Effect Control": "Effect Speed"
          }
        },
        {
          "dmxRange": [177, 187],
          "type": "Effect",
          "effectName": "Flow 5",
          "switchChannels": {
            "Segment Effect Control": "Effect Speed"
          }
        },
        {
          "dmxRange": [188, 198],
          "type": "Effect",
          "effectName": "Flow 6",
          "switchChannels": {
            "Segment Effect Control": "Effect Speed"
          }
        },
        {
          "dmxRange": [199, 209],
          "type": "Effect",
          "effectName": "Flow 7",
          "switchChannels": {
            "Segment Effect Control": "Effect Speed"
          }
        },
        {
          "dmxRange": [210, 220],
          "type": "Effect",
          "effectName": "Flow 8",
          "switchChannels": {
            "Segment Effect Control": "Effect Speed"
          }
        },
        {
          "dmxRange": [221, 231],
          "type": "Effect",
          "effectName": "Flow 9",
          "switchChannels": {
            "Segment Effect Control": "Effect Speed"
          }
        },
        {
          "dmxRange": [232, 255],
          "type": "Effect",
          "effectName": "Random Flow 1…9",
          "switchChannels": {
            "Segment Effect Control": "Effect Speed"
          }
        }
      ]
    },
    "Strobe": {
      "capabilities": [
        {
          "dmxRange": [0, 7],
          "type": "NoFunction"
        },
        {
          "dmxRange": [8, 255],
          "type": "ShutterStrobe",
          "shutterEffect": "Strobe",
          "speedStart": "slow",
          "speedEnd": "fast"
        }
      ]
    },
    "Effect Speed": {
      "capability": {
        "type": "EffectSpeed",
        "speedStart": "slow",
        "speedEnd": "fast"
      }
    },
    "Blades": {
      "capabilities": [
        {
          "dmxRange": [0, 7],
          "type": "Maintenance",
          "comment": "All blades switched on"
        },
        {
          "dmxRange": [8, 15],
          "type": "Maintenance",
          "comment": "Blade A switched on"
        },
        {
          "dmxRange": [16, 23],
          "type": "Maintenance",
          "comment": "Blade B switched on"
        },
        {
          "dmxRange": [24, 31],
          "type": "Maintenance",
          "comment": "Blade C switched on"
        },
        {
          "dmxRange": [32, 47],
          "type": "Maintenance",
          "comment": "Blade D switched on",
          "helpWanted": "Is this capability's DMX range really wider than the others?"
        },
        {
          "dmxRange": [48, 55],
          "type": "Maintenance",
          "comment": "Blade E switched on"
        },
        {
          "dmxRange": [56, 63],
          "type": "Maintenance",
          "comment": "Blade F switched on"
        },
        {
          "dmxRange": [64, 71],
          "type": "Maintenance",
          "comment": "Blades A+B switched on"
        },
        {
          "dmxRange": [72, 79],
          "type": "Maintenance",
          "comment": "Blades A+C switched on"
        },
        {
          "dmxRange": [80, 87],
          "type": "Maintenance",
          "comment": "Blades A+D switched on"
        },
        {
          "dmxRange": [88, 95],
          "type": "Maintenance",
          "comment": "Blades A+C+E switched on"
        },
        {
          "dmxRange": [96, 249],
          "type": "Effect",
          "effectName": "Random blades switched on/off",
          "durationStart": "10s",
          "durationEnd": "0.1s"
        },
        {
          "dmxRange": [250, 255],
          "type": "Maintenance",
          "comment": "All blades switched on"
        }
      ]
    },
    "Fan Rotation": {
      "capabilities": [
        {
          "dmxRange": [0, 127],
          "type": "Rotation",
          "angleStart": "0deg",
          "angleEnd": "360deg"
        },
        {
          "dmxRange": [128, 189],
          "type": "Rotation",
          "speedStart": "fast CW",
          "speedEnd": "slow CW"
        },
        {
          "dmxRange": [190, 193],
          "type": "Rotation",
          "speed": "stop"
        },
        {
          "dmxRange": [194, 255],
          "type": "Rotation",
          "speedStart": "slow CCW",
          "speedEnd": "fast CCW"
        }
      ]
    },
    "RGB Segment Effects": {
      "capabilities": [
        {
          "dmxRange": [0, 7],
          "type": "NoFunction"
        },
        {
          "dmxRange": [8, 24],
          "type": "Effect",
          "effectName": "CFADE"
        },
        {
          "dmxRange": [25, 42],
          "type": "Effect",
          "effectName": "Meteor"
        },
        {
          "dmxRange": [43, 60],
          "type": "Effect",
          "effectPreset": "ColorFade"
        },
        {
          "dmxRange": [61, 78],
          "type": "Effect",
          "effectPreset": "ColorJump"
        },
        {
          "dmxRange": [79, 93],
          "type": "Effect",
          "effectName": "Flow 1"
        },
        {
          "dmxRange": [94, 110],
          "type": "Effect",
          "effectName": "Flow 2"
        },
        {
          "dmxRange": [111, 127],
          "type": "Effect",
          "effectName": "Flow 3"
        },
        {
          "dmxRange": [128, 144],
          "type": "Effect",
          "effectName": "Flow 4"
        },
        {
          "dmxRange": [145, 161],
          "type": "Effect",
          "effectName": "Flow 5"
        },
        {
          "dmxRange": [162, 178],
          "type": "Effect",
          "effectName": "Flow 6"
        },
        {
          "dmxRange": [179, 195],
          "type": "Effect",
          "effectName": "Flow 7"
        },
        {
          "dmxRange": [196, 212],
          "type": "Effect",
          "effectName": "Flow 8"
        },
        {
          "dmxRange": [213, 229],
          "type": "Effect",
          "effectName": "Flow 9"
        },
        {
          "dmxRange": [230, 255],
          "type": "Effect",
          "effectName": "Random Flow 1…9"
        }
      ]
    },
    "RGB Segment Effect Speed": {
      "capabilities": [
        {
          "dmxRange": [0, 7],
          "type": "EffectSpeed",
          "speed": "stop"
        },
        {
          "dmxRange": [8, 255],
          "type": "EffectSpeed",
          "speedStart": "slow",
          "speedEnd": "fast"
        }
      ]
    },
    "UV Dimmer": {
      "capability": {
        "type": "ColorIntensity",
        "color": "UV"
      }
    },
    "UV Strobe": {
      "capabilities": [
        {
          "dmxRange": [0, 7],
          "type": "NoFunction"
        },
        {
          "dmxRange": [8, 255],
          "type": "ShutterStrobe",
          "shutterEffect": "Strobe",
          "speedStart": "slow",
          "speedEnd": "fast"
        }
      ]
    },
    "Control": {
      "capabilities": [
        {
          "dmxRange": [0, 7],
          "type": "NoFunction"
        },
        {
          "dmxRange": [8, 13],
          "type": "Maintenance",
          "comment": "Linear dimmer curve"
        },
        {
          "dmxRange": [14, 19],
          "type": "Maintenance",
          "comment": "Square dimmer curve"
        },
        {
          "dmxRange": [20, 25],
          "type": "Maintenance",
          "comment": "Inverse square dimmer curve"
        },
        {
          "dmxRange": [26, 31],
          "type": "Maintenance",
          "comment": "S-curve dimmer curve"
        },
        {
          "dmxRange": [32, 255],
          "type": "NoFunction"
        }
      ]
    }
  },
  "templateChannels": {
    "Red $pixelKey": {
      "capability": {
        "type": "ColorIntensity",
        "color": "Red"
      }
    },
    "Green $pixelKey": {
      "capability": {
        "type": "ColorIntensity",
        "color": "Green"
      }
    },
    "Blue $pixelKey": {
      "capability": {
        "type": "ColorIntensity",
        "color": "Blue"
      }
    },
    "$pixelKey Dimmer": {
      "capability": {
        "type": "Intensity"
      }
    },
    "$pixelKey Strobe": {
      "capabilities": [
        {
          "dmxRange": [0, 7],
          "type": "NoFunction"
        },
        {
          "dmxRange": [8, 255],
          "type": "ShutterStrobe",
          "shutterEffect": "Strobe",
          "speedStart": "slow",
          "speedEnd": "fast"
        }
      ]
    }
  },
  "modes": [
    {
      "name": "Easy",
      "shortName": "5ch",
      "channels": [
        "Master Dimmer",
        "Segment Effects",
        "Segment Effect Control",
        "Blades",
        "Fan Rotation"
      ]
    },
    {
      "name": "12-channel",
      "shortName": "12ch",
      "channels": [
        "Master Dimmer",
        "Strobe",
        "Red Master",
        "Green Master",
        "Blue Master",
        "RGB Segment Effects",
        "RGB Segment Effect Speed",
        "Blades",
        "UV Dimmer",
        "UV Strobe",
        "Fan Rotation",
        "Control"
      ]
    },
    {
      "name": "33-channel",
      "shortName": "33ch",
      "channels": [
        "Master Dimmer",
        "Strobe",
        {
          "insert": "matrixChannels",
          "repeatFor": [
            "Segment 1",
            "Segment 2",
            "Segment 3",
            "Segment 4",
            "Segment 5"
          ],
          "channelOrder": "perPixel",
          "templateChannels": [
            "Red $pixelKey",
            "Green $pixelKey",
            "Blue $pixelKey"
          ]
        },
        {
          "insert": "matrixChannels",
          "repeatFor": [
            "Blade A",
            "Blade B",
            "Blade C",
            "Blade D",
            "Blade E",
            "Blade F"
          ],
          "channelOrder": "perPixel",
          "templateChannels": [
            "$pixelKey Dimmer",
            "$pixelKey Strobe"
          ]
        },
        "UV Dimmer",
        "UV Strobe",
        "Fan Rotation",
        "Control"
      ]
    }
  ],
  "fixtureKey": "bt-ledrotor",
  "manufacturerKey": "briteq",
  "oflURL": "https://open-fixture-library.org/briteq/bt-ledrotor"
}
