{
  "$schema": "https://raw.githubusercontent.com/OpenLightingProject/open-fixture-library/schema-12.4.1/schemas/fixture.json",
  "name": "Kolorado 4000",
  "shortName": "GrivenKolorado4000",
  "categories": ["Color Changer", "Blinder", "Dimmer"],
  "meta": {
    "authors": ["David Olvera"],
    "createDate": "2019-07-22",
    "lastModifyDate": "2019-07-22"
  },
  "links": {
    "manual": [
      "http://www.carlosmendoza.com.mx/Descargas/Griven_Kolorado_4000_manual.pdf"
    ]
  },
  "physical": {
    "dimensions": [620, 821, 623],
    "weight": 53,
    "power": 4000,
    "bulb": {
      "type": "HMI 4000W SE G38",
      "colorTemperature": 6000,
      "lumens": 380000
    }
  },
  "availableChannels": {
    "Lamp On/Off": {
      "defaultValue": 0,
      "capabilities": [
        {
          "dmxRange": [0, 126],
          "type": "Maintenance",
          "comment": "Lamp on"
        },
        {
          "dmxRange": [127, 255],
          "type": "Maintenance",
          "comment": "Lamp off"
        }
      ]
    },
    "Dimmer": {
      "defaultValue": 128,
      "capabilities": [
        {
          "dmxRange": [0, 5],
          "type": "ShutterStrobe",
          "shutterEffect": "Closed"
        },
        {
          "dmxRange": [6, 127],
          "type": "Intensity"
        },
        {
          "dmxRange": [128, 159],
          "type": "ShutterStrobe",
          "shutterEffect": "Open"
        },
        {
          "dmxRange": [160, 191],
          "type": "ShutterStrobe",
          "shutterEffect": "Strobe",
          "speedStart": "slow",
          "speedEnd": "fast",
          "comment": "Mechanical"
        },
        {
          "dmxRange": [192, 239],
          "type": "ShutterStrobe",
          "shutterEffect": "Strobe",
          "speedStart": "1Hz",
          "speedEnd": "20Hz",
          "comment": "Electronic"
        },
        {
          "dmxRange": [240, 255],
          "type": "ShutterStrobe",
          "shutterEffect": "Open"
        }
      ]
    },
    "Yellow": {
      "defaultValue": 0,
      "capability": {
        "type": "ColorIntensity",
        "color": "Yellow"
      }
    },
    "Cyan": {
      "defaultValue": 0,
      "capability": {
        "type": "ColorIntensity",
        "color": "Cyan"
      }
    },
    "Magenta": {
      "defaultValue": 0,
      "capability": {
        "type": "ColorIntensity",
        "color": "Magenta"
      }
    }
  },
  "modes": [
    {
      "name": "2-channel",
      "shortName": "2ch",
      "channels": [
        "Lamp On/Off",
        "Dimmer"
      ]
    },
    {
      "name": "5-channel",
      "shortName": "5ch",
      "channels": [
        "Lamp On/Off",
        "Dimmer",
        "Yellow",
        "Cyan",
        "Magenta"
      ]
    }
  ],
  "fixtureKey": "kolorado-4000",
  "manufacturerKey": "griven",
  "oflURL": "https://open-fixture-library.org/griven/kolorado-4000"
}
