{
  "$schema": "https://raw.githubusercontent.com/OpenLightingProject/open-fixture-library/schema-12.4.1/schemas/fixture.json",
  "name": "AX3 Lightdrop",
  "categories": ["Color Changer"],
  "meta": {
    "authors": ["Fredje Gallon", "Anomes"],
    "createDate": "2020-03-29",
    "lastModifyDate": "2020-03-29",
    "importPlugin": {
      "plugin": "qlcplus_4.12.1",
      "date": "2020-03-29",
      "comment": "created by Q Light Controller Plus (version 4.12.3 GIT)"
    }
  },
  "links": {
    "manual": [
      "https://www.astera-led.com/Downloads/manual/AX3%20Manual%20%28EN%29.pdf"
    ],
    "productPage": [
      "https://astera-led.com/products/ax3-lightdrop/"
    ],
    "video": [
      "https://www.youtube.com/watch?v=1QZb19aNqAg",
      "https://www.youtube.com/watch?v=u9XPp9icNiA"
    ]
  },
  "physical": {
    "dimensions": [96.4, 96.4, 59],
    "weight": 0.4,
    "power": 15,
    "bulb": {
      "type": "LED",
      "colorTemperature": 4000,
      "lumens": 420
    },
    "lens": {
      "degreesMinMax": [13, 13]
    }
  },
  "availableChannels": {
    "Red": {
      "defaultValue": 0,
      "capability": {
        "type": "ColorIntensity",
        "color": "Red"
      }
    },
    "Green": {
      "defaultValue": 0,
      "capability": {
        "type": "ColorIntensity",
        "color": "Green"
      }
    },
    "Blue": {
      "defaultValue": 0,
      "capability": {
        "type": "ColorIntensity",
        "color": "Blue"
      }
    },
    "White": {
      "defaultValue": 0,
      "capability": {
        "type": "ColorIntensity",
        "color": "White"
      }
    },
    "Master dimmer": {
      "defaultValue": 0,
      "capability": {
        "type": "Intensity"
      }
    },
    "Color Temperature CCT": {
      "defaultValue": 0,
      "capabilities": [
        {
          "dmxRange": [0, 4],
          "type": "ColorTemperature",
          "colorTemperature": "default"
        },
        {
          "dmxRange": [5, 255],
          "type": "ColorTemperature",
          "colorTemperatureStart": "2100K",
          "colorTemperatureEnd": "7100K",
          "comment": "Color Temperature = 2000 + 20*DMX-Value"
        }
      ]
    },
    "LEE Color Gel 1": {
      "defaultValue": 0,
      "capabilities": [
        {
          "dmxRange": [0, 1],
          "type": "ColorPreset",
          "comment": "No effect"
        },
        {
          "dmxRange": [2, 2],
          "type": "ColorPreset",
          "comment": "Rose Pink"
        },
        {
          "dmxRange": [3, 3],
          "type": "ColorPreset",
          "comment": "Lavender Tint"
        },
        {
          "dmxRange": [4, 6],
          "type": "ColorPreset",
          "comment": "Medium Bastard Amber"
        },
        {
          "dmxRange": [7, 7],
          "type": "ColorPreset",
          "comment": "Pale Yellow"
        },
        {
          "dmxRange": [8, 8],
          "type": "ColorPreset",
          "comment": "Dark Salmon"
        },
        {
          "dmxRange": [9, 9],
          "type": "ColorPreset",
          "comment": "Pale Amber Gold"
        },
        {
          "dmxRange": [10, 12],
          "type": "ColorPreset",
          "comment": "Medium Yellow"
        },
        {
          "dmxRange": [13, 14],
          "type": "ColorPreset",
          "comment": "Straw Tint"
        },
        {
          "dmxRange": [15, 16],
          "type": "ColorPreset",
          "comment": "Deep Straw"
        },
        {
          "dmxRange": [17, 18],
          "type": "ColorPreset",
          "comment": "Surprise Peach"
        },
        {
          "dmxRange": [19, 19],
          "type": "ColorPreset",
          "comment": "Fire"
        },
        {
          "dmxRange": [20, 20],
          "type": "ColorPreset",
          "comment": "Medium Amber"
        },
        {
          "dmxRange": [21, 21],
          "type": "ColorPreset",
          "comment": "Gold Amber"
        },
        {
          "dmxRange": [22, 23],
          "type": "ColorPreset",
          "comment": "Dark Amber"
        },
        {
          "dmxRange": [24, 24],
          "type": "ColorPreset",
          "comment": "Scarlet"
        },
        {
          "dmxRange": [25, 25],
          "type": "ColorPreset",
          "comment": "Sunset Red"
        },
        {
          "dmxRange": [26, 26],
          "type": "ColorPreset",
          "comment": "Bright Red"
        },
        {
          "dmxRange": [27, 28],
          "type": "ColorPreset",
          "comment": "Medium Red"
        },
        {
          "dmxRange": [29, 34],
          "type": "ColorPreset",
          "comment": "Plasa Red"
        },
        {
          "dmxRange": [35, 35],
          "type": "ColorPreset",
          "comment": "Light Pink"
        },
        {
          "dmxRange": [36, 45],
          "type": "ColorPreset",
          "comment": "Medium Pink"
        },
        {
          "dmxRange": [46, 47],
          "type": "ColorPreset",
          "comment": "Dark Magenta"
        },
        {
          "dmxRange": [48, 48],
          "type": "ColorPreset",
          "comment": "Rose Purple"
        },
        {
          "dmxRange": [49, 51],
          "type": "ColorPreset",
          "comment": "Medium Purple"
        },
        {
          "dmxRange": [52, 52],
          "type": "ColorPreset",
          "comment": "Light Lavender"
        },
        {
          "dmxRange": [53, 57],
          "type": "ColorPreset",
          "comment": "Paler Lavender"
        },
        {
          "dmxRange": [58, 60],
          "type": "ColorPreset",
          "comment": "Lavender"
        },
        {
          "dmxRange": [61, 62],
          "type": "ColorPreset",
          "comment": "Mist Blue"
        },
        {
          "dmxRange": [63, 67],
          "type": "ColorPreset",
          "comment": "Pale Blue"
        },
        {
          "dmxRange": [68, 70],
          "type": "ColorPreset",
          "comment": "Sky Blue"
        },
        {
          "dmxRange": [71, 74],
          "type": "ColorPreset",
          "comment": "Tokyo Blue"
        },
        {
          "dmxRange": [75, 78],
          "type": "ColorPreset",
          "comment": "Evening Blue"
        },
        {
          "dmxRange": [79, 84],
          "type": "ColorPreset",
          "comment": "Just Blue"
        },
        {
          "dmxRange": [85, 87],
          "type": "ColorPreset",
          "comment": "Deeper Blue"
        },
        {
          "dmxRange": [88, 88],
          "type": "ColorPreset",
          "comment": "Lime Green"
        },
        {
          "dmxRange": [89, 89],
          "type": "ColorPreset",
          "comment": "Moss Green"
        },
        {
          "dmxRange": [90, 99],
          "type": "ColorPreset",
          "comment": "Dark Yellow Green"
        },
        {
          "dmxRange": [100, 100],
          "type": "ColorPreset",
          "comment": "Spring Yellow"
        },
        {
          "dmxRange": [101, 101],
          "type": "ColorPreset",
          "comment": "Yellow"
        },
        {
          "dmxRange": [102, 102],
          "type": "ColorPreset",
          "comment": "Light Amber"
        },
        {
          "dmxRange": [103, 103],
          "type": "ColorPreset",
          "comment": "Straw"
        },
        {
          "dmxRange": [104, 104],
          "type": "ColorPreset",
          "comment": "Deep Amber"
        },
        {
          "dmxRange": [105, 105],
          "type": "ColorPreset",
          "comment": "Orange"
        },
        {
          "dmxRange": [106, 106],
          "type": "ColorPreset",
          "comment": "Primary Red"
        },
        {
          "dmxRange": [107, 107],
          "type": "ColorPreset",
          "comment": "Light Rose"
        },
        {
          "dmxRange": [108, 108],
          "type": "ColorPreset",
          "comment": "English Rose"
        },
        {
          "dmxRange": [109, 109],
          "type": "ColorPreset",
          "comment": "Light Salmon"
        },
        {
          "dmxRange": [110, 110],
          "type": "ColorPreset",
          "comment": "Middle Rose"
        },
        {
          "dmxRange": [111, 112],
          "type": "ColorPreset",
          "comment": "Dark Pink"
        },
        {
          "dmxRange": [113, 114],
          "type": "ColorPreset",
          "comment": "Magenta"
        },
        {
          "dmxRange": [115, 115],
          "type": "ColorPreset",
          "comment": "Peacock Blue"
        },
        {
          "dmxRange": [116, 116],
          "type": "ColorPreset",
          "comment": "Medium Blue-Green"
        },
        {
          "dmxRange": [117, 117],
          "type": "ColorPreset",
          "comment": "Steel Blue"
        },
        {
          "dmxRange": [118, 118],
          "type": "ColorPreset",
          "comment": "Light Blue"
        },
        {
          "dmxRange": [119, 119],
          "type": "ColorPreset",
          "comment": "Dark Blue"
        },
        {
          "dmxRange": [120, 120],
          "type": "ColorPreset",
          "comment": "Deep Blue"
        },
        {
          "dmxRange": [121, 121],
          "type": "ColorPreset",
          "comment": "LEE Green"
        },
        {
          "dmxRange": [122, 123],
          "type": "ColorPreset",
          "comment": "Fern Green"
        },
        {
          "dmxRange": [124, 125],
          "type": "ColorPreset",
          "comment": "Dark Green"
        },
        {
          "dmxRange": [126, 126],
          "type": "ColorPreset",
          "comment": "Mauve"
        },
        {
          "dmxRange": [127, 127],
          "type": "ColorPreset",
          "comment": "Smokey Pink"
        },
        {
          "dmxRange": [128, 128],
          "type": "ColorPreset",
          "comment": "Bright Pink"
        },
        {
          "dmxRange": [129, 129],
          "type": "ColorPreset",
          "comment": "Heavy Frost"
        },
        {
          "dmxRange": [130, 130],
          "type": "ColorPreset",
          "comment": "Clear"
        },
        {
          "dmxRange": [131, 131],
          "type": "ColorPreset",
          "comment": "Marine Blue"
        },
        {
          "dmxRange": [132, 133],
          "type": "ColorPreset",
          "comment": "Medium Blue"
        },
        {
          "dmxRange": [134, 134],
          "type": "ColorPreset",
          "comment": "Golden Amber"
        },
        {
          "dmxRange": [135, 135],
          "type": "ColorPreset",
          "comment": "Deep Golden Amber"
        },
        {
          "dmxRange": [136, 136],
          "type": "ColorPreset",
          "comment": "Pale Lavender"
        },
        {
          "dmxRange": [137, 137],
          "type": "ColorPreset",
          "comment": "Special Lavender"
        },
        {
          "dmxRange": [138, 138],
          "type": "ColorPreset",
          "comment": "Pale Green"
        },
        {
          "dmxRange": [139, 139],
          "type": "ColorPreset",
          "comment": "Primary Green"
        },
        {
          "dmxRange": [140, 140],
          "type": "ColorPreset",
          "comment": "Summer Blue"
        },
        {
          "dmxRange": [141, 141],
          "type": "ColorPreset",
          "comment": "Bright Blue"
        },
        {
          "dmxRange": [142, 142],
          "type": "ColorPreset",
          "comment": "Pale Violet"
        },
        {
          "dmxRange": [143, 143],
          "type": "ColorPreset",
          "comment": "Pale Navy Blue"
        },
        {
          "dmxRange": [144, 146],
          "type": "ColorPreset",
          "comment": "No Colour Blue"
        },
        {
          "dmxRange": [147, 147],
          "type": "ColorPreset",
          "comment": "Apricot"
        },
        {
          "dmxRange": [148, 150],
          "type": "ColorPreset",
          "comment": "Bright Rose"
        },
        {
          "dmxRange": [151, 151],
          "type": "ColorPreset",
          "comment": "Gold Tint"
        },
        {
          "dmxRange": [152, 152],
          "type": "ColorPreset",
          "comment": "Pale Gold"
        },
        {
          "dmxRange": [153, 153],
          "type": "ColorPreset",
          "comment": "Pale Salmon"
        },
        {
          "dmxRange": [154, 155],
          "type": "ColorPreset",
          "comment": "Pale Rose"
        },
        {
          "dmxRange": [156, 156],
          "type": "ColorPreset",
          "comment": "Chocolate"
        },
        {
          "dmxRange": [157, 157],
          "type": "ColorPreset",
          "comment": "Pink"
        },
        {
          "dmxRange": [158, 158],
          "type": "ColorPreset",
          "comment": "Deep Orange"
        },
        {
          "dmxRange": [159, 160],
          "type": "ColorPreset",
          "comment": "No Colour Straw"
        },
        {
          "dmxRange": [161, 161],
          "type": "ColorPreset",
          "comment": "Slate Blue"
        },
        {
          "dmxRange": [162, 163],
          "type": "ColorPreset",
          "comment": "Bastard Amber"
        },
        {
          "dmxRange": [164, 164],
          "type": "ColorPreset",
          "comment": "Flame Red"
        },
        {
          "dmxRange": [165, 168],
          "type": "ColorPreset",
          "comment": "Daylight Blue"
        },
        {
          "dmxRange": [169, 169],
          "type": "ColorPreset",
          "comment": "Lilac Tint"
        },
        {
          "dmxRange": [170, 171],
          "type": "ColorPreset",
          "comment": "Deep Lavender"
        },
        {
          "dmxRange": [172, 173],
          "type": "ColorPreset",
          "comment": "Lagoon Blue"
        },
        {
          "dmxRange": [174, 175],
          "type": "ColorPreset",
          "comment": "Dark Steel Blue"
        },
        {
          "dmxRange": [176, 178],
          "type": "ColorPreset",
          "comment": "Loving Amber"
        },
        {
          "dmxRange": [179, 179],
          "type": "ColorPreset",
          "comment": "Chrome Orange"
        },
        {
          "dmxRange": [180, 180],
          "type": "ColorPreset",
          "comment": "Dark Lavender"
        },
        {
          "dmxRange": [181, 181],
          "type": "ColorPreset",
          "comment": "Congo Blue"
        },
        {
          "dmxRange": [182, 182],
          "type": "ColorPreset",
          "comment": "Light Red"
        },
        {
          "dmxRange": [183, 183],
          "type": "ColorPreset",
          "comment": "Moonlight Blue"
        },
        {
          "dmxRange": [184, 185],
          "type": "ColorPreset",
          "comment": "Cosmetic Peach"
        },
        {
          "dmxRange": [186, 186],
          "type": "ColorPreset",
          "comment": "Cosmetic Silver Rose"
        },
        {
          "dmxRange": [187, 187],
          "type": "ColorPreset",
          "comment": "Cosmetic Rouge"
        },
        {
          "dmxRange": [188, 188],
          "type": "ColorPreset",
          "comment": "Cosmetic Highlight"
        },
        {
          "dmxRange": [189, 190],
          "type": "ColorPreset",
          "comment": "Cosmetic Silver Moss"
        },
        {
          "dmxRange": [191, 191],
          "type": "ColorPreset",
          "comment": "Cosmetic Aqua Blue"
        },
        {
          "dmxRange": [192, 193],
          "type": "ColorPreset",
          "comment": "Flesh Pink"
        },
        {
          "dmxRange": [194, 194],
          "type": "ColorPreset",
          "comment": "Surprise Pink"
        },
        {
          "dmxRange": [195, 195],
          "type": "ColorPreset",
          "comment": "Zenith Blue"
        },
        {
          "dmxRange": [196, 196],
          "type": "ColorPreset",
          "comment": "True Blue"
        },
        {
          "dmxRange": [197, 197],
          "type": "ColorPreset",
          "comment": "Alice Blue"
        },
        {
          "dmxRange": [198, 198],
          "type": "ColorPreset",
          "comment": "Palace Blue"
        },
        {
          "dmxRange": [199, 199],
          "type": "ColorPreset",
          "comment": "Regal Blue"
        },
        {
          "dmxRange": [200, 200],
          "type": "ColorPreset",
          "comment": "Double CT Blue"
        },
        {
          "dmxRange": [201, 201],
          "type": "ColorPreset",
          "comment": "Full CT Blue"
        },
        {
          "dmxRange": [202, 202],
          "type": "ColorPreset",
          "comment": "1/2 CT Blue"
        },
        {
          "dmxRange": [203, 203],
          "type": "ColorPreset",
          "comment": "1/4 CT Blue"
        },
        {
          "dmxRange": [204, 204],
          "type": "ColorPreset",
          "comment": "Full CT Orange"
        },
        {
          "dmxRange": [205, 205],
          "type": "ColorPreset",
          "comment": "1/2 CT Orange"
        },
        {
          "dmxRange": [206, 206],
          "type": "ColorPreset",
          "comment": "1/4 CT Orange"
        },
        {
          "dmxRange": [207, 207],
          "type": "ColorPreset",
          "comment": "Full CT Orange +"
        },
        {
          "dmxRange": [208, 208],
          "type": "ColorPreset",
          "comment": "Full CT Orange +"
        },
        {
          "dmxRange": [209, 209],
          "type": "ColorPreset",
          "comment": "0.3 Neutral Density"
        },
        {
          "dmxRange": [210, 210],
          "type": "ColorPreset",
          "comment": "0.6 Neutral Density"
        },
        {
          "dmxRange": [211, 211],
          "type": "ColorPreset",
          "comment": "0.9 Neutral Density"
        },
        {
          "dmxRange": [212, 212],
          "type": "ColorPreset",
          "comment": "LCT Yellow"
        },
        {
          "dmxRange": [213, 215],
          "type": "ColorPreset",
          "comment": "White Flame Green"
        },
        {
          "dmxRange": [216, 216],
          "type": "ColorPreset",
          "comment": "White Diffusion"
        },
        {
          "dmxRange": [217, 217],
          "type": "ColorPreset",
          "comment": "Blue Diffusion"
        },
        {
          "dmxRange": [218, 218],
          "type": "ColorPreset",
          "comment": "1/8 CT Blue"
        },
        {
          "dmxRange": [219, 219],
          "type": "ColorPreset",
          "comment": "LEE Fluorescent Green"
        },
        {
          "dmxRange": [220, 220],
          "type": "ColorPreset",
          "comment": "White Frost"
        },
        {
          "dmxRange": [221, 222],
          "type": "ColorPreset",
          "comment": "Blue Frost"
        },
        {
          "dmxRange": [223, 223],
          "type": "ColorPreset",
          "comment": "1/8 CT Orange"
        },
        {
          "dmxRange": [224, 224],
          "type": "ColorPreset",
          "comment": "Daylight Blue Frost"
        },
        {
          "dmxRange": [225, 225],
          "type": "ColorPreset",
          "comment": "LEE N.D. Frost"
        },
        {
          "dmxRange": [226, 227],
          "type": "ColorPreset",
          "comment": "LEE U.V."
        },
        {
          "dmxRange": [228, 228],
          "type": "ColorPreset",
          "comment": "Brushed Silk"
        },
        {
          "dmxRange": [229, 229],
          "type": "ColorPreset",
          "comment": "1/4 Tough Spun"
        },
        {
          "dmxRange": [230, 231],
          "type": "ColorPreset",
          "comment": "Super Correction"
        },
        {
          "dmxRange": [232, 235],
          "type": "ColorPreset",
          "comment": "Super White Flame Green"
        },
        {
          "dmxRange": [236, 236],
          "type": "ColorPreset",
          "comment": "H.M.I (To Tungsten)"
        },
        {
          "dmxRange": [237, 237],
          "type": "ColorPreset",
          "comment": "C.I.D. (To Tungsten)"
        },
        {
          "dmxRange": [238, 238],
          "type": "ColorPreset",
          "comment": "C.S.I. (To Tungsten)"
        },
        {
          "dmxRange": [239, 240],
          "type": "ColorPreset",
          "comment": "Polariser"
        },
        {
          "dmxRange": [241, 241],
          "type": "ColorPreset",
          "comment": "LEE Fluorescent 5700 K"
        },
        {
          "dmxRange": [242, 242],
          "type": "ColorPreset",
          "comment": "LEE Fluorescent 4300 K"
        },
        {
          "dmxRange": [243, 243],
          "type": "ColorPreset",
          "comment": "LEE Fluorescent 3600 K"
        },
        {
          "dmxRange": [244, 244],
          "type": "ColorPreset",
          "comment": "LEE Plus Green"
        },
        {
          "dmxRange": [245, 245],
          "type": "ColorPreset",
          "comment": "1/2 Plus Green"
        },
        {
          "dmxRange": [246, 246],
          "type": "ColorPreset",
          "comment": "1/4 Plus Green"
        },
        {
          "dmxRange": [247, 247],
          "type": "ColorPreset",
          "comment": "LEE Minus Green"
        },
        {
          "dmxRange": [248, 248],
          "type": "ColorPreset",
          "comment": "1/2 Minus Green"
        },
        {
          "dmxRange": [249, 249],
          "type": "ColorPreset",
          "comment": "1/4 Minus Green"
        },
        {
          "dmxRange": [250, 250],
          "type": "ColorPreset",
          "comment": "1/2 White Diffusion"
        },
        {
          "dmxRange": [251, 251],
          "type": "ColorPreset",
          "comment": "1/4 White Diffusion"
        },
        {
          "dmxRange": [252, 252],
          "type": "ColorPreset",
          "comment": "1/8 White Diffusion"
        },
        {
          "dmxRange": [253, 253],
          "type": "ColorPreset",
          "comment": "Hampshire Frost"
        },
        {
          "dmxRange": [254, 254],
          "type": "ColorPreset",
          "comment": "New Hampshire Frost"
        },
        {
          "dmxRange": [255, 255],
          "type": "ColorPreset",
          "comment": "Hollywood Frost"
        }
      ]
    },
    "LEE Color Gel 2": {
      "defaultValue": 0,
      "capabilities": [
        {
          "dmxRange": [0, 1],
          "type": "ColorPreset",
          "comment": "No effect"
        },
        {
          "dmxRange": [2, 2],
          "type": "ColorPreset",
          "comment": "Rose Pink"
        },
        {
          "dmxRange": [3, 3],
          "type": "ColorPreset",
          "comment": "Lavender Tint"
        },
        {
          "dmxRange": [4, 6],
          "type": "ColorPreset",
          "comment": "Medium Bastard Amber"
        },
        {
          "dmxRange": [7, 7],
          "type": "ColorPreset",
          "comment": "Pale Yellow"
        },
        {
          "dmxRange": [8, 8],
          "type": "ColorPreset",
          "comment": "Dark Salmon"
        },
        {
          "dmxRange": [9, 9],
          "type": "ColorPreset",
          "comment": "Pale Amber Gold"
        },
        {
          "dmxRange": [10, 12],
          "type": "ColorPreset",
          "comment": "Medium Yellow"
        },
        {
          "dmxRange": [13, 14],
          "type": "ColorPreset",
          "comment": "Straw Tint"
        },
        {
          "dmxRange": [15, 16],
          "type": "ColorPreset",
          "comment": "Deep Straw"
        },
        {
          "dmxRange": [17, 18],
          "type": "ColorPreset",
          "comment": "Surprise Peach"
        },
        {
          "dmxRange": [19, 19],
          "type": "ColorPreset",
          "comment": "Fire"
        },
        {
          "dmxRange": [20, 20],
          "type": "ColorPreset",
          "comment": "Medium Amber"
        },
        {
          "dmxRange": [21, 21],
          "type": "ColorPreset",
          "comment": "Gold Amber"
        },
        {
          "dmxRange": [22, 23],
          "type": "ColorPreset",
          "comment": "Dark Amber"
        },
        {
          "dmxRange": [24, 24],
          "type": "ColorPreset",
          "comment": "Scarlet"
        },
        {
          "dmxRange": [25, 25],
          "type": "ColorPreset",
          "comment": "Sunset Red"
        },
        {
          "dmxRange": [26, 26],
          "type": "ColorPreset",
          "comment": "Bright Red"
        },
        {
          "dmxRange": [27, 28],
          "type": "ColorPreset",
          "comment": "Medium Red"
        },
        {
          "dmxRange": [29, 34],
          "type": "ColorPreset",
          "comment": "Plasa Red"
        },
        {
          "dmxRange": [35, 35],
          "type": "ColorPreset",
          "comment": "Light Pink"
        },
        {
          "dmxRange": [36, 45],
          "type": "ColorPreset",
          "comment": "Medium Pink"
        },
        {
          "dmxRange": [46, 47],
          "type": "ColorPreset",
          "comment": "Dark Magenta"
        },
        {
          "dmxRange": [48, 48],
          "type": "ColorPreset",
          "comment": "Rose Purple"
        },
        {
          "dmxRange": [49, 51],
          "type": "ColorPreset",
          "comment": "Medium Purple"
        },
        {
          "dmxRange": [52, 52],
          "type": "ColorPreset",
          "comment": "Light Lavender"
        },
        {
          "dmxRange": [53, 57],
          "type": "ColorPreset",
          "comment": "Paler Lavender"
        },
        {
          "dmxRange": [58, 60],
          "type": "ColorPreset",
          "comment": "Lavender"
        },
        {
          "dmxRange": [61, 62],
          "type": "ColorPreset",
          "comment": "Mist Blue"
        },
        {
          "dmxRange": [63, 67],
          "type": "ColorPreset",
          "comment": "Pale Blue"
        },
        {
          "dmxRange": [68, 70],
          "type": "ColorPreset",
          "comment": "Sky Blue"
        },
        {
          "dmxRange": [71, 74],
          "type": "ColorPreset",
          "comment": "Tokyo Blue"
        },
        {
          "dmxRange": [75, 78],
          "type": "ColorPreset",
          "comment": "Evening Blue"
        },
        {
          "dmxRange": [79, 84],
          "type": "ColorPreset",
          "comment": "Just Blue"
        },
        {
          "dmxRange": [85, 87],
          "type": "ColorPreset",
          "comment": "Deeper Blue"
        },
        {
          "dmxRange": [88, 88],
          "type": "ColorPreset",
          "comment": "Lime Green"
        },
        {
          "dmxRange": [89, 89],
          "type": "ColorPreset",
          "comment": "Moss Green"
        },
        {
          "dmxRange": [90, 99],
          "type": "ColorPreset",
          "comment": "Dark Yellow Green"
        },
        {
          "dmxRange": [100, 100],
          "type": "ColorPreset",
          "comment": "Spring Yellow"
        },
        {
          "dmxRange": [101, 101],
          "type": "ColorPreset",
          "comment": "Yellow"
        },
        {
          "dmxRange": [102, 102],
          "type": "ColorPreset",
          "comment": "Light Amber"
        },
        {
          "dmxRange": [103, 103],
          "type": "ColorPreset",
          "comment": "Straw"
        },
        {
          "dmxRange": [104, 104],
          "type": "ColorPreset",
          "comment": "Deep Amber"
        },
        {
          "dmxRange": [105, 105],
          "type": "ColorPreset",
          "comment": "Orange"
        },
        {
          "dmxRange": [106, 106],
          "type": "ColorPreset",
          "comment": "Primary Red"
        },
        {
          "dmxRange": [107, 107],
          "type": "ColorPreset",
          "comment": "Light Rose"
        },
        {
          "dmxRange": [108, 108],
          "type": "ColorPreset",
          "comment": "English Rose"
        },
        {
          "dmxRange": [109, 109],
          "type": "ColorPreset",
          "comment": "Light Salmon"
        },
        {
          "dmxRange": [110, 110],
          "type": "ColorPreset",
          "comment": "Middle Rose"
        },
        {
          "dmxRange": [111, 112],
          "type": "ColorPreset",
          "comment": "Dark Pink"
        },
        {
          "dmxRange": [113, 114],
          "type": "ColorPreset",
          "comment": "Magenta"
        },
        {
          "dmxRange": [115, 115],
          "type": "ColorPreset",
          "comment": "Peacock Blue"
        },
        {
          "dmxRange": [116, 116],
          "type": "ColorPreset",
          "comment": "Medium Blue-Green"
        },
        {
          "dmxRange": [117, 117],
          "type": "ColorPreset",
          "comment": "Steel Blue"
        },
        {
          "dmxRange": [118, 118],
          "type": "ColorPreset",
          "comment": "Light Blue"
        },
        {
          "dmxRange": [119, 119],
          "type": "ColorPreset",
          "comment": "Dark Blue"
        },
        {
          "dmxRange": [120, 120],
          "type": "ColorPreset",
          "comment": "Deep Blue"
        },
        {
          "dmxRange": [121, 121],
          "type": "ColorPreset",
          "comment": "LEE Green"
        },
        {
          "dmxRange": [122, 123],
          "type": "ColorPreset",
          "comment": "Fern Green"
        },
        {
          "dmxRange": [124, 125],
          "type": "ColorPreset",
          "comment": "Dark Green"
        },
        {
          "dmxRange": [126, 126],
          "type": "ColorPreset",
          "comment": "Mauve"
        },
        {
          "dmxRange": [127, 127],
          "type": "ColorPreset",
          "comment": "Smokey Pink"
        },
        {
          "dmxRange": [128, 128],
          "type": "ColorPreset",
          "comment": "Bright Pink"
        },
        {
          "dmxRange": [129, 129],
          "type": "ColorPreset",
          "comment": "Heavy Frost"
        },
        {
          "dmxRange": [130, 130],
          "type": "ColorPreset",
          "comment": "Clear"
        },
        {
          "dmxRange": [131, 131],
          "type": "ColorPreset",
          "comment": "Marine Blue"
        },
        {
          "dmxRange": [132, 133],
          "type": "ColorPreset",
          "comment": "Medium Blue"
        },
        {
          "dmxRange": [134, 134],
          "type": "ColorPreset",
          "comment": "Golden Amber"
        },
        {
          "dmxRange": [135, 135],
          "type": "ColorPreset",
          "comment": "Deep Golden Amber"
        },
        {
          "dmxRange": [136, 136],
          "type": "ColorPreset",
          "comment": "Pale Lavender"
        },
        {
          "dmxRange": [137, 137],
          "type": "ColorPreset",
          "comment": "Special Lavender"
        },
        {
          "dmxRange": [138, 138],
          "type": "ColorPreset",
          "comment": "Pale Green"
        },
        {
          "dmxRange": [139, 139],
          "type": "ColorPreset",
          "comment": "Primary Green"
        },
        {
          "dmxRange": [140, 140],
          "type": "ColorPreset",
          "comment": "Summer Blue"
        },
        {
          "dmxRange": [141, 141],
          "type": "ColorPreset",
          "comment": "Bright Blue"
        },
        {
          "dmxRange": [142, 142],
          "type": "ColorPreset",
          "comment": "Pale Violet"
        },
        {
          "dmxRange": [143, 143],
          "type": "ColorPreset",
          "comment": "Pale Navy Blue"
        },
        {
          "dmxRange": [144, 146],
          "type": "ColorPreset",
          "comment": "No Colour Blue"
        },
        {
          "dmxRange": [147, 147],
          "type": "ColorPreset",
          "comment": "Apricot"
        },
        {
          "dmxRange": [148, 150],
          "type": "ColorPreset",
          "comment": "Bright Rose"
        },
        {
          "dmxRange": [151, 151],
          "type": "ColorPreset",
          "comment": "Gold Tint"
        },
        {
          "dmxRange": [152, 152],
          "type": "ColorPreset",
          "comment": "Pale Gold"
        },
        {
          "dmxRange": [153, 153],
          "type": "ColorPreset",
          "comment": "Pale Salmon"
        },
        {
          "dmxRange": [154, 155],
          "type": "ColorPreset",
          "comment": "Pale Rose"
        },
        {
          "dmxRange": [156, 156],
          "type": "ColorPreset",
          "comment": "Chocolate"
        },
        {
          "dmxRange": [157, 157],
          "type": "ColorPreset",
          "comment": "Pink"
        },
        {
          "dmxRange": [158, 158],
          "type": "ColorPreset",
          "comment": "Deep Orange"
        },
        {
          "dmxRange": [159, 160],
          "type": "ColorPreset",
          "comment": "No Colour Straw"
        },
        {
          "dmxRange": [161, 161],
          "type": "ColorPreset",
          "comment": "Slate Blue"
        },
        {
          "dmxRange": [162, 163],
          "type": "ColorPreset",
          "comment": "Bastard Amber"
        },
        {
          "dmxRange": [164, 164],
          "type": "ColorPreset",
          "comment": "Flame Red"
        },
        {
          "dmxRange": [165, 168],
          "type": "ColorPreset",
          "comment": "Daylight Blue"
        },
        {
          "dmxRange": [169, 169],
          "type": "ColorPreset",
          "comment": "Lilac Tint"
        },
        {
          "dmxRange": [170, 171],
          "type": "ColorPreset",
          "comment": "Deep Lavender"
        },
        {
          "dmxRange": [172, 173],
          "type": "ColorPreset",
          "comment": "Lagoon Blue"
        },
        {
          "dmxRange": [174, 175],
          "type": "ColorPreset",
          "comment": "Dark Steel Blue"
        },
        {
          "dmxRange": [176, 178],
          "type": "ColorPreset",
          "comment": "Loving Amber"
        },
        {
          "dmxRange": [179, 179],
          "type": "ColorPreset",
          "comment": "Chrome Orange"
        },
        {
          "dmxRange": [180, 180],
          "type": "ColorPreset",
          "comment": "Dark Lavender"
        },
        {
          "dmxRange": [181, 181],
          "type": "ColorPreset",
          "comment": "Congo Blue"
        },
        {
          "dmxRange": [182, 182],
          "type": "ColorPreset",
          "comment": "Light Red"
        },
        {
          "dmxRange": [183, 183],
          "type": "ColorPreset",
          "comment": "Moonlight Blue"
        },
        {
          "dmxRange": [184, 185],
          "type": "ColorPreset",
          "comment": "Cosmetic Peach"
        },
        {
          "dmxRange": [186, 186],
          "type": "ColorPreset",
          "comment": "Cosmetic Silver Rose"
        },
        {
          "dmxRange": [187, 187],
          "type": "ColorPreset",
          "comment": "Cosmetic Rouge"
        },
        {
          "dmxRange": [188, 188],
          "type": "ColorPreset",
          "comment": "Cosmetic Highlight"
        },
        {
          "dmxRange": [189, 190],
          "type": "ColorPreset",
          "comment": "Cosmetic Silver Moss"
        },
        {
          "dmxRange": [191, 191],
          "type": "ColorPreset",
          "comment": "Cosmetic Aqua Blue"
        },
        {
          "dmxRange": [192, 193],
          "type": "ColorPreset",
          "comment": "Flesh Pink"
        },
        {
          "dmxRange": [194, 194],
          "type": "ColorPreset",
          "comment": "Surprise Pink"
        },
        {
          "dmxRange": [195, 195],
          "type": "ColorPreset",
          "comment": "Zenith Blue"
        },
        {
          "dmxRange": [196, 196],
          "type": "ColorPreset",
          "comment": "True Blue"
        },
        {
          "dmxRange": [197, 197],
          "type": "ColorPreset",
          "comment": "Alice Blue"
        },
        {
          "dmxRange": [198, 198],
          "type": "ColorPreset",
          "comment": "Palace Blue"
        },
        {
          "dmxRange": [199, 199],
          "type": "ColorPreset",
          "comment": "Regal Blue"
        },
        {
          "dmxRange": [200, 200],
          "type": "ColorPreset",
          "comment": "Double CT Blue"
        },
        {
          "dmxRange": [201, 201],
          "type": "ColorPreset",
          "comment": "Full CT Blue"
        },
        {
          "dmxRange": [202, 202],
          "type": "ColorPreset",
          "comment": "1/2 CT Blue"
        },
        {
          "dmxRange": [203, 203],
          "type": "ColorPreset",
          "comment": "1/4 CT Blue"
        },
        {
          "dmxRange": [204, 204],
          "type": "ColorPreset",
          "comment": "Full CT Orange"
        },
        {
          "dmxRange": [205, 205],
          "type": "ColorPreset",
          "comment": "1/2 CT Orange"
        },
        {
          "dmxRange": [206, 206],
          "type": "ColorPreset",
          "comment": "1/4 CT Orange"
        },
        {
          "dmxRange": [207, 207],
          "type": "ColorPreset",
          "comment": "Full CT Orange +"
        },
        {
          "dmxRange": [208, 208],
          "type": "ColorPreset",
          "comment": "Full CT Orange +"
        },
        {
          "dmxRange": [209, 209],
          "type": "ColorPreset",
          "comment": "0.3 Neutral Density"
        },
        {
          "dmxRange": [210, 210],
          "type": "ColorPreset",
          "comment": "0.6 Neutral Density"
        },
        {
          "dmxRange": [211, 211],
          "type": "ColorPreset",
          "comment": "0.9 Neutral Density"
        },
        {
          "dmxRange": [212, 212],
          "type": "ColorPreset",
          "comment": "LCT Yellow"
        },
        {
          "dmxRange": [213, 215],
          "type": "ColorPreset",
          "comment": "White Flame Green"
        },
        {
          "dmxRange": [216, 216],
          "type": "ColorPreset",
          "comment": "White Diffusion"
        },
        {
          "dmxRange": [217, 217],
          "type": "ColorPreset",
          "comment": "Blue Diffusion"
        },
        {
          "dmxRange": [218, 218],
          "type": "ColorPreset",
          "comment": "1/8 CT Blue"
        },
        {
          "dmxRange": [219, 219],
          "type": "ColorPreset",
          "comment": "LEE Fluorescent Green"
        },
        {
          "dmxRange": [220, 220],
          "type": "ColorPreset",
          "comment": "White Frost"
        },
        {
          "dmxRange": [221, 222],
          "type": "ColorPreset",
          "comment": "Blue Frost"
        },
        {
          "dmxRange": [223, 223],
          "type": "ColorPreset",
          "comment": "1/8 CT Orange"
        },
        {
          "dmxRange": [224, 224],
          "type": "ColorPreset",
          "comment": "Daylight Blue Frost"
        },
        {
          "dmxRange": [225, 225],
          "type": "ColorPreset",
          "comment": "LEE N.D. Frost"
        },
        {
          "dmxRange": [226, 227],
          "type": "ColorPreset",
          "comment": "LEE U.V."
        },
        {
          "dmxRange": [228, 228],
          "type": "ColorPreset",
          "comment": "Brushed Silk"
        },
        {
          "dmxRange": [229, 229],
          "type": "ColorPreset",
          "comment": "1/4 Tough Spun"
        },
        {
          "dmxRange": [230, 231],
          "type": "ColorPreset",
          "comment": "Super Correction"
        },
        {
          "dmxRange": [232, 235],
          "type": "ColorPreset",
          "comment": "Super White Flame Green"
        },
        {
          "dmxRange": [236, 236],
          "type": "ColorPreset",
          "comment": "H.M.I (To Tungsten)"
        },
        {
          "dmxRange": [237, 237],
          "type": "ColorPreset",
          "comment": "C.I.D. (To Tungsten)"
        },
        {
          "dmxRange": [238, 238],
          "type": "ColorPreset",
          "comment": "C.S.I. (To Tungsten)"
        },
        {
          "dmxRange": [239, 240],
          "type": "ColorPreset",
          "comment": "Polariser"
        },
        {
          "dmxRange": [241, 241],
          "type": "ColorPreset",
          "comment": "LEE Fluorescent 5700 K"
        },
        {
          "dmxRange": [242, 242],
          "type": "ColorPreset",
          "comment": "LEE Fluorescent 4300 K"
        },
        {
          "dmxRange": [243, 243],
          "type": "ColorPreset",
          "comment": "LEE Fluorescent 3600 K"
        },
        {
          "dmxRange": [244, 244],
          "type": "ColorPreset",
          "comment": "LEE Plus Green"
        },
        {
          "dmxRange": [245, 245],
          "type": "ColorPreset",
          "comment": "1/2 Plus Green"
        },
        {
          "dmxRange": [246, 246],
          "type": "ColorPreset",
          "comment": "1/4 Plus Green"
        },
        {
          "dmxRange": [247, 247],
          "type": "ColorPreset",
          "comment": "LEE Minus Green"
        },
        {
          "dmxRange": [248, 248],
          "type": "ColorPreset",
          "comment": "1/2 Minus Green"
        },
        {
          "dmxRange": [249, 249],
          "type": "ColorPreset",
          "comment": "1/4 Minus Green"
        },
        {
          "dmxRange": [250, 250],
          "type": "ColorPreset",
          "comment": "1/2 White Diffusion"
        },
        {
          "dmxRange": [251, 251],
          "type": "ColorPreset",
          "comment": "1/4 White Diffusion"
        },
        {
          "dmxRange": [252, 252],
          "type": "ColorPreset",
          "comment": "1/8 White Diffusion"
        },
        {
          "dmxRange": [253, 253],
          "type": "ColorPreset",
          "comment": "Hampshire Frost"
        },
        {
          "dmxRange": [254, 254],
          "type": "ColorPreset",
          "comment": "New Hampshire Frost"
        },
        {
          "dmxRange": [255, 255],
          "type": "ColorPreset",
          "comment": "Hollywood Frost"
        }
      ]
    },
    "LEE Color Gel 3": {
      "defaultValue": 0,
      "capabilities": [
        {
          "dmxRange": [0, 1],
          "type": "ColorPreset",
          "comment": "No effect"
        },
        {
          "dmxRange": [2, 2],
          "type": "ColorPreset",
          "comment": "Rose Pink"
        },
        {
          "dmxRange": [3, 3],
          "type": "ColorPreset",
          "comment": "Lavender Tint"
        },
        {
          "dmxRange": [4, 6],
          "type": "ColorPreset",
          "comment": "Medium Bastard Amber"
        },
        {
          "dmxRange": [7, 7],
          "type": "ColorPreset",
          "comment": "Pale Yellow"
        },
        {
          "dmxRange": [8, 8],
          "type": "ColorPreset",
          "comment": "Dark Salmon"
        },
        {
          "dmxRange": [9, 9],
          "type": "ColorPreset",
          "comment": "Pale Amber Gold"
        },
        {
          "dmxRange": [10, 12],
          "type": "ColorPreset",
          "comment": "Medium Yellow"
        },
        {
          "dmxRange": [13, 14],
          "type": "ColorPreset",
          "comment": "Straw Tint"
        },
        {
          "dmxRange": [15, 16],
          "type": "ColorPreset",
          "comment": "Deep Straw"
        },
        {
          "dmxRange": [17, 18],
          "type": "ColorPreset",
          "comment": "Surprise Peach"
        },
        {
          "dmxRange": [19, 19],
          "type": "ColorPreset",
          "comment": "Fire"
        },
        {
          "dmxRange": [20, 20],
          "type": "ColorPreset",
          "comment": "Medium Amber"
        },
        {
          "dmxRange": [21, 21],
          "type": "ColorPreset",
          "comment": "Gold Amber"
        },
        {
          "dmxRange": [22, 23],
          "type": "ColorPreset",
          "comment": "Dark Amber"
        },
        {
          "dmxRange": [24, 24],
          "type": "ColorPreset",
          "comment": "Scarlet"
        },
        {
          "dmxRange": [25, 25],
          "type": "ColorPreset",
          "comment": "Sunset Red"
        },
        {
          "dmxRange": [26, 26],
          "type": "ColorPreset",
          "comment": "Bright Red"
        },
        {
          "dmxRange": [27, 28],
          "type": "ColorPreset",
          "comment": "Medium Red"
        },
        {
          "dmxRange": [29, 34],
          "type": "ColorPreset",
          "comment": "Plasa Red"
        },
        {
          "dmxRange": [35, 35],
          "type": "ColorPreset",
          "comment": "Light Pink"
        },
        {
          "dmxRange": [36, 45],
          "type": "ColorPreset",
          "comment": "Medium Pink"
        },
        {
          "dmxRange": [46, 47],
          "type": "ColorPreset",
          "comment": "Dark Magenta"
        },
        {
          "dmxRange": [48, 48],
          "type": "ColorPreset",
          "comment": "Rose Purple"
        },
        {
          "dmxRange": [49, 51],
          "type": "ColorPreset",
          "comment": "Medium Purple"
        },
        {
          "dmxRange": [52, 52],
          "type": "ColorPreset",
          "comment": "Light Lavender"
        },
        {
          "dmxRange": [53, 57],
          "type": "ColorPreset",
          "comment": "Paler Lavender"
        },
        {
          "dmxRange": [58, 60],
          "type": "ColorPreset",
          "comment": "Lavender"
        },
        {
          "dmxRange": [61, 62],
          "type": "ColorPreset",
          "comment": "Mist Blue"
        },
        {
          "dmxRange": [63, 67],
          "type": "ColorPreset",
          "comment": "Pale Blue"
        },
        {
          "dmxRange": [68, 70],
          "type": "ColorPreset",
          "comment": "Sky Blue"
        },
        {
          "dmxRange": [71, 74],
          "type": "ColorPreset",
          "comment": "Tokyo Blue"
        },
        {
          "dmxRange": [75, 78],
          "type": "ColorPreset",
          "comment": "Evening Blue"
        },
        {
          "dmxRange": [79, 84],
          "type": "ColorPreset",
          "comment": "Just Blue"
        },
        {
          "dmxRange": [85, 87],
          "type": "ColorPreset",
          "comment": "Deeper Blue"
        },
        {
          "dmxRange": [88, 88],
          "type": "ColorPreset",
          "comment": "Lime Green"
        },
        {
          "dmxRange": [89, 89],
          "type": "ColorPreset",
          "comment": "Moss Green"
        },
        {
          "dmxRange": [90, 99],
          "type": "ColorPreset",
          "comment": "Dark Yellow Green"
        },
        {
          "dmxRange": [100, 100],
          "type": "ColorPreset",
          "comment": "Spring Yellow"
        },
        {
          "dmxRange": [101, 101],
          "type": "ColorPreset",
          "comment": "Yellow"
        },
        {
          "dmxRange": [102, 102],
          "type": "ColorPreset",
          "comment": "Light Amber"
        },
        {
          "dmxRange": [103, 103],
          "type": "ColorPreset",
          "comment": "Straw"
        },
        {
          "dmxRange": [104, 104],
          "type": "ColorPreset",
          "comment": "Deep Amber"
        },
        {
          "dmxRange": [105, 105],
          "type": "ColorPreset",
          "comment": "Orange"
        },
        {
          "dmxRange": [106, 106],
          "type": "ColorPreset",
          "comment": "Primary Red"
        },
        {
          "dmxRange": [107, 107],
          "type": "ColorPreset",
          "comment": "Light Rose"
        },
        {
          "dmxRange": [108, 108],
          "type": "ColorPreset",
          "comment": "English Rose"
        },
        {
          "dmxRange": [109, 109],
          "type": "ColorPreset",
          "comment": "Light Salmon"
        },
        {
          "dmxRange": [110, 110],
          "type": "ColorPreset",
          "comment": "Middle Rose"
        },
        {
          "dmxRange": [111, 112],
          "type": "ColorPreset",
          "comment": "Dark Pink"
        },
        {
          "dmxRange": [113, 114],
          "type": "ColorPreset",
          "comment": "Magenta"
        },
        {
          "dmxRange": [115, 115],
          "type": "ColorPreset",
          "comment": "Peacock Blue"
        },
        {
          "dmxRange": [116, 116],
          "type": "ColorPreset",
          "comment": "Medium Blue-Green"
        },
        {
          "dmxRange": [117, 117],
          "type": "ColorPreset",
          "comment": "Steel Blue"
        },
        {
          "dmxRange": [118, 118],
          "type": "ColorPreset",
          "comment": "Light Blue"
        },
        {
          "dmxRange": [119, 119],
          "type": "ColorPreset",
          "comment": "Dark Blue"
        },
        {
          "dmxRange": [120, 120],
          "type": "ColorPreset",
          "comment": "Deep Blue"
        },
        {
          "dmxRange": [121, 121],
          "type": "ColorPreset",
          "comment": "LEE Green"
        },
        {
          "dmxRange": [122, 123],
          "type": "ColorPreset",
          "comment": "Fern Green"
        },
        {
          "dmxRange": [124, 125],
          "type": "ColorPreset",
          "comment": "Dark Green"
        },
        {
          "dmxRange": [126, 126],
          "type": "ColorPreset",
          "comment": "Mauve"
        },
        {
          "dmxRange": [127, 127],
          "type": "ColorPreset",
          "comment": "Smokey Pink"
        },
        {
          "dmxRange": [128, 128],
          "type": "ColorPreset",
          "comment": "Bright Pink"
        },
        {
          "dmxRange": [129, 129],
          "type": "ColorPreset",
          "comment": "Heavy Frost"
        },
        {
          "dmxRange": [130, 130],
          "type": "ColorPreset",
          "comment": "Clear"
        },
        {
          "dmxRange": [131, 131],
          "type": "ColorPreset",
          "comment": "Marine Blue"
        },
        {
          "dmxRange": [132, 133],
          "type": "ColorPreset",
          "comment": "Medium Blue"
        },
        {
          "dmxRange": [134, 134],
          "type": "ColorPreset",
          "comment": "Golden Amber"
        },
        {
          "dmxRange": [135, 135],
          "type": "ColorPreset",
          "comment": "Deep Golden Amber"
        },
        {
          "dmxRange": [136, 136],
          "type": "ColorPreset",
          "comment": "Pale Lavender"
        },
        {
          "dmxRange": [137, 137],
          "type": "ColorPreset",
          "comment": "Special Lavender"
        },
        {
          "dmxRange": [138, 138],
          "type": "ColorPreset",
          "comment": "Pale Green"
        },
        {
          "dmxRange": [139, 139],
          "type": "ColorPreset",
          "comment": "Primary Green"
        },
        {
          "dmxRange": [140, 140],
          "type": "ColorPreset",
          "comment": "Summer Blue"
        },
        {
          "dmxRange": [141, 141],
          "type": "ColorPreset",
          "comment": "Bright Blue"
        },
        {
          "dmxRange": [142, 142],
          "type": "ColorPreset",
          "comment": "Pale Violet"
        },
        {
          "dmxRange": [143, 143],
          "type": "ColorPreset",
          "comment": "Pale Navy Blue"
        },
        {
          "dmxRange": [144, 146],
          "type": "ColorPreset",
          "comment": "No Colour Blue"
        },
        {
          "dmxRange": [147, 147],
          "type": "ColorPreset",
          "comment": "Apricot"
        },
        {
          "dmxRange": [148, 150],
          "type": "ColorPreset",
          "comment": "Bright Rose"
        },
        {
          "dmxRange": [151, 151],
          "type": "ColorPreset",
          "comment": "Gold Tint"
        },
        {
          "dmxRange": [152, 152],
          "type": "ColorPreset",
          "comment": "Pale Gold"
        },
        {
          "dmxRange": [153, 153],
          "type": "ColorPreset",
          "comment": "Pale Salmon"
        },
        {
          "dmxRange": [154, 155],
          "type": "ColorPreset",
          "comment": "Pale Rose"
        },
        {
          "dmxRange": [156, 156],
          "type": "ColorPreset",
          "comment": "Chocolate"
        },
        {
          "dmxRange": [157, 157],
          "type": "ColorPreset",
          "comment": "Pink"
        },
        {
          "dmxRange": [158, 158],
          "type": "ColorPreset",
          "comment": "Deep Orange"
        },
        {
          "dmxRange": [159, 160],
          "type": "ColorPreset",
          "comment": "No Colour Straw"
        },
        {
          "dmxRange": [161, 161],
          "type": "ColorPreset",
          "comment": "Slate Blue"
        },
        {
          "dmxRange": [162, 163],
          "type": "ColorPreset",
          "comment": "Bastard Amber"
        },
        {
          "dmxRange": [164, 164],
          "type": "ColorPreset",
          "comment": "Flame Red"
        },
        {
          "dmxRange": [165, 168],
          "type": "ColorPreset",
          "comment": "Daylight Blue"
        },
        {
          "dmxRange": [169, 169],
          "type": "ColorPreset",
          "comment": "Lilac Tint"
        },
        {
          "dmxRange": [170, 171],
          "type": "ColorPreset",
          "comment": "Deep Lavender"
        },
        {
          "dmxRange": [172, 173],
          "type": "ColorPreset",
          "comment": "Lagoon Blue"
        },
        {
          "dmxRange": [174, 175],
          "type": "ColorPreset",
          "comment": "Dark Steel Blue"
        },
        {
          "dmxRange": [176, 178],
          "type": "ColorPreset",
          "comment": "Loving Amber"
        },
        {
          "dmxRange": [179, 179],
          "type": "ColorPreset",
          "comment": "Chrome Orange"
        },
        {
          "dmxRange": [180, 180],
          "type": "ColorPreset",
          "comment": "Dark Lavender"
        },
        {
          "dmxRange": [181, 181],
          "type": "ColorPreset",
          "comment": "Congo Blue"
        },
        {
          "dmxRange": [182, 182],
          "type": "ColorPreset",
          "comment": "Light Red"
        },
        {
          "dmxRange": [183, 183],
          "type": "ColorPreset",
          "comment": "Moonlight Blue"
        },
        {
          "dmxRange": [184, 185],
          "type": "ColorPreset",
          "comment": "Cosmetic Peach"
        },
        {
          "dmxRange": [186, 186],
          "type": "ColorPreset",
          "comment": "Cosmetic Silver Rose"
        },
        {
          "dmxRange": [187, 187],
          "type": "ColorPreset",
          "comment": "Cosmetic Rouge"
        },
        {
          "dmxRange": [188, 188],
          "type": "ColorPreset",
          "comment": "Cosmetic Highlight"
        },
        {
          "dmxRange": [189, 190],
          "type": "ColorPreset",
          "comment": "Cosmetic Silver Moss"
        },
        {
          "dmxRange": [191, 191],
          "type": "ColorPreset",
          "comment": "Cosmetic Aqua Blue"
        },
        {
          "dmxRange": [192, 193],
          "type": "ColorPreset",
          "comment": "Flesh Pink"
        },
        {
          "dmxRange": [194, 194],
          "type": "ColorPreset",
          "comment": "Surprise Pink"
        },
        {
          "dmxRange": [195, 195],
          "type": "ColorPreset",
          "comment": "Zenith Blue"
        },
        {
          "dmxRange": [196, 196],
          "type": "ColorPreset",
          "comment": "True Blue"
        },
        {
          "dmxRange": [197, 197],
          "type": "ColorPreset",
          "comment": "Alice Blue"
        },
        {
          "dmxRange": [198, 198],
          "type": "ColorPreset",
          "comment": "Palace Blue"
        },
        {
          "dmxRange": [199, 199],
          "type": "ColorPreset",
          "comment": "Regal Blue"
        },
        {
          "dmxRange": [200, 200],
          "type": "ColorPreset",
          "comment": "Double CT Blue"
        },
        {
          "dmxRange": [201, 201],
          "type": "ColorPreset",
          "comment": "Full CT Blue"
        },
        {
          "dmxRange": [202, 202],
          "type": "ColorPreset",
          "comment": "1/2 CT Blue"
        },
        {
          "dmxRange": [203, 203],
          "type": "ColorPreset",
          "comment": "1/4 CT Blue"
        },
        {
          "dmxRange": [204, 204],
          "type": "ColorPreset",
          "comment": "Full CT Orange"
        },
        {
          "dmxRange": [205, 205],
          "type": "ColorPreset",
          "comment": "1/2 CT Orange"
        },
        {
          "dmxRange": [206, 206],
          "type": "ColorPreset",
          "comment": "1/4 CT Orange"
        },
        {
          "dmxRange": [207, 207],
          "type": "ColorPreset",
          "comment": "Full CT Orange +"
        },
        {
          "dmxRange": [208, 208],
          "type": "ColorPreset",
          "comment": "Full CT Orange +"
        },
        {
          "dmxRange": [209, 209],
          "type": "ColorPreset",
          "comment": "0.3 Neutral Density"
        },
        {
          "dmxRange": [210, 210],
          "type": "ColorPreset",
          "comment": "0.6 Neutral Density"
        },
        {
          "dmxRange": [211, 211],
          "type": "ColorPreset",
          "comment": "0.9 Neutral Density"
        },
        {
          "dmxRange": [212, 212],
          "type": "ColorPreset",
          "comment": "LCT Yellow"
        },
        {
          "dmxRange": [213, 215],
          "type": "ColorPreset",
          "comment": "White Flame Green"
        },
        {
          "dmxRange": [216, 216],
          "type": "ColorPreset",
          "comment": "White Diffusion"
        },
        {
          "dmxRange": [217, 217],
          "type": "ColorPreset",
          "comment": "Blue Diffusion"
        },
        {
          "dmxRange": [218, 218],
          "type": "ColorPreset",
          "comment": "1/8 CT Blue"
        },
        {
          "dmxRange": [219, 219],
          "type": "ColorPreset",
          "comment": "LEE Fluorescent Green"
        },
        {
          "dmxRange": [220, 220],
          "type": "ColorPreset",
          "comment": "White Frost"
        },
        {
          "dmxRange": [221, 222],
          "type": "ColorPreset",
          "comment": "Blue Frost"
        },
        {
          "dmxRange": [223, 223],
          "type": "ColorPreset",
          "comment": "1/8 CT Orange"
        },
        {
          "dmxRange": [224, 224],
          "type": "ColorPreset",
          "comment": "Daylight Blue Frost"
        },
        {
          "dmxRange": [225, 225],
          "type": "ColorPreset",
          "comment": "LEE N.D. Frost"
        },
        {
          "dmxRange": [226, 227],
          "type": "ColorPreset",
          "comment": "LEE U.V."
        },
        {
          "dmxRange": [228, 228],
          "type": "ColorPreset",
          "comment": "Brushed Silk"
        },
        {
          "dmxRange": [229, 229],
          "type": "ColorPreset",
          "comment": "1/4 Tough Spun"
        },
        {
          "dmxRange": [230, 231],
          "type": "ColorPreset",
          "comment": "Super Correction"
        },
        {
          "dmxRange": [232, 235],
          "type": "ColorPreset",
          "comment": "Super White Flame Green"
        },
        {
          "dmxRange": [236, 236],
          "type": "ColorPreset",
          "comment": "H.M.I (To Tungsten)"
        },
        {
          "dmxRange": [237, 237],
          "type": "ColorPreset",
          "comment": "C.I.D. (To Tungsten)"
        },
        {
          "dmxRange": [238, 238],
          "type": "ColorPreset",
          "comment": "C.S.I. (To Tungsten)"
        },
        {
          "dmxRange": [239, 240],
          "type": "ColorPreset",
          "comment": "Polariser"
        },
        {
          "dmxRange": [241, 241],
          "type": "ColorPreset",
          "comment": "LEE Fluorescent 5700 K"
        },
        {
          "dmxRange": [242, 242],
          "type": "ColorPreset",
          "comment": "LEE Fluorescent 4300 K"
        },
        {
          "dmxRange": [243, 243],
          "type": "ColorPreset",
          "comment": "LEE Fluorescent 3600 K"
        },
        {
          "dmxRange": [244, 244],
          "type": "ColorPreset",
          "comment": "LEE Plus Green"
        },
        {
          "dmxRange": [245, 245],
          "type": "ColorPreset",
          "comment": "1/2 Plus Green"
        },
        {
          "dmxRange": [246, 246],
          "type": "ColorPreset",
          "comment": "1/4 Plus Green"
        },
        {
          "dmxRange": [247, 247],
          "type": "ColorPreset",
          "comment": "LEE Minus Green"
        },
        {
          "dmxRange": [248, 248],
          "type": "ColorPreset",
          "comment": "1/2 Minus Green"
        },
        {
          "dmxRange": [249, 249],
          "type": "ColorPreset",
          "comment": "1/4 Minus Green"
        },
        {
          "dmxRange": [250, 250],
          "type": "ColorPreset",
          "comment": "1/2 White Diffusion"
        },
        {
          "dmxRange": [251, 251],
          "type": "ColorPreset",
          "comment": "1/4 White Diffusion"
        },
        {
          "dmxRange": [252, 252],
          "type": "ColorPreset",
          "comment": "1/8 White Diffusion"
        },
        {
          "dmxRange": [253, 253],
          "type": "ColorPreset",
          "comment": "Hampshire Frost"
        },
        {
          "dmxRange": [254, 254],
          "type": "ColorPreset",
          "comment": "New Hampshire Frost"
        },
        {
          "dmxRange": [255, 255],
          "type": "ColorPreset",
          "comment": "Hollywood Frost"
        }
      ]
    },
    "LEE Color Gel 4": {
      "defaultValue": 0,
      "capabilities": [
        {
          "dmxRange": [0, 1],
          "type": "ColorPreset",
          "comment": "No effect"
        },
        {
          "dmxRange": [2, 2],
          "type": "ColorPreset",
          "comment": "Rose Pink"
        },
        {
          "dmxRange": [3, 3],
          "type": "ColorPreset",
          "comment": "Lavender Tint"
        },
        {
          "dmxRange": [4, 6],
          "type": "ColorPreset",
          "comment": "Medium Bastard Amber"
        },
        {
          "dmxRange": [7, 7],
          "type": "ColorPreset",
          "comment": "Pale Yellow"
        },
        {
          "dmxRange": [8, 8],
          "type": "ColorPreset",
          "comment": "Dark Salmon"
        },
        {
          "dmxRange": [9, 9],
          "type": "ColorPreset",
          "comment": "Pale Amber Gold"
        },
        {
          "dmxRange": [10, 12],
          "type": "ColorPreset",
          "comment": "Medium Yellow"
        },
        {
          "dmxRange": [13, 14],
          "type": "ColorPreset",
          "comment": "Straw Tint"
        },
        {
          "dmxRange": [15, 16],
          "type": "ColorPreset",
          "comment": "Deep Straw"
        },
        {
          "dmxRange": [17, 18],
          "type": "ColorPreset",
          "comment": "Surprise Peach"
        },
        {
          "dmxRange": [19, 19],
          "type": "ColorPreset",
          "comment": "Fire"
        },
        {
          "dmxRange": [20, 20],
          "type": "ColorPreset",
          "comment": "Medium Amber"
        },
        {
          "dmxRange": [21, 21],
          "type": "ColorPreset",
          "comment": "Gold Amber"
        },
        {
          "dmxRange": [22, 23],
          "type": "ColorPreset",
          "comment": "Dark Amber"
        },
        {
          "dmxRange": [24, 24],
          "type": "ColorPreset",
          "comment": "Scarlet"
        },
        {
          "dmxRange": [25, 25],
          "type": "ColorPreset",
          "comment": "Sunset Red"
        },
        {
          "dmxRange": [26, 26],
          "type": "ColorPreset",
          "comment": "Bright Red"
        },
        {
          "dmxRange": [27, 28],
          "type": "ColorPreset",
          "comment": "Medium Red"
        },
        {
          "dmxRange": [29, 34],
          "type": "ColorPreset",
          "comment": "Plasa Red"
        },
        {
          "dmxRange": [35, 35],
          "type": "ColorPreset",
          "comment": "Light Pink"
        },
        {
          "dmxRange": [36, 45],
          "type": "ColorPreset",
          "comment": "Medium Pink"
        },
        {
          "dmxRange": [46, 47],
          "type": "ColorPreset",
          "comment": "Dark Magenta"
        },
        {
          "dmxRange": [48, 48],
          "type": "ColorPreset",
          "comment": "Rose Purple"
        },
        {
          "dmxRange": [49, 51],
          "type": "ColorPreset",
          "comment": "Medium Purple"
        },
        {
          "dmxRange": [52, 52],
          "type": "ColorPreset",
          "comment": "Light Lavender"
        },
        {
          "dmxRange": [53, 57],
          "type": "ColorPreset",
          "comment": "Paler Lavender"
        },
        {
          "dmxRange": [58, 60],
          "type": "ColorPreset",
          "comment": "Lavender"
        },
        {
          "dmxRange": [61, 62],
          "type": "ColorPreset",
          "comment": "Mist Blue"
        },
        {
          "dmxRange": [63, 67],
          "type": "ColorPreset",
          "comment": "Pale Blue"
        },
        {
          "dmxRange": [68, 70],
          "type": "ColorPreset",
          "comment": "Sky Blue"
        },
        {
          "dmxRange": [71, 74],
          "type": "ColorPreset",
          "comment": "Tokyo Blue"
        },
        {
          "dmxRange": [75, 78],
          "type": "ColorPreset",
          "comment": "Evening Blue"
        },
        {
          "dmxRange": [79, 84],
          "type": "ColorPreset",
          "comment": "Just Blue"
        },
        {
          "dmxRange": [85, 87],
          "type": "ColorPreset",
          "comment": "Deeper Blue"
        },
        {
          "dmxRange": [88, 88],
          "type": "ColorPreset",
          "comment": "Lime Green"
        },
        {
          "dmxRange": [89, 89],
          "type": "ColorPreset",
          "comment": "Moss Green"
        },
        {
          "dmxRange": [90, 99],
          "type": "ColorPreset",
          "comment": "Dark Yellow Green"
        },
        {
          "dmxRange": [100, 100],
          "type": "ColorPreset",
          "comment": "Spring Yellow"
        },
        {
          "dmxRange": [101, 101],
          "type": "ColorPreset",
          "comment": "Yellow"
        },
        {
          "dmxRange": [102, 102],
          "type": "ColorPreset",
          "comment": "Light Amber"
        },
        {
          "dmxRange": [103, 103],
          "type": "ColorPreset",
          "comment": "Straw"
        },
        {
          "dmxRange": [104, 104],
          "type": "ColorPreset",
          "comment": "Deep Amber"
        },
        {
          "dmxRange": [105, 105],
          "type": "ColorPreset",
          "comment": "Orange"
        },
        {
          "dmxRange": [106, 106],
          "type": "ColorPreset",
          "comment": "Primary Red"
        },
        {
          "dmxRange": [107, 107],
          "type": "ColorPreset",
          "comment": "Light Rose"
        },
        {
          "dmxRange": [108, 108],
          "type": "ColorPreset",
          "comment": "English Rose"
        },
        {
          "dmxRange": [109, 109],
          "type": "ColorPreset",
          "comment": "Light Salmon"
        },
        {
          "dmxRange": [110, 110],
          "type": "ColorPreset",
          "comment": "Middle Rose"
        },
        {
          "dmxRange": [111, 112],
          "type": "ColorPreset",
          "comment": "Dark Pink"
        },
        {
          "dmxRange": [113, 114],
          "type": "ColorPreset",
          "comment": "Magenta"
        },
        {
          "dmxRange": [115, 115],
          "type": "ColorPreset",
          "comment": "Peacock Blue"
        },
        {
          "dmxRange": [116, 116],
          "type": "ColorPreset",
          "comment": "Medium Blue-Green"
        },
        {
          "dmxRange": [117, 117],
          "type": "ColorPreset",
          "comment": "Steel Blue"
        },
        {
          "dmxRange": [118, 118],
          "type": "ColorPreset",
          "comment": "Light Blue"
        },
        {
          "dmxRange": [119, 119],
          "type": "ColorPreset",
          "comment": "Dark Blue"
        },
        {
          "dmxRange": [120, 120],
          "type": "ColorPreset",
          "comment": "Deep Blue"
        },
        {
          "dmxRange": [121, 121],
          "type": "ColorPreset",
          "comment": "LEE Green"
        },
        {
          "dmxRange": [122, 123],
          "type": "ColorPreset",
          "comment": "Fern Green"
        },
        {
          "dmxRange": [124, 125],
          "type": "ColorPreset",
          "comment": "Dark Green"
        },
        {
          "dmxRange": [126, 126],
          "type": "ColorPreset",
          "comment": "Mauve"
        },
        {
          "dmxRange": [127, 127],
          "type": "ColorPreset",
          "comment": "Smokey Pink"
        },
        {
          "dmxRange": [128, 128],
          "type": "ColorPreset",
          "comment": "Bright Pink"
        },
        {
          "dmxRange": [129, 129],
          "type": "ColorPreset",
          "comment": "Heavy Frost"
        },
        {
          "dmxRange": [130, 130],
          "type": "ColorPreset",
          "comment": "Clear"
        },
        {
          "dmxRange": [131, 131],
          "type": "ColorPreset",
          "comment": "Marine Blue"
        },
        {
          "dmxRange": [132, 133],
          "type": "ColorPreset",
          "comment": "Medium Blue"
        },
        {
          "dmxRange": [134, 134],
          "type": "ColorPreset",
          "comment": "Golden Amber"
        },
        {
          "dmxRange": [135, 135],
          "type": "ColorPreset",
          "comment": "Deep Golden Amber"
        },
        {
          "dmxRange": [136, 136],
          "type": "ColorPreset",
          "comment": "Pale Lavender"
        },
        {
          "dmxRange": [137, 137],
          "type": "ColorPreset",
          "comment": "Special Lavender"
        },
        {
          "dmxRange": [138, 138],
          "type": "ColorPreset",
          "comment": "Pale Green"
        },
        {
          "dmxRange": [139, 139],
          "type": "ColorPreset",
          "comment": "Primary Green"
        },
        {
          "dmxRange": [140, 140],
          "type": "ColorPreset",
          "comment": "Summer Blue"
        },
        {
          "dmxRange": [141, 141],
          "type": "ColorPreset",
          "comment": "Bright Blue"
        },
        {
          "dmxRange": [142, 142],
          "type": "ColorPreset",
          "comment": "Pale Violet"
        },
        {
          "dmxRange": [143, 143],
          "type": "ColorPreset",
          "comment": "Pale Navy Blue"
        },
        {
          "dmxRange": [144, 146],
          "type": "ColorPreset",
          "comment": "No Colour Blue"
        },
        {
          "dmxRange": [147, 147],
          "type": "ColorPreset",
          "comment": "Apricot"
        },
        {
          "dmxRange": [148, 150],
          "type": "ColorPreset",
          "comment": "Bright Rose"
        },
        {
          "dmxRange": [151, 151],
          "type": "ColorPreset",
          "comment": "Gold Tint"
        },
        {
          "dmxRange": [152, 152],
          "type": "ColorPreset",
          "comment": "Pale Gold"
        },
        {
          "dmxRange": [153, 153],
          "type": "ColorPreset",
          "comment": "Pale Salmon"
        },
        {
          "dmxRange": [154, 155],
          "type": "ColorPreset",
          "comment": "Pale Rose"
        },
        {
          "dmxRange": [156, 156],
          "type": "ColorPreset",
          "comment": "Chocolate"
        },
        {
          "dmxRange": [157, 157],
          "type": "ColorPreset",
          "comment": "Pink"
        },
        {
          "dmxRange": [158, 158],
          "type": "ColorPreset",
          "comment": "Deep Orange"
        },
        {
          "dmxRange": [159, 160],
          "type": "ColorPreset",
          "comment": "No Colour Straw"
        },
        {
          "dmxRange": [161, 161],
          "type": "ColorPreset",
          "comment": "Slate Blue"
        },
        {
          "dmxRange": [162, 163],
          "type": "ColorPreset",
          "comment": "Bastard Amber"
        },
        {
          "dmxRange": [164, 164],
          "type": "ColorPreset",
          "comment": "Flame Red"
        },
        {
          "dmxRange": [165, 168],
          "type": "ColorPreset",
          "comment": "Daylight Blue"
        },
        {
          "dmxRange": [169, 169],
          "type": "ColorPreset",
          "comment": "Lilac Tint"
        },
        {
          "dmxRange": [170, 171],
          "type": "ColorPreset",
          "comment": "Deep Lavender"
        },
        {
          "dmxRange": [172, 173],
          "type": "ColorPreset",
          "comment": "Lagoon Blue"
        },
        {
          "dmxRange": [174, 175],
          "type": "ColorPreset",
          "comment": "Dark Steel Blue"
        },
        {
          "dmxRange": [176, 178],
          "type": "ColorPreset",
          "comment": "Loving Amber"
        },
        {
          "dmxRange": [179, 179],
          "type": "ColorPreset",
          "comment": "Chrome Orange"
        },
        {
          "dmxRange": [180, 180],
          "type": "ColorPreset",
          "comment": "Dark Lavender"
        },
        {
          "dmxRange": [181, 181],
          "type": "ColorPreset",
          "comment": "Congo Blue"
        },
        {
          "dmxRange": [182, 182],
          "type": "ColorPreset",
          "comment": "Light Red"
        },
        {
          "dmxRange": [183, 183],
          "type": "ColorPreset",
          "comment": "Moonlight Blue"
        },
        {
          "dmxRange": [184, 185],
          "type": "ColorPreset",
          "comment": "Cosmetic Peach"
        },
        {
          "dmxRange": [186, 186],
          "type": "ColorPreset",
          "comment": "Cosmetic Silver Rose"
        },
        {
          "dmxRange": [187, 187],
          "type": "ColorPreset",
          "comment": "Cosmetic Rouge"
        },
        {
          "dmxRange": [188, 188],
          "type": "ColorPreset",
          "comment": "Cosmetic Highlight"
        },
        {
          "dmxRange": [189, 190],
          "type": "ColorPreset",
          "comment": "Cosmetic Silver Moss"
        },
        {
          "dmxRange": [191, 191],
          "type": "ColorPreset",
          "comment": "Cosmetic Aqua Blue"
        },
        {
          "dmxRange": [192, 193],
          "type": "ColorPreset",
          "comment": "Flesh Pink"
        },
        {
          "dmxRange": [194, 194],
          "type": "ColorPreset",
          "comment": "Surprise Pink"
        },
        {
          "dmxRange": [195, 195],
          "type": "ColorPreset",
          "comment": "Zenith Blue"
        },
        {
          "dmxRange": [196, 196],
          "type": "ColorPreset",
          "comment": "True Blue"
        },
        {
          "dmxRange": [197, 197],
          "type": "ColorPreset",
          "comment": "Alice Blue"
        },
        {
          "dmxRange": [198, 198],
          "type": "ColorPreset",
          "comment": "Palace Blue"
        },
        {
          "dmxRange": [199, 199],
          "type": "ColorPreset",
          "comment": "Regal Blue"
        },
        {
          "dmxRange": [200, 200],
          "type": "ColorPreset",
          "comment": "Double CT Blue"
        },
        {
          "dmxRange": [201, 201],
          "type": "ColorPreset",
          "comment": "Full CT Blue"
        },
        {
          "dmxRange": [202, 202],
          "type": "ColorPreset",
          "comment": "1/2 CT Blue"
        },
        {
          "dmxRange": [203, 203],
          "type": "ColorPreset",
          "comment": "1/4 CT Blue"
        },
        {
          "dmxRange": [204, 204],
          "type": "ColorPreset",
          "comment": "Full CT Orange"
        },
        {
          "dmxRange": [205, 205],
          "type": "ColorPreset",
          "comment": "1/2 CT Orange"
        },
        {
          "dmxRange": [206, 206],
          "type": "ColorPreset",
          "comment": "1/4 CT Orange"
        },
        {
          "dmxRange": [207, 207],
          "type": "ColorPreset",
          "comment": "Full CT Orange +"
        },
        {
          "dmxRange": [208, 208],
          "type": "ColorPreset",
          "comment": "Full CT Orange +"
        },
        {
          "dmxRange": [209, 209],
          "type": "ColorPreset",
          "comment": "0.3 Neutral Density"
        },
        {
          "dmxRange": [210, 210],
          "type": "ColorPreset",
          "comment": "0.6 Neutral Density"
        },
        {
          "dmxRange": [211, 211],
          "type": "ColorPreset",
          "comment": "0.9 Neutral Density"
        },
        {
          "dmxRange": [212, 212],
          "type": "ColorPreset",
          "comment": "LCT Yellow"
        },
        {
          "dmxRange": [213, 215],
          "type": "ColorPreset",
          "comment": "White Flame Green"
        },
        {
          "dmxRange": [216, 216],
          "type": "ColorPreset",
          "comment": "White Diffusion"
        },
        {
          "dmxRange": [217, 217],
          "type": "ColorPreset",
          "comment": "Blue Diffusion"
        },
        {
          "dmxRange": [218, 218],
          "type": "ColorPreset",
          "comment": "1/8 CT Blue"
        },
        {
          "dmxRange": [219, 219],
          "type": "ColorPreset",
          "comment": "LEE Fluorescent Green"
        },
        {
          "dmxRange": [220, 220],
          "type": "ColorPreset",
          "comment": "White Frost"
        },
        {
          "dmxRange": [221, 222],
          "type": "ColorPreset",
          "comment": "Blue Frost"
        },
        {
          "dmxRange": [223, 223],
          "type": "ColorPreset",
          "comment": "1/8 CT Orange"
        },
        {
          "dmxRange": [224, 224],
          "type": "ColorPreset",
          "comment": "Daylight Blue Frost"
        },
        {
          "dmxRange": [225, 225],
          "type": "ColorPreset",
          "comment": "LEE N.D. Frost"
        },
        {
          "dmxRange": [226, 227],
          "type": "ColorPreset",
          "comment": "LEE U.V."
        },
        {
          "dmxRange": [228, 228],
          "type": "ColorPreset",
          "comment": "Brushed Silk"
        },
        {
          "dmxRange": [229, 229],
          "type": "ColorPreset",
          "comment": "1/4 Tough Spun"
        },
        {
          "dmxRange": [230, 231],
          "type": "ColorPreset",
          "comment": "Super Correction"
        },
        {
          "dmxRange": [232, 235],
          "type": "ColorPreset",
          "comment": "Super White Flame Green"
        },
        {
          "dmxRange": [236, 236],
          "type": "ColorPreset",
          "comment": "H.M.I (To Tungsten)"
        },
        {
          "dmxRange": [237, 237],
          "type": "ColorPreset",
          "comment": "C.I.D. (To Tungsten)"
        },
        {
          "dmxRange": [238, 238],
          "type": "ColorPreset",
          "comment": "C.S.I. (To Tungsten)"
        },
        {
          "dmxRange": [239, 240],
          "type": "ColorPreset",
          "comment": "Polariser"
        },
        {
          "dmxRange": [241, 241],
          "type": "ColorPreset",
          "comment": "LEE Fluorescent 5700 K"
        },
        {
          "dmxRange": [242, 242],
          "type": "ColorPreset",
          "comment": "LEE Fluorescent 4300 K"
        },
        {
          "dmxRange": [243, 243],
          "type": "ColorPreset",
          "comment": "LEE Fluorescent 3600 K"
        },
        {
          "dmxRange": [244, 244],
          "type": "ColorPreset",
          "comment": "LEE Plus Green"
        },
        {
          "dmxRange": [245, 245],
          "type": "ColorPreset",
          "comment": "1/2 Plus Green"
        },
        {
          "dmxRange": [246, 246],
          "type": "ColorPreset",
          "comment": "1/4 Plus Green"
        },
        {
          "dmxRange": [247, 247],
          "type": "ColorPreset",
          "comment": "LEE Minus Green"
        },
        {
          "dmxRange": [248, 248],
          "type": "ColorPreset",
          "comment": "1/2 Minus Green"
        },
        {
          "dmxRange": [249, 249],
          "type": "ColorPreset",
          "comment": "1/4 Minus Green"
        },
        {
          "dmxRange": [250, 250],
          "type": "ColorPreset",
          "comment": "1/2 White Diffusion"
        },
        {
          "dmxRange": [251, 251],
          "type": "ColorPreset",
          "comment": "1/4 White Diffusion"
        },
        {
          "dmxRange": [252, 252],
          "type": "ColorPreset",
          "comment": "1/8 White Diffusion"
        },
        {
          "dmxRange": [253, 253],
          "type": "ColorPreset",
          "comment": "Hampshire Frost"
        },
        {
          "dmxRange": [254, 254],
          "type": "ColorPreset",
          "comment": "New Hampshire Frost"
        },
        {
          "dmxRange": [255, 255],
          "type": "ColorPreset",
          "comment": "Hollywood Frost"
        }
      ]
    },
    "Strobe": {
      "defaultValue": 0,
      "capabilities": [
        {
          "dmxRange": [0, 3],
          "type": "ShutterStrobe",
          "shutterEffect": "Open"
        },
        {
          "dmxRange": [4, 4],
          "type": "ShutterStrobe",
          "shutterEffect": "Strobe",
          "speed": "fast",
          "randomTiming": true
        },
        {
          "dmxRange": [5, 5],
          "type": "ShutterStrobe",
          "shutterEffect": "Strobe",
          "speed": "50%",
          "randomTiming": true
        },
        {
          "dmxRange": [6, 6],
          "type": "ShutterStrobe",
          "shutterEffect": "Strobe",
          "speed": "slow",
          "randomTiming": true
        },
        {
          "dmxRange": [7, 255],
          "type": "ShutterStrobe",
          "shutterEffect": "Strobe",
          "speedStart": "0.4Hz",
          "speedEnd": "25Hz"
        }
      ]
    },
    "Program": {
      "defaultValue": 0,
      "capabilities": [
        {
          "dmxRange": [0, 7],
          "type": "Effect",
          "effectName": "One Color Static"
        },
        {
          "dmxRange": [8, 15],
          "type": "Effect",
          "effectName": "Two Color Static"
        },
        {
          "dmxRange": [16, 23],
          "type": "Effect",
          "effectName": "Three Color Static"
        },
        {
          "dmxRange": [24, 31],
          "type": "Effect",
          "effectName": "Four Color Static"
        },
        {
          "dmxRange": [32, 39],
          "type": "Effect",
          "effectName": "One Color Fade"
        },
        {
          "dmxRange": [40, 47],
          "type": "Effect",
          "effectName": "Two Color Fade"
        },
        {
          "dmxRange": [48, 55],
          "type": "Effect",
          "effectName": "Three Color Fade"
        },
        {
          "dmxRange": [56, 63],
          "type": "Effect",
          "effectName": "Four Color Fade"
        },
        {
          "dmxRange": [64, 71],
          "type": "Effect",
          "effectName": "Simple Running"
        },
        {
          "dmxRange": [72, 79],
          "type": "Effect",
          "effectName": "Double Running"
        },
        {
          "dmxRange": [80, 87],
          "type": "Effect",
          "effectName": "Two Col Running"
        },
        {
          "dmxRange": [88, 95],
          "type": "Effect",
          "effectName": "Flag Running"
        },
        {
          "dmxRange": [96, 101],
          "type": "Effect",
          "effectName": "Double Flag Running"
        },
        {
          "dmxRange": [102, 109],
          "type": "Effect",
          "effectName": "Spiral 4 Color"
        },
        {
          "dmxRange": [110, 117],
          "type": "Effect",
          "effectName": "Spiral 2 Color"
        },
        {
          "dmxRange": [118, 125],
          "type": "Effect",
          "effectName": "Rainbow"
        },
        {
          "dmxRange": [126, 133],
          "type": "Effect",
          "effectName": "Fire"
        },
        {
          "dmxRange": [134, 141],
          "type": "Effect",
          "effectName": "Rotor"
        },
        {
          "dmxRange": [142, 149],
          "type": "Effect",
          "effectName": "Rotor Split 2"
        },
        {
          "dmxRange": [150, 157],
          "type": "Effect",
          "effectName": "Rotor Split 4"
        },
        {
          "dmxRange": [158, 255],
          "type": "NoFunction"
        }
      ]
    },
    "Program Speed": {
      "defaultValue": 0,
      "capability": {
        "type": "EffectSpeed",
        "speedStart": "slow",
        "speedEnd": "fast"
      }
    },
    "Program Cross Fade": {
      "defaultValue": 0,
      "capability": {
        "type": "EffectDuration",
        "durationStart": "instant",
        "durationEnd": "long"
      }
    },
    "Program Direction": {
      "defaultValue": 0,
      "capabilities": [
        {
          "dmxRange": [0, 63],
          "type": "Maintenance",
          "comment": "Forward with loop"
        },
        {
          "dmxRange": [64, 127],
          "type": "Maintenance",
          "comment": "Forward one time and stop"
        },
        {
          "dmxRange": [128, 190],
          "type": "Maintenance",
          "comment": "Reverse one time and stop"
        },
        {
          "dmxRange": [191, 255],
          "type": "Maintenance",
          "comment": "Reverse with loop"
        }
      ]
    },
    "Program Group Size": {
      "defaultValue": 0,
      "capabilities": [
        {
          "dmxRange": [0, 63],
          "type": "EffectParameter",
          "parameter": 1
        },
        {
          "dmxRange": [64, 127],
          "type": "EffectParameter",
          "parameter": 2
        },
        {
          "dmxRange": [128, 190],
          "type": "EffectParameter",
          "parameter": 3
        },
        {
          "dmxRange": [191, 255],
          "type": "EffectParameter",
          "parameter": 4
        }
      ]
    },
    "Program user Offset in Groups": {
      "defaultValue": 0,
      "capability": {
        "type": "EffectParameter",
        "parameterStart": "off",
        "parameterEnd": "high",
        "comment": "with groups >1, the offset within the virtual large program"
      }
    },
    "Program Restart": {
      "defaultValue": 0,
      "capability": {
        "type": "Maintenance",
        "comment": "Change value to restart program"
      }
    },
    "Intensity Red of Color 1": {
      "defaultValue": 0,
      "capability": {
        "type": "ColorIntensity",
        "color": "Red"
      }
    },
    "Intensity Green of Color 1": {
      "defaultValue": 0,
      "capability": {
        "type": "ColorIntensity",
        "color": "Green"
      }
    },
    "Intensity Blue of Color 1": {
      "defaultValue": 0,
      "capability": {
        "type": "ColorIntensity",
        "color": "Blue"
      }
    },
    "Intensity Red of Color 2": {
      "defaultValue": 0,
      "capability": {
        "type": "ColorIntensity",
        "color": "Red"
      }
    },
    "Intensity Green of Color 2": {
      "defaultValue": 0,
      "capability": {
        "type": "ColorIntensity",
        "color": "Green"
      }
    },
    "Intensity Blue of Color 2": {
      "defaultValue": 0,
      "capability": {
        "type": "ColorIntensity",
        "color": "Blue"
      }
    },
    "Intensity Red of Color 3": {
      "defaultValue": 0,
      "capability": {
        "type": "ColorIntensity",
        "color": "Red"
      }
    },
    "Intensity Green of Color 3": {
      "defaultValue": 0,
      "capability": {
        "type": "ColorIntensity",
        "color": "Green"
      }
    },
    "Intensity Blue of Color 3": {
      "defaultValue": 0,
      "capability": {
        "type": "ColorIntensity",
        "color": "Blue"
      }
    },
    "Intensity Red of Color 4": {
      "defaultValue": 0,
      "capability": {
        "type": "ColorIntensity",
        "color": "Red"
      }
    },
    "Intensity Green of Color 4": {
      "defaultValue": 0,
      "capability": {
        "type": "ColorIntensity",
        "color": "Green"
      }
    },
    "Intensity Blue of Color 4": {
      "defaultValue": 0,
      "capability": {
        "type": "ColorIntensity",
        "color": "Blue"
      }
    }
  },
  "modes": [
    {
      "name": "1: RGB",
      "shortName": "1-rgb",
      "channels": [
        "Red",
        "Green",
        "Blue"
      ]
    },
    {
      "name": "2: RGBW",
      "shortName": "2-rgbw",
      "channels": [
        "Red",
        "Green",
        "Blue",
        "White"
      ]
    },
    {
      "name": "3: RGBAW",
      "shortName": "3-rgbaw",
      "channels": [
        "Red",
        "Green",
        "Blue",
        null,
        "White"
      ]
    },
    {
      "name": "4: DIM RGB",
      "shortName": "4-dim-rgb",
      "channels": [
        "Master dimmer",
        "Red",
        "Green",
        "Blue"
      ]
    },
    {
      "name": "5: DIM RGBW",
      "shortName": "5-dim-rgbw",
      "channels": [
        "Master dimmer",
        "Red",
        "Green",
        "Blue",
        "White"
      ]
    },
    {
      "name": "6: DIM RGBAW",
      "shortName": "6-dim-rgbaw",
      "channels": [
        "Master dimmer",
        "Red",
        "Green",
        "Blue",
        null,
        "White"
      ]
    },
    {
      "name": "7: DIM RGB CCT DIM IND",
      "shortName": "7-dim-rgb-cct-dim-ind",
      "channels": [
        "Red",
        "Green",
        "Blue",
        "Color Temperature CCT",
        "Master dimmer",
        "LEE Color Gel 1"
      ]
    },
    {
      "name": "8: RGBS",
      "shortName": "8-rgbs",
      "channels": [
        "Red",
        "Green",
        "Blue",
        "Strobe"
      ]
    },
    {
      "name": "9: RGBWS",
      "shortName": "9-rgbws",
      "channels": [
        "Red",
        "Green",
        "Blue",
        "White",
        "Strobe"
      ]
    },
    {
      "name": "10: RGBAWS",
      "shortName": "10-rgbaws",
      "channels": [
        "Red",
        "Green",
        "Blue",
        null,
        "White",
        "Strobe"
      ]
    },
    {
      "name": "11: DIM RGBS",
      "shortName": "11-dim-rgbs",
      "channels": [
        "Master dimmer",
        "Red",
        "Green",
        "Blue",
        "Strobe"
      ]
    },
    {
      "name": "12: DIM RGBWS",
      "shortName": "12-dim-rgbws",
      "channels": [
        "Master dimmer",
        "Red",
        "Green",
        "Blue",
        "White",
        "Strobe"
      ]
    },
    {
      "name": "13: DIM RGBAWS",
      "shortName": "13-dim-rgbaws",
      "channels": [
        "Master dimmer",
        "Red",
        "Green",
        "Blue",
        null,
        "White",
        "Strobe"
      ]
    },
    {
      "name": "14: RGB CCT DIM IND S",
      "shortName": "14-rgb-cct-dim-ind-s",
      "channels": [
        "Red",
        "Green",
        "Blue",
        "Color Temperature CCT",
        "Master dimmer",
        "LEE Color Gel 1",
        "Strobe"
      ]
    },
    {
      "name": "15: EFFECT FIX",
      "shortName": "15-effect-fix",
      "channels": [
        "Master dimmer",
        "Strobe",
        "Program",
        "Program Speed",
        "Program Cross Fade",
        "Program Direction",
        "Program Group Size",
        "Program user Offset in Groups",
        "Program Restart",
        "LEE Color Gel 1",
        "LEE Color Gel 2",
        "LEE Color Gel 3",
        "LEE Color Gel 4"
      ]
    },
    {
      "name": "16: EFFECT RGB",
      "shortName": "16-effect-rgb",
      "channels": [
        "Master dimmer",
        "Strobe",
        "Program",
        "Program Speed",
        "Program Cross Fade",
        "Program Direction",
        "Program Group Size",
        "Program user Offset in Groups",
        "Program Restart",
        "Intensity Red of Color 1",
        "Intensity Green of Color 1",
        "Intensity Blue of Color 1",
        "Intensity Red of Color 2",
        "Intensity Green of Color 2",
        "Intensity Blue of Color 2",
        "Intensity Red of Color 3",
        "Intensity Green of Color 3",
        "Intensity Blue of Color 3",
        "Intensity Red of Color 4",
        "Intensity Green of Color 4",
        "Intensity Blue of Color 4"
      ]
    }
  ],
  "fixtureKey": "ax3-lightdrop",
  "manufacturerKey": "astera",
  "oflURL": "https://open-fixture-library.org/astera/ax3-lightdrop"
}
