{
  "$schema": "https://raw.githubusercontent.com/OpenLightingProject/open-fixture-library/schema-12.4.1/schemas/fixture.json",
  "name": "CMY Fader",
  "shortName": "CMY",
  "categories": ["Color Changer"],
  "meta": {
    "authors": ["Flo Edelmann"],
    "createDate": "2017-12-12",
    "lastModifyDate": "2018-07-21"
  },
  "availableChannels": {
    "Cyan": {
      "fineChannelAliases": ["Cyan fine", "Cyan fine^2"],
      "capability": {
        "type": "ColorIntensity",
        "color": "Cyan"
      }
    },
    "Magenta": {
      "fineChannelAliases": ["Magenta fine", "Magenta fine^2"],
      "capability": {
        "type": "ColorIntensity",
        "color": "Magenta"
      }
    },
    "Yellow": {
      "fineChannelAliases": ["Yellow fine", "Yellow fine^2"],
      "capability": {
        "type": "ColorIntensity",
        "color": "Yellow"
      }
    }
  },
  "modes": [
    {
      "name": "8 bit",
      "shortName": "8bit",
      "channels": [
        "Cyan",
        "Magenta",
        "Yellow"
      ]
    },
    {
      "name": "16 bit",
      "shortName": "16bit",
      "channels": [
        "Cyan",
        "Cyan fine",
        "Magenta",
        "Magenta fine",
        "Yellow",
        "Yellow fine"
      ]
    },
    {
      "name": "24 bit",
      "shortName": "24bit",
      "channels": [
        "Cyan",
        "Cyan fine",
        "Cyan fine^2",
        "Magenta",
        "Magenta fine",
        "Magenta fine^2",
        "Yellow",
        "Yellow fine",
        "Yellow fine^2"
      ]
    }
  ],
  "fixtureKey": "cmy-fader",
  "manufacturerKey": "generic",
  "oflURL": "https://open-fixture-library.org/generic/cmy-fader"
}
