{
  "$schema": "https://raw.githubusercontent.com/OpenLightingProject/open-fixture-library/schema-12.4.1/schemas/fixture.json",
  "name": "RGBWAUV Fader",
  "shortName": "RGBWAUV",
  "categories": ["Color Changer"],
  "meta": {
    "authors": ["Shuichi", "Flo Edelmann", "Ryan Goodwin"],
    "createDate": "2021-09-19",
    "lastModifyDate": "2023-04-20"
  },
  "availableChannels": {
    "Red": {
      "fineChannelAliases": ["Red fine"],
      "capability": {
        "type": "ColorIntensity",
        "color": "Red"
      }
    },
    "Green": {
      "fineChannelAliases": ["Green fine"],
      "capability": {
        "type": "ColorIntensity",
        "color": "Green"
      }
    },
    "Blue": {
      "fineChannelAliases": ["Blue fine"],
      "capability": {
        "type": "ColorIntensity",
        "color": "Blue"
      }
    },
    "White": {
      "fineChannelAliases": ["White fine"],
      "capability": {
        "type": "ColorIntensity",
        "color": "White"
      }
    },
    "Amber": {
      "fineChannelAliases": ["Amber fine"],
      "capability": {
        "type": "ColorIntensity",
        "color": "Amber"
      }
    },
    "UV": {
      "fineChannelAliases": ["UV fine"],
      "capability": {
        "type": "ColorIntensity",
        "color": "UV"
      }
    }
  },
  "modes": [
    {
      "name": "8 bit",
      "shortName": "8bit",
      "channels": [
        "Red",
        "Green",
        "Blue",
        "White",
        "Amber",
        "UV"
      ]
    },
    {
      "name": "16 bit",
      "shortName": "16bit",
      "channels": [
        "Red",
        "Red fine",
        "Green",
        "Green fine",
        "Blue",
        "Blue fine",
        "White",
        "White fine",
        "Amber",
        "Amber fine",
        "UV",
        "UV fine"
      ]
    }
  ],
  "fixtureKey": "rgbwauv-fader",
  "manufacturerKey": "generic",
  "oflURL": "https://open-fixture-library.org/generic/rgbwauv-fader"
}
