{
  "$schema": "https://raw.githubusercontent.com/OpenLightingProject/open-fixture-library/schema-12.4.1/schemas/fixture.json",
  "name": "Strobe",
  "categories": ["Strobe"],
  "meta": {
    "authors": ["Mikey Rowlands"],
    "createDate": "2019-11-01",
    "lastModifyDate": "2019-11-01"
  },
  "availableChannels": {
    "Frequency": {
      "capability": {
        "type": "ShutterStrobe",
        "shutterEffect": "Strobe",
        "speedStart": "slow",
        "speedEnd": "fast"
      }
    },
    "Dimmer": {
      "defaultValue": 0,
      "capability": {
        "type": "Intensity"
      }
    }
  },
  "modes": [
    {
      "name": "Frequency + Dimmer",
      "channels": [
        "Frequency",
        "Dimmer"
      ]
    },
    {
      "name": "Dimmer + Frequency",
      "channels": [
        "Dimmer",
        "Frequency"
      ]
    }
  ],
  "fixtureKey": "strobe",
  "manufacturerKey": "generic",
  "oflURL": "https://open-fixture-library.org/generic/strobe"
}
