{
  "$schema": "https://raw.githubusercontent.com/OpenLightingProject/open-fixture-library/schema-12.4.1/schemas/fixture.json",
  "name": "PAR LED 7x12W",
  "categories": ["Color Changer"],
  "meta": {
    "authors": ["Marek Jędrzejewski", "Felix Edelmann"],
    "createDate": "2020-02-16",
    "lastModifyDate": "2020-02-16"
  },
  "links": {
    "productPage": [
      "https://fractallights.com/produkty/PAR_LED_7_x_9W_7_x_10W_7_x_12W/",
      "https://fractallights.com/catalog/#p=6"
    ]
  },
  "physical": {
    "dimensions": [180, 180, 110],
    "weight": 2,
    "power": 100,
    "DMXconnector": "3-pin",
    "bulb": {
      "type": "7×12W RGBWA LEDs"
    },
    "lens": {
      "degreesMinMax": [25, 25]
    }
  },
  "availableChannels": {
    "Dimmer": {
      "capability": {
        "type": "Intensity"
      }
    },
    "Red": {
      "capability": {
        "type": "ColorIntensity",
        "color": "Red"
      }
    },
    "Green": {
      "capability": {
        "type": "ColorIntensity",
        "color": "Green"
      }
    },
    "Blue": {
      "capability": {
        "type": "ColorIntensity",
        "color": "Blue"
      }
    },
    "White": {
      "capability": {
        "type": "ColorIntensity",
        "color": "White"
      }
    },
    "Amber": {
      "capability": {
        "type": "ColorIntensity",
        "color": "Amber"
      }
    },
    "Strobe": {
      "capabilities": [
        {
          "dmxRange": [0, 4],
          "type": "NoFunction"
        },
        {
          "dmxRange": [5, 255],
          "type": "ShutterStrobe",
          "shutterEffect": "Strobe",
          "speedStart": "slow",
          "speedEnd": "fast"
        }
      ]
    },
    "Mode": {
      "defaultValue": 0,
      "capabilities": [
        {
          "dmxRange": [0, 50],
          "type": "NoFunction",
          "comment": "Manual control",
          "switchChannels": {
            "Color Presets / Effect Speed / Sound Colors": "Color Presets"
          }
        },
        {
          "dmxRange": [51, 100],
          "type": "Effect",
          "effectName": "Color presets",
          "switchChannels": {
            "Color Presets / Effect Speed / Sound Colors": "Color Presets"
          }
        },
        {
          "dmxRange": [101, 150],
          "type": "Effect",
          "effectPreset": "ColorJump",
          "switchChannels": {
            "Color Presets / Effect Speed / Sound Colors": "Effect Speed"
          }
        },
        {
          "dmxRange": [151, 200],
          "type": "Effect",
          "effectPreset": "ColorFade",
          "switchChannels": {
            "Color Presets / Effect Speed / Sound Colors": "Effect Speed"
          }
        },
        {
          "dmxRange": [201, 250],
          "type": "Effect",
          "effectPreset": "ColorFade",
          "comment": "black between colors",
          "switchChannels": {
            "Color Presets / Effect Speed / Sound Colors": "Effect Speed"
          }
        },
        {
          "dmxRange": [251, 255],
          "type": "Effect",
          "effectName": "Sound control",
          "soundControlled": true,
          "comment": "select color or color change",
          "switchChannels": {
            "Color Presets / Effect Speed / Sound Colors": "Sound Colors"
          }
        }
      ]
    },
    "Color Presets": {
      "capabilities": [
        {
          "dmxRange": [0, 31],
          "type": "ColorPreset",
          "comment": "Red",
          "colors": ["#ff0000"]
        },
        {
          "dmxRange": [32, 63],
          "type": "ColorPreset",
          "comment": "Green",
          "colors": ["#00ff00"]
        },
        {
          "dmxRange": [64, 95],
          "type": "ColorPreset",
          "comment": "Blue",
          "colors": ["#0000ff"]
        },
        {
          "dmxRange": [96, 127],
          "type": "ColorPreset",
          "comment": "White",
          "colors": ["#ffffff"]
        },
        {
          "dmxRange": [128, 159],
          "type": "ColorPreset",
          "comment": "Yellow",
          "colors": ["#ffff00"]
        },
        {
          "dmxRange": [160, 191],
          "type": "ColorPreset",
          "comment": "Magenta",
          "colors": ["#ff00ff"]
        },
        {
          "dmxRange": [192, 223],
          "type": "ColorPreset",
          "comment": "Cyan",
          "colors": ["#00ffff"]
        },
        {
          "dmxRange": [224, 255],
          "type": "ColorPreset",
          "comment": "RGBW",
          "colors": ["#ffffff"]
        }
      ]
    },
    "Effect Speed": {
      "capability": {
        "type": "EffectSpeed",
        "speedStart": "slow",
        "speedEnd": "fast"
      }
    },
    "Sound Colors": {
      "capabilities": [
        {
          "dmxRange": [0, 30],
          "type": "ColorPreset",
          "comment": "Red",
          "colors": ["#ff0000"]
        },
        {
          "dmxRange": [31, 61],
          "type": "ColorPreset",
          "comment": "Green",
          "colors": ["#00ff00"]
        },
        {
          "dmxRange": [62, 92],
          "type": "ColorPreset",
          "comment": "Blue",
          "colors": ["#0000ff"]
        },
        {
          "dmxRange": [93, 123],
          "type": "ColorPreset",
          "comment": "White",
          "colors": ["#ffffff"]
        },
        {
          "dmxRange": [124, 154],
          "type": "ColorPreset",
          "comment": "Yellow",
          "colors": ["#ffff00"]
        },
        {
          "dmxRange": [155, 185],
          "type": "ColorPreset",
          "comment": "Magenta",
          "colors": ["#ff00ff"]
        },
        {
          "dmxRange": [186, 216],
          "type": "ColorPreset",
          "comment": "Cyan",
          "colors": ["#00ffff"]
        },
        {
          "dmxRange": [217, 247],
          "type": "ColorPreset",
          "comment": "RGBW",
          "colors": ["#ffffff"]
        },
        {
          "dmxRange": [248, 255],
          "type": "Effect",
          "effectPreset": "ColorJump",
          "soundControlled": true
        }
      ]
    }
  },
  "modes": [
    {
      "name": "9-channel",
      "shortName": "9ch",
      "channels": [
        "Dimmer",
        "Red",
        "Green",
        "Blue",
        "White",
        "Amber",
        "Strobe",
        "Mode",
        "Color Presets / Effect Speed / Sound Colors"
      ]
    },
    {
      "name": "RGBWA",
      "channels": [
        "Red",
        "Green",
        "Blue",
        "White",
        "Amber"
      ]
    }
  ],
  "fixtureKey": "par-led-7x12w",
  "manufacturerKey": "fractal-lights",
  "oflURL": "https://open-fixture-library.org/fractal-lights/par-led-7x12w"
}
