{
  "$schema": "https://raw.githubusercontent.com/OpenLightingProject/open-fixture-library/schema-12.4.1/schemas/fixture.json",
  "name": "Mini Moving Head RGBW",
  "shortName": "StageRightWash7x10W-MH",
  "categories": ["Moving Head", "Color Changer"],
  "meta": {
    "authors": ["Felix Edelmann", "martin3000", "sirexeclp", "Ryan Goodwin"],
    "createDate": "2019-03-29",
    "lastModifyDate": "2023-07-12"
  },
  "comment": "This fixture is sold under different brands / names.",
  "links": {
    "manual": [
      "https://downloads.monoprice.com/files/manuals/612870_Manual_170822.pdf",
      "https://images-na.ssl-images-amazon.com/images/I/817xvVgs88L.pdf"
    ],
    "productPage": [
      "https://www.monoprice.com/product?p_id=612870",
      "https://www.lixada.com/p-l0761us.html"
    ],
    "video": [
      "https://www.youtube.com/watch?v=GOy2Memx1qQ"
    ]
  },
  "physical": {
    "dimensions": [240, 300, 240],
    "weight": 3.8,
    "power": 80,
    "powerConnectors": {
      "IEC C13": "input only"
    },
    "DMXconnector": "3-pin",
    "bulb": {
      "type": "7× 10W RGBW LEDs"
    }
  },
  "availableChannels": {
    "Pan": {
      "fineChannelAliases": ["Pan fine"],
      "dmxValueResolution": "8bit",
      "capability": {
        "type": "Pan",
        "angleStart": "0deg",
        "angleEnd": "540deg"
      }
    },
    "Tilt": {
      "fineChannelAliases": ["Tilt fine"],
      "dmxValueResolution": "8bit",
      "capability": {
        "type": "Tilt",
        "angleStart": "0deg",
        "angleEnd": "270deg"
      }
    },
    "Pan/Tilt Speed": {
      "defaultValue": 0,
      "capability": {
        "type": "PanTiltSpeed",
        "speedStart": "fast",
        "speedEnd": "slow"
      }
    },
    "Dimmer / Strobe": {
      "capabilities": [
        {
          "dmxRange": [0, 7],
          "type": "ShutterStrobe",
          "shutterEffect": "Closed"
        },
        {
          "dmxRange": [8, 134],
          "type": "Intensity"
        },
        {
          "dmxRange": [135, 239],
          "type": "ShutterStrobe",
          "shutterEffect": "Strobe",
          "speedStart": "slow",
          "speedEnd": "fast"
        },
        {
          "dmxRange": [240, 255],
          "type": "ShutterStrobe",
          "shutterEffect": "Open"
        }
      ]
    },
    "Red": {
      "defaultValue": 0,
      "capability": {
        "type": "ColorIntensity",
        "color": "Red"
      }
    },
    "Green": {
      "defaultValue": 0,
      "capability": {
        "type": "ColorIntensity",
        "color": "Green"
      }
    },
    "Blue": {
      "defaultValue": 0,
      "capability": {
        "type": "ColorIntensity",
        "color": "Blue"
      }
    },
    "White": {
      "defaultValue": 0,
      "capability": {
        "type": "ColorIntensity",
        "color": "White"
      }
    },
    "Color Presets": {
      "defaultValue": 0,
      "capabilities": [
        {
          "dmxRange": [0, 231],
          "type": "ColorPreset",
          "helpWanted": "Which colors can be selected at which DMX values?"
        },
        {
          "dmxRange": [232, 255],
          "type": "Effect",
          "effectPreset": "ColorJump",
          "comment": "Seven Colors"
        }
      ]
    },
    "Color Effect Speed": {
      "capability": {
        "type": "EffectSpeed",
        "speedStart": "slow",
        "speedEnd": "fast"
      }
    },
    "Auto / Sound Mode": {
      "capabilities": [
        {
          "dmxRange": [0, 7],
          "type": "NoFunction"
        },
        {
          "dmxRange": [8, 63],
          "type": "Effect",
          "effectName": "Auto Mode",
          "speed": "fast"
        },
        {
          "dmxRange": [64, 127],
          "type": "Effect",
          "effectName": "Auto Mode",
          "speed": "slow"
        },
        {
          "dmxRange": [128, 191],
          "type": "Effect",
          "effectName": "Sound Mode 1",
          "soundControlled": true
        },
        {
          "dmxRange": [192, 255],
          "type": "Effect",
          "effectName": "Sound Mode 2",
          "soundControlled": true
        }
      ]
    },
    "Reset": {
      "capabilities": [
        {
          "dmxRange": [0, 149],
          "type": "NoFunction"
        },
        {
          "dmxRange": [150, 200],
          "type": "Maintenance",
          "comment": "Reset",
          "helpWanted": "How many seconds must that DMX value be set?"
        },
        {
          "dmxRange": [201, 255],
          "type": "NoFunction"
        }
      ]
    }
  },
  "modes": [
    {
      "name": "9-channel",
      "shortName": "9ch",
      "channels": [
        "Pan",
        "Tilt",
        "Dimmer / Strobe",
        "Red",
        "Green",
        "Blue",
        "White",
        "Pan/Tilt Speed",
        "Reset"
      ]
    },
    {
      "name": "14-channel",
      "shortName": "14ch",
      "channels": [
        "Pan",
        "Pan fine",
        "Tilt",
        "Tilt fine",
        "Pan/Tilt Speed",
        "Dimmer / Strobe",
        "Red",
        "Green",
        "Blue",
        "White",
        "Color Presets",
        "Color Effect Speed",
        "Auto / Sound Mode",
        "Reset"
      ]
    }
  ],
  "fixtureKey": "mini-moving-head-rgbw",
  "manufacturerKey": "lixada",
  "oflURL": "https://open-fixture-library.org/lixada/mini-moving-head-rgbw"
}
