{
  "$schema": "https://raw.githubusercontent.com/OpenLightingProject/open-fixture-library/schema-12.4.1/schemas/fixture.json",
  "name": "Aurora",
  "categories": ["Moving Head", "Color Changer"],
  "meta": {
    "authors": ["LIGHT SKY", "Flo Edelmann"],
    "createDate": "2019-09-21",
    "lastModifyDate": "2019-09-21"
  },
  "links": {
    "manual": [
      "https://en.lightsky.com.cn/wp-content/uploads/2021/06/AURORA-UserManual.pdf"
    ],
    "productPage": [
      "https://en.lightsky.com.cn/product/aurora/"
    ]
  },
  "rdm": {
    "modelId": 39,
    "softwareVersion": "1.0"
  },
  "physical": {
    "dimensions": [401, 646, 300],
    "weight": 58,
    "power": 620,
    "DMXconnector": "3-pin and 5-pin",
    "bulb": {
      "type": "Osram Sirius HRI 471W SN",
      "colorTemperature": 6300,
      "lumens": 695400
    },
    "lens": {
      "name": "φ160 Optical lens with high precision",
      "degreesMinMax": [3, 42]
    }
  },
  "wheels": {
    "Effect Disk": {
      "slots": [
        {
          "type": "AnimationGoboStart"
        },
        {
          "type": "AnimationGoboEnd"
        }
      ]
    },
    "Rotating Gobo Wheel": {
      "slots": [
        {
          "type": "Open"
        },
        {
          "type": "Gobo"
        },
        {
          "type": "Gobo"
        },
        {
          "type": "Gobo"
        },
        {
          "type": "Gobo"
        },
        {
          "type": "Gobo"
        },
        {
          "type": "Gobo"
        },
        {
          "type": "Gobo"
        },
        {
          "type": "Gobo"
        },
        {
          "type": "Gobo"
        }
      ]
    },
    "Static Gobo Wheel": {
      "direction": "CCW",
      "slots": [
        {
          "type": "Iris",
          "openPercent": "40%"
        },
        {
          "type": "Iris",
          "openPercent": "30%"
        },
        {
          "type": "Iris",
          "openPercent": "20%"
        },
        {
          "type": "Iris",
          "openPercent": "10%"
        },
        {
          "type": "Gobo"
        },
        {
          "type": "Gobo"
        },
        {
          "type": "Gobo"
        },
        {
          "type": "Gobo"
        },
        {
          "type": "Gobo"
        },
        {
          "type": "Gobo"
        },
        {
          "type": "Gobo"
        },
        {
          "type": "Open"
        },
        {
          "type": "Gobo"
        },
        {
          "type": "Gobo"
        },
        {
          "type": "Gobo"
        }
      ]
    },
    "Color Wheel": {
      "slots": [
        {
          "type": "Open"
        },
        {
          "type": "Color",
          "name": "Dark red",
          "colors": ["#fe0000"]
        },
        {
          "type": "Color",
          "name": "Orange",
          "colors": ["#ff450c"]
        },
        {
          "type": "Color",
          "name": "Aquamarine",
          "colors": ["#01fdfd"]
        },
        {
          "type": "Color",
          "name": "Dark green",
          "colors": ["#006401"]
        },
        {
          "type": "Color",
          "name": "Green",
          "colors": ["#01ff01"]
        },
        {
          "type": "Color",
          "name": "Lavender",
          "colors": ["#bfbff3"]
        },
        {
          "type": "Color",
          "name": "Pink",
          "colors": ["#febeca"]
        },
        {
          "type": "Color",
          "name": "Yellow",
          "colors": ["#fef100"]
        },
        {
          "type": "Color",
          "name": "Magenta",
          "colors": ["#e5007f"]
        },
        {
          "type": "Color",
          "name": "Cyan",
          "colors": ["#00a1e9"]
        },
        {
          "type": "Color",
          "name": "CTO2",
          "colors": ["#e79d6c"],
          "colorTemperature": "3200K"
        },
        {
          "type": "Color",
          "name": "CTO1",
          "colors": ["#f2be9b"],
          "colorTemperature": "2700K"
        },
        {
          "type": "Color",
          "name": "Dark blue",
          "colors": ["#1f1586"]
        }
      ]
    }
  },
  "availableChannels": {
    "Pan": {
      "fineChannelAliases": ["Pan fine"],
      "defaultValue": "50%",
      "capability": {
        "type": "Pan",
        "angleStart": "0deg",
        "angleEnd": "540deg"
      }
    },
    "Tilt": {
      "fineChannelAliases": ["Tilt fine"],
      "defaultValue": "50%",
      "capability": {
        "type": "Tilt",
        "angleStart": "0deg",
        "angleEnd": "250deg"
      }
    },
    "Pan/Tilt Speed": {
      "defaultValue": 0,
      "capabilities": [
        {
          "dmxRange": [0, 0],
          "type": "PanTiltSpeed",
          "speed": "fast",
          "comment": "Standard mode"
        },
        {
          "dmxRange": [1, 1],
          "type": "PanTiltSpeed",
          "speed": "fast",
          "comment": "Max. speed mode"
        },
        {
          "dmxRange": [2, 255],
          "type": "PanTiltSpeed",
          "speedStart": "fast",
          "speedEnd": "slow"
        }
      ]
    },
    "Control": {
      "defaultValue": 0,
      "capabilities": [
        {
          "dmxRange": [0, 19],
          "type": "NoFunction"
        },
        {
          "dmxRange": [20, 24],
          "type": "Maintenance",
          "comment": "LCD display On"
        },
        {
          "dmxRange": [25, 29],
          "type": "Maintenance",
          "comment": "LCD display Off"
        },
        {
          "dmxRange": [30, 34],
          "type": "Maintenance",
          "comment": "High CRI"
        },
        {
          "dmxRange": [35, 39],
          "type": "Maintenance",
          "comment": "Standard CRI"
        },
        {
          "dmxRange": [40, 59],
          "type": "NoFunction"
        },
        {
          "dmxRange": [60, 64],
          "type": "Maintenance",
          "comment": "Fans mode: Auto"
        },
        {
          "dmxRange": [65, 69],
          "type": "Maintenance",
          "comment": "Fans mode: High"
        },
        {
          "dmxRange": [70, 129],
          "type": "NoFunction"
        },
        {
          "dmxRange": [130, 139],
          "type": "Maintenance",
          "comment": "Lamp On"
        },
        {
          "dmxRange": [140, 149],
          "type": "Maintenance",
          "comment": "Pan/Tilt reset"
        },
        {
          "dmxRange": [150, 159],
          "type": "Maintenance",
          "comment": "Color reset"
        },
        {
          "dmxRange": [160, 169],
          "type": "Maintenance",
          "comment": "Gobo reset"
        },
        {
          "dmxRange": [170, 179],
          "type": "Maintenance",
          "comment": "Dimmer/Shutter reset"
        },
        {
          "dmxRange": [180, 189],
          "type": "Maintenance",
          "comment": "Zoom/focus/frost/prism wheels reset"
        },
        {
          "dmxRange": [190, 199],
          "type": "Maintenance",
          "comment": "Effect wheel reset"
        },
        {
          "dmxRange": [200, 209],
          "type": "Maintenance",
          "comment": "Total reset"
        },
        {
          "dmxRange": [210, 229],
          "type": "NoFunction"
        },
        {
          "dmxRange": [230, 239],
          "type": "Maintenance",
          "comment": "Lamp Off"
        },
        {
          "dmxRange": [240, 255],
          "type": "NoFunction"
        }
      ]
    },
    "Cyan": {
      "defaultValue": 0,
      "precedence": "LTP",
      "capability": {
        "type": "ColorIntensity",
        "color": "Cyan"
      }
    },
    "Magenta": {
      "defaultValue": 0,
      "precedence": "LTP",
      "capability": {
        "type": "ColorIntensity",
        "color": "Magenta"
      }
    },
    "Yellow": {
      "defaultValue": 0,
      "precedence": "LTP",
      "capability": {
        "type": "ColorIntensity",
        "color": "Yellow"
      }
    },
    "Color Wheel": {
      "fineChannelAliases": ["Color Wheel fine"],
      "dmxValueResolution": "8bit",
      "defaultValue": 0,
      "capabilities": [
        {
          "dmxRange": [0, 8],
          "type": "WheelSlot",
          "slotNumber": 1
        },
        {
          "dmxRange": [9, 17],
          "type": "WheelSlot",
          "slotNumber": 2
        },
        {
          "dmxRange": [18, 26],
          "type": "WheelSlot",
          "slotNumber": 3
        },
        {
          "dmxRange": [27, 36],
          "type": "WheelSlot",
          "slotNumber": 4
        },
        {
          "dmxRange": [37, 45],
          "type": "WheelSlot",
          "slotNumber": 5
        },
        {
          "dmxRange": [46, 54],
          "type": "WheelSlot",
          "slotNumber": 6
        },
        {
          "dmxRange": [55, 63],
          "type": "WheelSlot",
          "slotNumber": 7
        },
        {
          "dmxRange": [64, 72],
          "type": "WheelSlot",
          "slotNumber": 8
        },
        {
          "dmxRange": [73, 81],
          "type": "WheelSlot",
          "slotNumber": 9
        },
        {
          "dmxRange": [82, 90],
          "type": "WheelSlot",
          "slotNumber": 10
        },
        {
          "dmxRange": [91, 100],
          "type": "WheelSlot",
          "slotNumber": 11
        },
        {
          "dmxRange": [101, 109],
          "type": "WheelSlot",
          "slotNumber": 12
        },
        {
          "dmxRange": [110, 118],
          "type": "WheelSlot",
          "slotNumber": 13
        },
        {
          "dmxRange": [119, 127],
          "type": "WheelSlot",
          "slotNumber": 14
        },
        {
          "dmxRange": [128, 129],
          "type": "WheelSlot",
          "slotNumber": 1
        },
        {
          "dmxRange": [130, 134],
          "type": "WheelSlot",
          "slotNumberStart": 1,
          "slotNumberEnd": 2
        },
        {
          "dmxRange": [135, 138],
          "type": "WheelSlot",
          "slotNumberStart": 2,
          "slotNumberEnd": 3
        },
        {
          "dmxRange": [139, 143],
          "type": "WheelSlot",
          "slotNumberStart": 3,
          "slotNumberEnd": 4
        },
        {
          "dmxRange": [144, 147],
          "type": "WheelSlot",
          "slotNumberStart": 4,
          "slotNumberEnd": 5
        },
        {
          "dmxRange": [148, 152],
          "type": "WheelSlot",
          "slotNumberStart": 5,
          "slotNumberEnd": 6
        },
        {
          "dmxRange": [153, 157],
          "type": "WheelSlot",
          "slotNumberStart": 6,
          "slotNumberEnd": 7
        },
        {
          "dmxRange": [158, 161],
          "type": "WheelSlot",
          "slotNumberStart": 7,
          "slotNumberEnd": 8
        },
        {
          "dmxRange": [162, 166],
          "type": "WheelSlot",
          "slotNumberStart": 8,
          "slotNumberEnd": 9
        },
        {
          "dmxRange": [167, 171],
          "type": "WheelSlot",
          "slotNumberStart": 9,
          "slotNumberEnd": 10
        },
        {
          "dmxRange": [172, 176],
          "type": "WheelSlot",
          "slotNumberStart": 10,
          "slotNumberEnd": 11
        },
        {
          "dmxRange": [177, 180],
          "type": "WheelSlot",
          "slotNumberStart": 11,
          "slotNumberEnd": 12
        },
        {
          "dmxRange": [181, 185],
          "type": "WheelSlot",
          "slotNumberStart": 12,
          "slotNumberEnd": 13
        },
        {
          "dmxRange": [186, 189],
          "type": "WheelSlot",
          "slotNumberStart": 13,
          "slotNumberEnd": 14
        },
        {
          "dmxRange": [190, 215],
          "type": "WheelRotation",
          "speedStart": "fast CW",
          "speedEnd": "slow CW"
        },
        {
          "dmxRange": [216, 217],
          "type": "WheelRotation",
          "speedStart": "stop",
          "speedEnd": "stop"
        },
        {
          "dmxRange": [218, 243],
          "type": "WheelRotation",
          "speedStart": "slow CCW",
          "speedEnd": "fast CCW"
        },
        {
          "dmxRange": [244, 249],
          "type": "Effect",
          "effectName": "Random color selection"
        },
        {
          "dmxRange": [250, 255],
          "type": "Effect",
          "effectName": "Auto random color",
          "speedStart": "fast",
          "speedEnd": "slow"
        }
      ]
    },
    "Effect Disk Positioning": {
      "defaultValue": 0,
      "capabilities": [
        {
          "dmxRange": [0, 19],
          "type": "NoFunction"
        },
        {
          "dmxRange": [20, 127],
          "type": "EffectParameter",
          "parameterStart": "0%",
          "parameterEnd": "100%",
          "comment": "Effect Disk insertion",
          "helpWanted": "Or can you select the rotation angle of the Effect Disk here?"
        },
        {
          "dmxRange": [128, 170],
          "type": "Effect",
          "effectName": "Ramping from open to full position"
        },
        {
          "dmxRange": [171, 213],
          "type": "Effect",
          "effectName": "Ramping from open to half position"
        },
        {
          "dmxRange": [214, 255],
          "type": "Effect",
          "effectName": "Ramping from half position to full position"
        }
      ]
    },
    "Effect Disk Rotation": {
      "defaultValue": 128,
      "capabilities": [
        {
          "dmxRange": [0, 0],
          "type": "WheelRotation",
          "wheel": "Effect Disk",
          "speed": "stop"
        },
        {
          "dmxRange": [1, 127],
          "type": "WheelRotation",
          "wheel": "Effect Disk",
          "speedStart": "fast CW",
          "speedEnd": "slow CW"
        },
        {
          "dmxRange": [128, 128],
          "type": "WheelRotation",
          "wheel": "Effect Disk",
          "speedStart": "stop",
          "speedEnd": "stop",
          "comment": "No rotation"
        },
        {
          "dmxRange": [129, 255],
          "type": "WheelRotation",
          "wheel": "Effect Disk",
          "speedStart": "slow CCW",
          "speedEnd": "fast CCW"
        }
      ]
    },
    "Static Gobo Wheel": {
      "defaultValue": 0,
      "capabilities": [
        {
          "dmxRange": [0, 3],
          "type": "WheelSlot",
          "slotNumber": 12
        },
        {
          "dmxRange": [4, 9],
          "type": "WheelSlot",
          "slotNumber": 1
        },
        {
          "dmxRange": [10, 15],
          "type": "WheelSlot",
          "slotNumber": 2
        },
        {
          "dmxRange": [16, 21],
          "type": "WheelSlot",
          "slotNumber": 3
        },
        {
          "dmxRange": [22, 27],
          "type": "WheelSlot",
          "slotNumber": 4
        },
        {
          "dmxRange": [28, 33],
          "type": "WheelSlot",
          "slotNumber": 5
        },
        {
          "dmxRange": [34, 39],
          "type": "WheelSlot",
          "slotNumber": 6
        },
        {
          "dmxRange": [40, 45],
          "type": "WheelSlot",
          "slotNumber": 7
        },
        {
          "dmxRange": [46, 51],
          "type": "WheelSlot",
          "slotNumber": 8
        },
        {
          "dmxRange": [52, 57],
          "type": "WheelSlot",
          "slotNumber": 9
        },
        {
          "dmxRange": [58, 63],
          "type": "WheelSlot",
          "slotNumber": 10
        },
        {
          "dmxRange": [64, 69],
          "type": "WheelSlot",
          "slotNumber": 11
        },
        {
          "dmxRange": [70, 75],
          "type": "WheelSlot",
          "slotNumber": 13
        },
        {
          "dmxRange": [76, 81],
          "type": "WheelSlot",
          "slotNumber": 14
        },
        {
          "dmxRange": [82, 87],
          "type": "WheelSlot",
          "slotNumber": 15
        },
        {
          "dmxRange": [88, 95],
          "type": "WheelShake",
          "slotNumber": 1,
          "shakeSpeedStart": "slow",
          "shakeSpeedEnd": "fast"
        },
        {
          "dmxRange": [96, 103],
          "type": "WheelShake",
          "slotNumber": 2,
          "shakeSpeedStart": "slow",
          "shakeSpeedEnd": "fast"
        },
        {
          "dmxRange": [104, 111],
          "type": "WheelShake",
          "slotNumber": 3,
          "shakeSpeedStart": "slow",
          "shakeSpeedEnd": "fast"
        },
        {
          "dmxRange": [112, 119],
          "type": "WheelShake",
          "slotNumber": 4,
          "shakeSpeedStart": "slow",
          "shakeSpeedEnd": "fast"
        },
        {
          "dmxRange": [120, 127],
          "type": "WheelShake",
          "slotNumber": 5,
          "shakeSpeedStart": "slow",
          "shakeSpeedEnd": "fast"
        },
        {
          "dmxRange": [128, 135],
          "type": "WheelShake",
          "slotNumber": 6,
          "shakeSpeedStart": "slow",
          "shakeSpeedEnd": "fast"
        },
        {
          "dmxRange": [136, 143],
          "type": "WheelShake",
          "slotNumber": 7,
          "shakeSpeedStart": "slow",
          "shakeSpeedEnd": "fast"
        },
        {
          "dmxRange": [144, 151],
          "type": "WheelShake",
          "slotNumber": 8,
          "shakeSpeedStart": "slow",
          "shakeSpeedEnd": "fast"
        },
        {
          "dmxRange": [152, 159],
          "type": "WheelShake",
          "slotNumber": 9,
          "shakeSpeedStart": "slow",
          "shakeSpeedEnd": "fast"
        },
        {
          "dmxRange": [160, 167],
          "type": "WheelShake",
          "slotNumber": 10,
          "shakeSpeedStart": "slow",
          "shakeSpeedEnd": "fast"
        },
        {
          "dmxRange": [168, 175],
          "type": "WheelShake",
          "slotNumber": 11,
          "shakeSpeedStart": "slow",
          "shakeSpeedEnd": "fast"
        },
        {
          "dmxRange": [176, 183],
          "type": "WheelShake",
          "slotNumber": 13,
          "shakeSpeedStart": "slow",
          "shakeSpeedEnd": "fast"
        },
        {
          "dmxRange": [184, 191],
          "type": "WheelShake",
          "slotNumber": 14,
          "shakeSpeedStart": "slow",
          "shakeSpeedEnd": "fast"
        },
        {
          "dmxRange": [192, 199],
          "type": "WheelShake",
          "slotNumber": 15,
          "shakeSpeedStart": "slow",
          "shakeSpeedEnd": "fast"
        },
        {
          "dmxRange": [200, 201],
          "type": "WheelSlot",
          "slotNumber": 12
        },
        {
          "dmxRange": [202, 222],
          "type": "WheelRotation",
          "speedStart": "fast CW",
          "speedEnd": "slow CW"
        },
        {
          "dmxRange": [223, 228],
          "type": "WheelRotation",
          "speed": "stop"
        },
        {
          "dmxRange": [229, 249],
          "type": "WheelRotation",
          "speedStart": "slow CCW",
          "speedEnd": "fast CCW"
        },
        {
          "dmxRange": [250, 255],
          "type": "Effect",
          "effectName": "Auto random gobo selection",
          "speedStart": "slow",
          "speedEnd": "fast"
        }
      ]
    },
    "Rotating Gobo Wheel": {
      "defaultValue": 0,
      "capabilities": [
        {
          "dmxRange": [0, 4],
          "type": "WheelSlot",
          "slotNumber": 1
        },
        {
          "dmxRange": [5, 16],
          "type": "WheelSlot",
          "slotNumber": 2
        },
        {
          "dmxRange": [17, 28],
          "type": "WheelSlot",
          "slotNumber": 3
        },
        {
          "dmxRange": [29, 40],
          "type": "WheelSlot",
          "slotNumber": 4
        },
        {
          "dmxRange": [41, 52],
          "type": "WheelSlot",
          "slotNumber": 5
        },
        {
          "dmxRange": [53, 64],
          "type": "WheelSlot",
          "slotNumber": 6
        },
        {
          "dmxRange": [65, 76],
          "type": "WheelSlot",
          "slotNumber": 7
        },
        {
          "dmxRange": [77, 88],
          "type": "WheelSlot",
          "slotNumber": 8
        },
        {
          "dmxRange": [89, 100],
          "type": "WheelSlot",
          "slotNumber": 9
        },
        {
          "dmxRange": [101, 112],
          "type": "WheelSlot",
          "slotNumber": 10
        },
        {
          "dmxRange": [113, 124],
          "type": "WheelShake",
          "slotNumber": 2,
          "shakeSpeedStart": "slow",
          "shakeSpeedEnd": "fast"
        },
        {
          "dmxRange": [125, 136],
          "type": "WheelShake",
          "slotNumber": 3,
          "shakeSpeedStart": "slow",
          "shakeSpeedEnd": "fast"
        },
        {
          "dmxRange": [137, 148],
          "type": "WheelShake",
          "slotNumber": 4,
          "shakeSpeedStart": "slow",
          "shakeSpeedEnd": "fast"
        },
        {
          "dmxRange": [149, 160],
          "type": "WheelShake",
          "slotNumber": 5,
          "shakeSpeedStart": "slow",
          "shakeSpeedEnd": "fast"
        },
        {
          "dmxRange": [161, 172],
          "type": "WheelShake",
          "slotNumber": 6,
          "shakeSpeedStart": "slow",
          "shakeSpeedEnd": "fast"
        },
        {
          "dmxRange": [173, 184],
          "type": "WheelShake",
          "slotNumber": 7,
          "shakeSpeedStart": "slow",
          "shakeSpeedEnd": "fast"
        },
        {
          "dmxRange": [185, 196],
          "type": "WheelShake",
          "slotNumber": 8,
          "shakeSpeedStart": "slow",
          "shakeSpeedEnd": "fast"
        },
        {
          "dmxRange": [197, 208],
          "type": "WheelShake",
          "slotNumber": 9,
          "shakeSpeedStart": "slow",
          "shakeSpeedEnd": "fast"
        },
        {
          "dmxRange": [209, 220],
          "type": "WheelShake",
          "slotNumber": 10,
          "shakeSpeedStart": "slow",
          "shakeSpeedEnd": "fast"
        },
        {
          "dmxRange": [221, 249],
          "type": "WheelSlot",
          "slotNumber": 1
        },
        {
          "dmxRange": [250, 255],
          "type": "Effect",
          "effectName": "Auto random gobo selection",
          "speedStart": "slow",
          "speedEnd": "fast"
        }
      ]
    },
    "Gobo Rotation": {
      "defaultValue": 0,
      "capabilities": [
        {
          "dmxRange": [0, 127],
          "type": "WheelSlotRotation",
          "wheel": "Rotating Gobo Wheel",
          "angleStart": "0deg",
          "angleEnd": "360deg",
          "helpWanted": "Are these the correct angles?"
        },
        {
          "dmxRange": [128, 187],
          "type": "WheelSlotRotation",
          "wheel": "Rotating Gobo Wheel",
          "speedStart": "fast CW",
          "speedEnd": "slow CW"
        },
        {
          "dmxRange": [188, 195],
          "type": "WheelSlotRotation",
          "wheel": "Rotating Gobo Wheel",
          "speed": "stop"
        },
        {
          "dmxRange": [196, 255],
          "type": "WheelSlotRotation",
          "wheel": "Rotating Gobo Wheel",
          "speedStart": "slow CCW",
          "speedEnd": "fast CCW"
        }
      ]
    },
    "Prism 1 Selection": {
      "defaultValue": 0,
      "capabilities": [
        {
          "dmxRange": [0, 3],
          "type": "NoFunction",
          "switchChannels": {
            "Prism 1 Indexing/Rotation": "Prism 1 Indexing"
          }
        },
        {
          "dmxRange": [4, 15],
          "type": "Prism",
          "comment": "8-facet 12° circular, indexing",
          "switchChannels": {
            "Prism 1 Indexing/Rotation": "Prism 1 Indexing"
          }
        },
        {
          "dmxRange": [16, 27],
          "type": "Prism",
          "comment": "4-facet 12° circular, indexing",
          "switchChannels": {
            "Prism 1 Indexing/Rotation": "Prism 1 Indexing"
          }
        },
        {
          "dmxRange": [28, 39],
          "type": "Prism",
          "comment": "6-facet linear, indexing",
          "switchChannels": {
            "Prism 1 Indexing/Rotation": "Prism 1 Indexing"
          }
        },
        {
          "dmxRange": [40, 51],
          "type": "Prism",
          "comment": "8-facet 12° circular, rotating",
          "switchChannels": {
            "Prism 1 Indexing/Rotation": "Prism 1 Rotation"
          }
        },
        {
          "dmxRange": [52, 63],
          "type": "Prism",
          "comment": "4-facet 12° circular, rotating",
          "switchChannels": {
            "Prism 1 Indexing/Rotation": "Prism 1 Rotation"
          }
        },
        {
          "dmxRange": [64, 75],
          "type": "Prism",
          "comment": "6-facet linear, rotating",
          "switchChannels": {
            "Prism 1 Indexing/Rotation": "Prism 1 Rotation"
          }
        },
        {
          "dmxRange": [76, 255],
          "type": "NoFunction",
          "switchChannels": {
            "Prism 1 Indexing/Rotation": "Prism 1 Rotation"
          }
        }
      ]
    },
    "Prism 1 Indexing": {
      "defaultValue": 0,
      "capability": {
        "type": "PrismRotation",
        "angleStart": "0deg",
        "angleEnd": "360deg",
        "helpWanted": "Are these the correct angles?"
      }
    },
    "Prism 1 Rotation": {
      "defaultValue": 128,
      "capabilities": [
        {
          "dmxRange": [0, 0],
          "type": "PrismRotation",
          "speed": "stop"
        },
        {
          "dmxRange": [1, 127],
          "type": "PrismRotation",
          "speedStart": "fast CW",
          "speedEnd": "slow CW"
        },
        {
          "dmxRange": [128, 128],
          "type": "PrismRotation",
          "speed": "stop"
        },
        {
          "dmxRange": [129, 255],
          "type": "PrismRotation",
          "speedStart": "slow CCW",
          "speedEnd": "fast CCW"
        }
      ]
    },
    "Prism 2 Selection": {
      "defaultValue": 0,
      "capabilities": [
        {
          "dmxRange": [0, 3],
          "type": "NoFunction",
          "switchChannels": {
            "Prism 2 Indexing/Rotation": "Prism 2 Indexing"
          }
        },
        {
          "dmxRange": [4, 15],
          "type": "Prism",
          "comment": "8-facet 18° circular, indexing",
          "switchChannels": {
            "Prism 2 Indexing/Rotation": "Prism 2 Indexing"
          }
        },
        {
          "dmxRange": [16, 27],
          "type": "Prism",
          "comment": "8-facet 18° circular, rotating",
          "switchChannels": {
            "Prism 2 Indexing/Rotation": "Prism 2 Rotation"
          }
        },
        {
          "dmxRange": [28, 255],
          "type": "NoFunction",
          "switchChannels": {
            "Prism 2 Indexing/Rotation": "Prism 2 Rotation"
          }
        }
      ]
    },
    "Prism 2 Indexing": {
      "defaultValue": 0,
      "capability": {
        "type": "PrismRotation",
        "angleStart": "0deg",
        "angleEnd": "360deg",
        "helpWanted": "Are these the correct angles?"
      }
    },
    "Prism 2 Rotation": {
      "defaultValue": 128,
      "capabilities": [
        {
          "dmxRange": [0, 0],
          "type": "PrismRotation",
          "speed": "stop"
        },
        {
          "dmxRange": [1, 127],
          "type": "PrismRotation",
          "speedStart": "fast CW",
          "speedEnd": "slow CW"
        },
        {
          "dmxRange": [128, 128],
          "type": "PrismRotation",
          "speed": "stop"
        },
        {
          "dmxRange": [129, 255],
          "type": "PrismRotation",
          "speedStart": "slow CCW",
          "speedEnd": "fast CCW"
        }
      ]
    },
    "Prism Macro Selection": {
      "defaultValue": 0,
      "capabilities": [
        {
          "dmxRange": [0, 3],
          "type": "NoFunction",
          "switchChannels": {
            "Prism Macro Indexing/Rotation": "Prism Macro Indexing"
          }
        },
        {
          "dmxRange": [4, 14],
          "type": "Effect",
          "effectName": "Indexing prism macro 1",
          "switchChannels": {
            "Prism Macro Indexing/Rotation": "Prism Macro Indexing"
          }
        },
        {
          "dmxRange": [15, 25],
          "type": "Effect",
          "effectName": "Indexing prism macro 2",
          "switchChannels": {
            "Prism Macro Indexing/Rotation": "Prism Macro Indexing"
          }
        },
        {
          "dmxRange": [26, 36],
          "type": "Effect",
          "effectName": "Indexing prism macro 3",
          "switchChannels": {
            "Prism Macro Indexing/Rotation": "Prism Macro Indexing"
          }
        },
        {
          "dmxRange": [37, 47],
          "type": "Effect",
          "effectName": "Indexing prism macro 4",
          "switchChannels": {
            "Prism Macro Indexing/Rotation": "Prism Macro Indexing"
          }
        },
        {
          "dmxRange": [48, 58],
          "type": "Effect",
          "effectName": "Indexing prism macro 5",
          "switchChannels": {
            "Prism Macro Indexing/Rotation": "Prism Macro Indexing"
          }
        },
        {
          "dmxRange": [59, 69],
          "type": "Effect",
          "effectName": "Indexing prism macro 6",
          "switchChannels": {
            "Prism Macro Indexing/Rotation": "Prism Macro Indexing"
          }
        },
        {
          "dmxRange": [70, 80],
          "type": "Effect",
          "effectName": "Indexing prism macro 7",
          "switchChannels": {
            "Prism Macro Indexing/Rotation": "Prism Macro Indexing"
          }
        },
        {
          "dmxRange": [81, 91],
          "type": "Effect",
          "effectName": "Rotation prism macro 1",
          "switchChannels": {
            "Prism Macro Indexing/Rotation": "Prism Macro Rotation"
          }
        },
        {
          "dmxRange": [92, 102],
          "type": "Effect",
          "effectName": "Rotation prism macro 2",
          "switchChannels": {
            "Prism Macro Indexing/Rotation": "Prism Macro Rotation"
          }
        },
        {
          "dmxRange": [103, 113],
          "type": "Effect",
          "effectName": "Rotation prism macro 3",
          "switchChannels": {
            "Prism Macro Indexing/Rotation": "Prism Macro Rotation"
          }
        },
        {
          "dmxRange": [114, 124],
          "type": "Effect",
          "effectName": "Rotation prism macro 4",
          "switchChannels": {
            "Prism Macro Indexing/Rotation": "Prism Macro Rotation"
          }
        },
        {
          "dmxRange": [125, 135],
          "type": "Effect",
          "effectName": "Rotation prism macro 5",
          "switchChannels": {
            "Prism Macro Indexing/Rotation": "Prism Macro Rotation"
          }
        },
        {
          "dmxRange": [136, 146],
          "type": "Effect",
          "effectName": "Rotation prism macro 6",
          "switchChannels": {
            "Prism Macro Indexing/Rotation": "Prism Macro Rotation"
          }
        },
        {
          "dmxRange": [147, 157],
          "type": "Effect",
          "effectName": "Rotation prism macro 7",
          "switchChannels": {
            "Prism Macro Indexing/Rotation": "Prism Macro Rotation"
          }
        },
        {
          "dmxRange": [158, 168],
          "type": "Effect",
          "effectName": "Rotation prism macro 8",
          "switchChannels": {
            "Prism Macro Indexing/Rotation": "Prism Macro Rotation"
          }
        },
        {
          "dmxRange": [169, 179],
          "type": "Effect",
          "effectName": "Rotation prism macro 9",
          "switchChannels": {
            "Prism Macro Indexing/Rotation": "Prism Macro Rotation"
          }
        },
        {
          "dmxRange": [180, 190],
          "type": "Effect",
          "effectName": "Rotation prism macro 10",
          "switchChannels": {
            "Prism Macro Indexing/Rotation": "Prism Macro Rotation"
          }
        },
        {
          "dmxRange": [191, 255],
          "type": "NoFunction",
          "switchChannels": {
            "Prism Macro Indexing/Rotation": "Prism Macro Rotation"
          }
        }
      ]
    },
    "Prism Macro Indexing": {
      "defaultValue": 0,
      "capability": {
        "type": "PrismRotation",
        "angleStart": "0deg",
        "angleEnd": "360deg",
        "helpWanted": "Are these the correct angles?"
      }
    },
    "Prism Macro Rotation": {
      "defaultValue": 128,
      "capabilities": [
        {
          "dmxRange": [0, 0],
          "type": "PrismRotation",
          "speed": "stop"
        },
        {
          "dmxRange": [1, 127],
          "type": "PrismRotation",
          "speedStart": "fast CW",
          "speedEnd": "slow CW"
        },
        {
          "dmxRange": [128, 128],
          "type": "PrismRotation",
          "speed": "stop"
        },
        {
          "dmxRange": [129, 255],
          "type": "PrismRotation",
          "speedStart": "slow CCW",
          "speedEnd": "fast CCW"
        }
      ]
    },
    "Frost": {
      "defaultValue": 0,
      "capabilities": [
        {
          "dmxRange": [0, 0],
          "type": "NoFunction"
        },
        {
          "dmxRange": [1, 50],
          "type": "Frost",
          "frostIntensityStart": "0%",
          "frostIntensityEnd": "100%",
          "comment": "light frost"
        },
        {
          "dmxRange": [51, 53],
          "type": "Frost",
          "frostIntensity": "100%",
          "comment": "light frost"
        },
        {
          "dmxRange": [54, 63],
          "type": "FrostEffect",
          "effectName": "Pulse closing",
          "speedStart": "0.1Hz",
          "speedEnd": "10Hz",
          "comment": "light frost"
        },
        {
          "dmxRange": [64, 73],
          "type": "FrostEffect",
          "effectName": "Pulse opening",
          "speedStart": "10Hz",
          "speedEnd": "0.1Hz",
          "comment": "light frost"
        },
        {
          "dmxRange": [74, 83],
          "type": "FrostEffect",
          "effectName": "Ramping",
          "speedStart": "10Hz",
          "speedEnd": "0.1Hz",
          "comment": "light frost"
        },
        {
          "dmxRange": [84, 86],
          "type": "NoFunction"
        },
        {
          "dmxRange": [87, 136],
          "type": "Frost",
          "frostIntensityStart": "0%",
          "frostIntensityEnd": "100%",
          "comment": "medium frost"
        },
        {
          "dmxRange": [137, 139],
          "type": "Frost",
          "frostIntensity": "100%",
          "comment": "medium frost"
        },
        {
          "dmxRange": [140, 149],
          "type": "FrostEffect",
          "effectName": "Pulse closing",
          "speedStart": "0.1Hz",
          "speedEnd": "10Hz",
          "comment": "medium frost"
        },
        {
          "dmxRange": [150, 159],
          "type": "FrostEffect",
          "effectName": "Pulse opening",
          "speedStart": "10Hz",
          "speedEnd": "0.1Hz",
          "comment": "medium frost"
        },
        {
          "dmxRange": [160, 169],
          "type": "FrostEffect",
          "effectName": "Ramping",
          "speedStart": "10Hz",
          "speedEnd": "0.1Hz",
          "comment": "medium frost"
        },
        {
          "dmxRange": [170, 172],
          "type": "NoFunction"
        },
        {
          "dmxRange": [173, 222],
          "type": "Frost",
          "frostIntensityStart": "0%",
          "frostIntensityEnd": "100%",
          "comment": "medium frost, 100% light frost"
        },
        {
          "dmxRange": [223, 225],
          "type": "Frost",
          "frostIntensity": "100%",
          "comment": "medium frost, 100% light frost"
        },
        {
          "dmxRange": [226, 235],
          "type": "FrostEffect",
          "effectName": "Pulse closing",
          "speedStart": "0.1Hz",
          "speedEnd": "10Hz",
          "comment": "light+medium frost"
        },
        {
          "dmxRange": [236, 245],
          "type": "FrostEffect",
          "effectName": "Pulse opening",
          "speedStart": "10Hz",
          "speedEnd": "0.1Hz",
          "comment": "light+medium frost"
        },
        {
          "dmxRange": [246, 255],
          "type": "FrostEffect",
          "effectName": "Ramping",
          "speedStart": "10Hz",
          "speedEnd": "0.1Hz",
          "comment": "light+medium frost"
        }
      ]
    },
    "Zoom": {
      "fineChannelAliases": ["Zoom fine"],
      "defaultValue": 0,
      "capability": {
        "type": "Zoom",
        "angleStart": "wide",
        "angleEnd": "narrow"
      }
    },
    "Focus": {
      "fineChannelAliases": ["Focus fine"],
      "defaultValue": 0,
      "capability": {
        "type": "Focus",
        "distanceStart": "far",
        "distanceEnd": "near"
      }
    },
    "Focus 2": {
      "defaultValue": 0,
      "capability": {
        "type": "Focus",
        "distanceStart": "far",
        "distanceEnd": "near"
      }
    },
    "Autofocus": {
      "defaultValue": 0,
      "capabilities": [
        {
          "dmxRange": [0, 15],
          "type": "NoFunction",
          "comment": "Autofocus off"
        },
        {
          "dmxRange": [16, 55],
          "type": "Focus",
          "distance": "10m"
        },
        {
          "dmxRange": [56, 95],
          "type": "Focus",
          "distance": "15m"
        },
        {
          "dmxRange": [96, 135],
          "type": "Focus",
          "distance": "20m"
        },
        {
          "dmxRange": [136, 175],
          "type": "Focus",
          "distance": "30m"
        },
        {
          "dmxRange": [176, 215],
          "type": "Focus",
          "distance": "40m"
        },
        {
          "dmxRange": [216, 255],
          "type": "Focus",
          "distance": "50m"
        }
      ]
    },
    "Shutter / Strobe": {
      "defaultValue": 32,
      "capabilities": [
        {
          "dmxRange": [0, 31],
          "type": "ShutterStrobe",
          "shutterEffect": "Closed"
        },
        {
          "dmxRange": [32, 63],
          "type": "ShutterStrobe",
          "shutterEffect": "Open"
        },
        {
          "dmxRange": [64, 95],
          "type": "ShutterStrobe",
          "shutterEffect": "Strobe",
          "speedStart": "slow",
          "speedEnd": "fast"
        },
        {
          "dmxRange": [96, 127],
          "type": "ShutterStrobe",
          "shutterEffect": "Open"
        },
        {
          "dmxRange": [128, 143],
          "type": "ShutterStrobe",
          "shutterEffect": "Pulse",
          "speedStart": "slow",
          "speedEnd": "fast",
          "comment": "opening pulses"
        },
        {
          "dmxRange": [144, 159],
          "type": "ShutterStrobe",
          "shutterEffect": "Pulse",
          "speedStart": "fast",
          "speedEnd": "slow",
          "comment": "closing pulses"
        },
        {
          "dmxRange": [160, 191],
          "type": "ShutterStrobe",
          "shutterEffect": "Open"
        },
        {
          "dmxRange": [192, 223],
          "type": "ShutterStrobe",
          "shutterEffect": "Strobe",
          "speedStart": "slow",
          "speedEnd": "fast",
          "randomTiming": true
        },
        {
          "dmxRange": [224, 255],
          "type": "ShutterStrobe",
          "shutterEffect": "Open",
          "comment": "full lamp power"
        }
      ]
    },
    "Dimmer": {
      "fineChannelAliases": ["Dimmer fine"],
      "defaultValue": 0,
      "capability": {
        "type": "Intensity"
      }
    }
  },
  "modes": [
    {
      "name": "33-channel",
      "shortName": "33ch",
      "rdmPersonalityIndex": 1,
      "channels": [
        "Pan",
        "Pan fine",
        "Tilt",
        "Tilt fine",
        "Pan/Tilt Speed",
        "Control",
        "Cyan",
        "Magenta",
        "Yellow",
        "Color Wheel",
        "Color Wheel fine",
        "Effect Disk Positioning",
        "Effect Disk Rotation",
        "Static Gobo Wheel",
        "Rotating Gobo Wheel",
        "Gobo Rotation",
        "Prism 1 Selection",
        "Prism 1 Indexing/Rotation",
        "Prism 2 Selection",
        "Prism 2 Indexing/Rotation",
        "Prism Macro Selection",
        "Prism Macro Indexing/Rotation",
        "Frost",
        "Zoom",
        "Zoom fine",
        "Focus",
        "Focus fine",
        "Focus 2",
        "Autofocus",
        "Shutter / Strobe",
        "Dimmer",
        "Dimmer fine",
        null
      ]
    }
  ],
  "fixtureKey": "aurora",
  "manufacturerKey": "light-sky",
  "oflURL": "https://open-fixture-library.org/light-sky/aurora"
}
