{
  "$schema": "https://raw.githubusercontent.com/OpenLightingProject/open-fixture-library/schema-12.4.1/schemas/fixture.json",
  "name": "SoftLED 8 VW",
  "shortName": "SLED8VW",
  "categories": ["Dimmer"],
  "meta": {
    "authors": ["Lukas Runge", "Luke Nelson"],
    "createDate": "2023-10-15",
    "lastModifyDate": "2023-10-15"
  },
  "comment": "Tunable White from 2800 to 6600 Kelvin",
  "links": {
    "manual": [
      "https://www.desisti.it/wp-content/uploads/2018/10/CE-Instruction-Manual-De-Sisti-SOFT-LED-8VW.pdf"
    ],
    "productPage": [
      "https://www.desisti.it/soft-led-8/"
    ]
  },
  "physical": {
    "dimensions": [747, 480, 132],
    "weight": 10,
    "power": 450,
    "DMXconnector": "5-pin",
    "bulb": {
      "type": "LED"
    }
  },
  "availableChannels": {
    "Dimmer": {
      "capability": {
        "type": "Intensity"
      }
    },
    "CCT Linear Mode": {
      "capability": {
        "type": "ColorTemperature",
        "colorTemperatureStart": "2750K",
        "colorTemperatureEnd": "6900K"
      }
    },
    "CCT Step Mode": {
      "capabilities": [
        {
          "dmxRange": [0, 25],
          "type": "ColorTemperature",
          "colorTemperature": "2750K"
        },
        {
          "dmxRange": [26, 51],
          "type": "ColorTemperature",
          "colorTemperature": "2880K"
        },
        {
          "dmxRange": [52, 77],
          "type": "ColorTemperature",
          "colorTemperature": "3000K"
        },
        {
          "dmxRange": [78, 103],
          "type": "ColorTemperature",
          "colorTemperature": "3200K"
        },
        {
          "dmxRange": [104, 129],
          "type": "ColorTemperature",
          "colorTemperature": "3500K"
        },
        {
          "dmxRange": [130, 155],
          "type": "ColorTemperature",
          "colorTemperature": "4000K"
        },
        {
          "dmxRange": [156, 181],
          "type": "ColorTemperature",
          "colorTemperature": "4500K"
        },
        {
          "dmxRange": [182, 207],
          "type": "ColorTemperature",
          "colorTemperature": "5000K"
        },
        {
          "dmxRange": [208, 233],
          "type": "ColorTemperature",
          "colorTemperature": "5600K"
        },
        {
          "dmxRange": [234, 253],
          "type": "ColorTemperature",
          "colorTemperature": "6000K"
        },
        {
          "dmxRange": [254, 255],
          "type": "ColorTemperature",
          "colorTemperature": "6900K"
        }
      ]
    },
    "Color Temperature Mode": {
      "defaultValue": 0,
      "capabilities": [
        {
          "dmxRange": [0, 127],
          "type": "Maintenance",
          "comment": "Linear Mode",
          "switchChannels": {
            "CCT Linear Mode / CCT Step Mode": "CCT Linear Mode"
          }
        },
        {
          "dmxRange": [128, 255],
          "type": "Maintenance",
          "comment": "Step Mode",
          "switchChannels": {
            "CCT Linear Mode / CCT Step Mode": "CCT Step Mode"
          }
        }
      ]
    }
  },
  "modes": [
    {
      "name": "SLOT4",
      "shortName": "S4",
      "channels": [
        "Dimmer",
        "CCT Linear Mode / CCT Step Mode",
        "Color Temperature Mode"
      ]
    }
  ],
  "fixtureKey": "softled-8-vw",
  "manufacturerKey": "desisti",
  "oflURL": "https://open-fixture-library.org/desisti/softled-8-vw"
}
