{
  "$schema": "https://raw.githubusercontent.com/OpenLightingProject/open-fixture-library/schema-12.4.1/schemas/fixture.json",
  "name": "Flat Pro Flood 600 IP65",
  "categories": ["Color Changer"],
  "meta": {
    "authors": ["Nicolas Roux SLP EVENEMENTS", "Flo Edelmann"],
    "createDate": "2021-12-03",
    "lastModifyDate": "2021-12-03"
  },
  "links": {
    "manual": [
      "https://www.cameolight.com/en/downloads/file/id/1131938970"
    ],
    "productPage": [
      "https://www.cameolight.com/en/solutions/dj-musicians/static-lighting/blacklights/9564/flood-600-ip65"
    ],
    "video": [
      "https://www.youtube.com/watch?v=Pg6MJoBzkoI"
    ]
  },
  "physical": {
    "dimensions": [180, 180, 120],
    "weight": 4,
    "power": 90,
    "DMXconnector": "3-pin XLR IP65",
    "bulb": {
      "type": "9× 12W RGBWAUV 6in1 LEDs",
      "lumens": 2119
    },
    "lens": {
      "degreesMinMax": [40, 40]
    }
  },
  "availableChannels": {
    "Dimmer": {
      "capability": {
        "type": "Intensity"
      }
    },
    "Color Macros": {
      "capabilities": [
        {
          "dmxRange": [0, 5],
          "type": "NoFunction"
        },
        {
          "dmxRange": [6, 13],
          "type": "ColorPreset",
          "comment": "Red",
          "colors": ["#ff0000"]
        },
        {
          "dmxRange": [14, 21],
          "type": "ColorPreset",
          "comment": "Amber",
          "colors": ["#ff7f00"]
        },
        {
          "dmxRange": [22, 29],
          "type": "ColorPreset",
          "comment": "Yellow warm",
          "colors": ["#ffdd00"]
        },
        {
          "dmxRange": [30, 37],
          "type": "ColorPreset",
          "comment": "Yellow",
          "colors": ["#ffff00"]
        },
        {
          "dmxRange": [38, 45],
          "type": "ColorPreset",
          "comment": "Green",
          "colors": ["#00ff00"]
        },
        {
          "dmxRange": [46, 53],
          "type": "ColorPreset",
          "comment": "Turquoise",
          "colors": ["#00ff80"]
        },
        {
          "dmxRange": [54, 61],
          "type": "ColorPreset",
          "comment": "Cyan",
          "colors": ["#00ffff"]
        },
        {
          "dmxRange": [62, 69],
          "type": "ColorPreset",
          "comment": "Blue",
          "colors": ["#0000ff"]
        },
        {
          "dmxRange": [70, 77],
          "type": "ColorPreset",
          "comment": "Lavender",
          "colors": ["#7f00ff"]
        },
        {
          "dmxRange": [78, 85],
          "type": "ColorPreset",
          "comment": "Mauve",
          "colors": ["#ff00ff"]
        },
        {
          "dmxRange": [86, 93],
          "type": "ColorPreset",
          "comment": "Magenta",
          "colors": ["#ff00ff"]
        },
        {
          "dmxRange": [94, 101],
          "type": "ColorPreset",
          "comment": "Pink",
          "colors": ["#ff8080"]
        },
        {
          "dmxRange": [102, 109],
          "type": "ColorPreset",
          "comment": "Warm White",
          "colors": ["#fff8c8"]
        },
        {
          "dmxRange": [110, 117],
          "type": "ColorPreset",
          "comment": "White",
          "colors": ["#ffffff"]
        },
        {
          "dmxRange": [118, 125],
          "type": "ColorPreset",
          "comment": "Cold White",
          "colors": ["#c8f8ff"]
        },
        {
          "dmxRange": [126, 127],
          "type": "EffectSpeed",
          "speed": "stop"
        },
        {
          "dmxRange": [128, 191],
          "type": "Effect",
          "effectPreset": "ColorJump",
          "speedStart": "slow",
          "speedEnd": "fast"
        },
        {
          "dmxRange": [192, 255],
          "type": "Effect",
          "effectPreset": "ColorFade",
          "speedStart": "slow",
          "speedEnd": "fast"
        }
      ]
    },
    "Strobe": {
      "capabilities": [
        {
          "dmxRange": [0, 5],
          "type": "ShutterStrobe",
          "shutterEffect": "Open"
        },
        {
          "dmxRange": [6, 255],
          "type": "ShutterStrobe",
          "shutterEffect": "Strobe",
          "speedStart": "1Hz",
          "speedEnd": "20Hz"
        }
      ]
    },
    "Flash Duration": {
      "capability": {
        "type": "StrobeDuration",
        "durationStart": "20ms",
        "durationEnd": "510ms"
      }
    },
    "Red": {
      "capability": {
        "type": "ColorIntensity",
        "color": "Red"
      }
    },
    "Green": {
      "capability": {
        "type": "ColorIntensity",
        "color": "Green"
      }
    },
    "Blue": {
      "capability": {
        "type": "ColorIntensity",
        "color": "Blue"
      }
    },
    "White": {
      "capability": {
        "type": "ColorIntensity",
        "color": "White"
      }
    },
    "Amber": {
      "capability": {
        "type": "ColorIntensity",
        "color": "Amber"
      }
    },
    "UV": {
      "capability": {
        "type": "ColorIntensity",
        "color": "UV"
      }
    },
    "Color Temperature": {
      "capabilities": [
        {
          "dmxRange": [0, 5],
          "type": "NoFunction"
        },
        {
          "dmxRange": [6, 255],
          "type": "ColorTemperature",
          "colorTemperatureStart": "7200K",
          "colorTemperatureEnd": "3200K"
        }
      ]
    }
  },
  "modes": [
    {
      "name": "2-channel",
      "shortName": "2ch",
      "channels": [
        "Dimmer",
        "Color Macros"
      ]
    },
    {
      "name": "3-channel 1",
      "shortName": "3ch1",
      "channels": [
        "Dimmer",
        "Strobe",
        "Color Macros"
      ]
    },
    {
      "name": "3-channel 2",
      "shortName": "3ch2",
      "channels": [
        "Red",
        "Green",
        "Blue"
      ]
    },
    {
      "name": "6-channel",
      "shortName": "6ch",
      "channels": [
        "Red",
        "Green",
        "Blue",
        "White",
        "Amber",
        "UV"
      ]
    },
    {
      "name": "9-channel",
      "shortName": "9ch",
      "channels": [
        "Dimmer",
        "Strobe",
        "Flash Duration",
        "Red",
        "Green",
        "Blue",
        "White",
        "Amber",
        "UV"
      ]
    },
    {
      "name": "11-channel",
      "shortName": "11ch",
      "channels": [
        "Dimmer",
        "Strobe",
        "Flash Duration",
        "Red",
        "Green",
        "Blue",
        "White",
        "Amber",
        "UV",
        "Color Macros",
        "Color Temperature"
      ]
    }
  ],
  "fixtureKey": "flat-pro-flood-600-ip65",
  "manufacturerKey": "cameo",
  "oflURL": "https://open-fixture-library.org/cameo/flat-pro-flood-600-ip65"
}
