{
  "$schema": "https://raw.githubusercontent.com/OpenLightingProject/open-fixture-library/schema-12.4.1/schemas/fixture.json",
  "name": "LP64 LED-PROMO",
  "categories": ["Color Changer"],
  "meta": {
    "authors": ["Proteus"],
    "createDate": "2019-12-13",
    "lastModifyDate": "2019-12-13"
  },
  "comment": "LED PAR64 CAN",
  "links": {
    "manual": [
      "https://lotronic.net/gb/index.php?controller=attachment&id_attachment=202"
    ],
    "productPage": [
      "https://lotronic.net/gb/projector/411-LP64LED-PROMO-5420047121066.html"
    ]
  },
  "physical": {
    "dimensions": [220, 220, 325],
    "weight": 2.8,
    "power": 36,
    "DMXconnector": "3-pin",
    "bulb": {
      "type": "177× 5mm RGB LEDs"
    }
  },
  "availableChannels": {
    "Red": {
      "capability": {
        "type": "ColorIntensity",
        "color": "Red"
      }
    },
    "Green": {
      "capability": {
        "type": "ColorIntensity",
        "color": "Green"
      }
    },
    "Blue": {
      "capability": {
        "type": "ColorIntensity",
        "color": "Blue"
      }
    },
    "Dimmer": {
      "capability": {
        "type": "Intensity"
      }
    },
    "Shutter / Strobe": {
      "capabilities": [
        {
          "dmxRange": [0, 10],
          "type": "NoFunction"
        },
        {
          "dmxRange": [11, 255],
          "type": "ShutterStrobe",
          "shutterEffect": "Strobe",
          "speedStart": "slow",
          "speedEnd": "fast"
        }
      ]
    },
    "Programs": {
      "capabilities": [
        {
          "dmxRange": [0, 10],
          "type": "NoFunction"
        },
        {
          "dmxRange": [11, 200],
          "type": "Effect",
          "effectName": "DMX Auto"
        },
        {
          "dmxRange": [201, 255],
          "type": "Effect",
          "effectName": "DMX Sound",
          "soundControlled": true
        }
      ]
    },
    "Program Speed": {
      "capability": {
        "type": "EffectSpeed",
        "speedStart": "slow",
        "speedEnd": "fast"
      }
    }
  },
  "modes": [
    {
      "name": "7-channel",
      "shortName": "7ch",
      "channels": [
        "Red",
        "Green",
        "Blue",
        "Dimmer",
        "Shutter / Strobe",
        "Programs",
        "Program Speed"
      ]
    }
  ],
  "fixtureKey": "lp64-led-promo",
  "manufacturerKey": "ibiza-light",
  "oflURL": "https://open-fixture-library.org/ibiza-light/lp64-led-promo"
}
