{
  "$schema": "https://raw.githubusercontent.com/OpenLightingProject/open-fixture-library/schema-12.4.1/schemas/fixture.json",
  "name": "LED PAR CAN 12x3W 3-in-1 RGB",
  "shortName": "Ibiza-PAR-MINI-RGB3",
  "categories": ["Color Changer"],
  "meta": {
    "authors": ["RAZAKANIRINA", "Flo Edelmann"],
    "createDate": "2018-10-06",
    "lastModifyDate": "2018-10-06"
  },
  "links": {
    "manual": [
      "https://lotronic.net/gb/index.php?controller=attachment&id_attachment=84"
    ],
    "productPage": [
      "https://lotronic.net/gb/projector/159-PAR-MINI-RGB3-5420047129680.html"
    ]
  },
  "physical": {
    "dimensions": [120, 120, 90],
    "weight": 0.6,
    "power": 40,
    "bulb": {
      "type": "12x 3W RGB LEDs"
    }
  },
  "availableChannels": {
    "Mode": {
      "defaultValue": 0,
      "capabilities": [
        {
          "dmxRange": [0, 10],
          "type": "NoFunction",
          "comment": "Manual control"
        },
        {
          "dmxRange": [11, 50],
          "type": "Effect",
          "effectName": "Color Macro"
        },
        {
          "dmxRange": [51, 100],
          "type": "Effect",
          "effectPreset": "ColorJump"
        },
        {
          "dmxRange": [101, 150],
          "type": "Effect",
          "effectPreset": "ColorFade"
        },
        {
          "dmxRange": [151, 200],
          "type": "Effect",
          "effectName": "Sound control",
          "soundControlled": true
        },
        {
          "dmxRange": [201, 255],
          "type": "ShutterStrobe",
          "shutterEffect": "Strobe"
        }
      ]
    },
    "Color Macro": {
      "defaultValue": 0,
      "capabilities": [
        {
          "dmxRange": [0, 39],
          "type": "Generic",
          "comment": "7 Color Recycle",
          "helpWanted": "Does this enable the color jump effect as well?"
        },
        {
          "dmxRange": [40, 59],
          "type": "ColorPreset",
          "colors": ["#ff0000"],
          "comment": "Red"
        },
        {
          "dmxRange": [60, 79],
          "type": "ColorPreset",
          "colors": ["#00ff00"],
          "comment": "Green"
        },
        {
          "dmxRange": [80, 99],
          "type": "ColorPreset",
          "colors": ["#0000ff"],
          "comment": "Blue"
        },
        {
          "dmxRange": [100, 119],
          "type": "ColorPreset",
          "colors": ["#ffff00"],
          "comment": "Yellow"
        },
        {
          "dmxRange": [120, 139],
          "type": "ColorPreset",
          "colors": ["#00ffff"],
          "comment": "Cyan"
        },
        {
          "dmxRange": [140, 159],
          "type": "ColorPreset",
          "colors": ["#ff00ff"],
          "comment": "Purple"
        },
        {
          "dmxRange": [160, 179],
          "type": "ColorPreset",
          "colors": ["#ff0000", "#00ff00"],
          "comment": "RG",
          "helpWanted": "Is this a color jump effect with only these two colors?"
        },
        {
          "dmxRange": [180, 199],
          "type": "ColorPreset",
          "colors": ["#ff0000", "#0000ff"],
          "comment": "RB",
          "helpWanted": "Is this a color jump effect with only these two colors?"
        },
        {
          "dmxRange": [200, 219],
          "type": "ColorPreset",
          "colors": ["#00ff00", "#0000ff"],
          "comment": "GB",
          "helpWanted": "Is this a color jump effect with only these two colors?"
        },
        {
          "dmxRange": [220, 255],
          "type": "ColorPreset",
          "colors": ["#ff0000", "#00ff00", "#0000ff"],
          "comment": "RGB",
          "helpWanted": "Is this a color jump effect with only these three colors?"
        }
      ]
    },
    "Effect Speed": {
      "defaultValue": 0,
      "capability": {
        "type": "EffectSpeed",
        "speedStart": "slow",
        "speedEnd": "fast",
        "helpWanted": "Is it slow…fast or fast…slow?"
      }
    },
    "Dimmer": {
      "defaultValue": 0,
      "capability": {
        "type": "Intensity"
      }
    },
    "Red": {
      "defaultValue": 0,
      "capability": {
        "type": "ColorIntensity",
        "color": "Red"
      }
    },
    "Green": {
      "defaultValue": 0,
      "capability": {
        "type": "ColorIntensity",
        "color": "Green"
      }
    },
    "Blue": {
      "defaultValue": 0,
      "capability": {
        "type": "ColorIntensity",
        "color": "Blue"
      }
    }
  },
  "modes": [
    {
      "name": "PAR-MINI-RGB3",
      "channels": [
        "Mode",
        "Color Macro",
        "Effect Speed",
        "Dimmer",
        "Red",
        "Green",
        "Blue"
      ]
    }
  ],
  "fixtureKey": "par-mini-rgb3",
  "manufacturerKey": "ibiza-light",
  "oflURL": "https://open-fixture-library.org/ibiza-light/par-mini-rgb3"
}
