{
  "$schema": "https://raw.githubusercontent.com/OpenLightingProject/open-fixture-library/schema-12.4.1/schemas/fixture.json",
  "name": "P-5",
  "categories": ["Color Changer"],
  "meta": {
    "authors": ["Matthias Schlecht", "Flo Edelmann"],
    "createDate": "2020-03-28",
    "lastModifyDate": "2020-03-28",
    "importPlugin": {
      "plugin": "qlcplus_4.12.1",
      "date": "2020-03-28",
      "comment": "created by Q Light Controller Plus (version 4.12.3 GIT)"
    }
  },
  "links": {
    "manual": [
      "https://sgmlight.com/Files/Files/Perfion/StrRDDATAUserManualFileGroup/P-5/FileRDDATAUserManualP5SeriesWEB/SGM%20P-5%20Series%20User%20Manual%20STD%20and%20POI%20(Rev.%20J).pdf",
      "https://sgmlight.com/Files/Files/Perfion/StrRDDATADMXFileGroup/P-5%20RGBW/FileRDDATADMXChartsP5RGBWRnD/DMX_Protocol_P_5_Rev4.pdf"
    ],
    "productPage": [
      "https://sgmlight.com/products/entertainment/p%c2%b75"
    ],
    "video": [
      "https://www.youtube.com/watch?v=xu1JQjSibV0"
    ]
  },
  "physical": {
    "dimensions": [497, 268, 122],
    "weight": 8.9,
    "power": 450,
    "DMXconnector": "5-pin",
    "bulb": {
      "type": "44× 10W RGBW LEDs",
      "lumens": 20031
    },
    "lens": {
      "degreesMinMax": [15, 43]
    }
  },
  "availableChannels": {
    "Red": {
      "fineChannelAliases": ["Red fine"],
      "defaultValue": 0,
      "capability": {
        "type": "ColorIntensity",
        "color": "Red"
      }
    },
    "Green": {
      "fineChannelAliases": ["Green fine"],
      "defaultValue": 0,
      "capability": {
        "type": "ColorIntensity",
        "color": "Green"
      }
    },
    "Blue": {
      "fineChannelAliases": ["Blue fine"],
      "defaultValue": 0,
      "capability": {
        "type": "ColorIntensity",
        "color": "Blue"
      }
    },
    "Intensity": {
      "fineChannelAliases": ["Intensity fine"],
      "defaultValue": 0,
      "capability": {
        "type": "Intensity"
      }
    },
    "White": {
      "fineChannelAliases": ["White fine"],
      "defaultValue": 0,
      "capability": {
        "type": "ColorIntensity",
        "color": "White"
      }
    },
    "CTC": {
      "defaultValue": 0,
      "capabilities": [
        {
          "dmxRange": [0, 0],
          "type": "ColorTemperature",
          "colorTemperature": "5600K"
        },
        {
          "dmxRange": [1, 4],
          "type": "ColorTemperature",
          "colorTemperature": "default",
          "comment": "Raw"
        },
        {
          "dmxRange": [5, 255],
          "type": "ColorTemperature",
          "colorTemperatureStart": "2000K",
          "colorTemperatureEnd": "10000K"
        }
      ]
    },
    "Shutter": {
      "defaultValue": 0,
      "capabilities": [
        {
          "dmxRange": [0, 7],
          "type": "ShutterStrobe",
          "shutterEffect": "Closed"
        },
        {
          "dmxRange": [8, 15],
          "type": "ShutterStrobe",
          "shutterEffect": "Open"
        },
        {
          "dmxRange": [16, 151],
          "type": "ShutterStrobe",
          "shutterEffect": "Strobe",
          "speedStart": "fast",
          "speedEnd": "slow"
        },
        {
          "dmxRange": [152, 175],
          "type": "ShutterStrobe",
          "shutterEffect": "RampUp",
          "speedStart": "slow",
          "speedEnd": "fast"
        },
        {
          "dmxRange": [176, 199],
          "type": "ShutterStrobe",
          "shutterEffect": "RampDown",
          "speedStart": "slow",
          "speedEnd": "fast"
        },
        {
          "dmxRange": [200, 244],
          "type": "ShutterStrobe",
          "shutterEffect": "Strobe",
          "speedStart": "slow",
          "speedEnd": "fast",
          "randomTiming": true
        },
        {
          "dmxRange": [245, 255],
          "type": "ShutterStrobe",
          "shutterEffect": "Open"
        }
      ]
    }
  },
  "modes": [
    {
      "name": "3-channel (Full Color Calibrated)",
      "shortName": "3ch-calibrated",
      "channels": [
        "Red",
        "Green",
        "Blue"
      ]
    },
    {
      "name": "4-channel (RAW)",
      "shortName": "4ch-raw",
      "channels": [
        "Red",
        "Green",
        "Blue",
        "White"
      ]
    },
    {
      "name": "6-channel (RAW)",
      "shortName": "6ch-raw",
      "channels": [
        "Shutter",
        "Intensity",
        "Red",
        "Green",
        "Blue",
        "White"
      ]
    },
    {
      "name": "6-channel (CTC)",
      "shortName": "6ch-ctc",
      "channels": [
        "Shutter",
        "Intensity",
        "CTC",
        "Red",
        "Green",
        "Blue"
      ]
    },
    {
      "name": "8-channel (RAW) 16bit",
      "shortName": "8ch-raw 16bit",
      "channels": [
        "Red",
        "Red fine",
        "Green",
        "Green fine",
        "Blue",
        "Blue fine",
        "White",
        "White fine"
      ]
    },
    {
      "name": "9-channel (RAW) 16bit",
      "shortName": "9ch-raw 16bit",
      "channels": [
        "Intensity",
        "Red",
        "Red fine",
        "Green",
        "Green fine",
        "Blue",
        "Blue fine",
        "White",
        "White fine"
      ]
    },
    {
      "name": "10-channel (RAW) 16bit",
      "shortName": "10ch-raw 16bit",
      "channels": [
        "Intensity",
        "Intensity fine",
        "Red",
        "Red fine",
        "Green",
        "Green fine",
        "Blue",
        "Blue fine",
        "White",
        "White fine"
      ]
    },
    {
      "name": "10-channel (CTC)",
      "shortName": "10ch-ctc",
      "channels": [
        "Shutter",
        "Intensity",
        "Intensity fine",
        "CTC",
        "Red",
        "Red fine",
        "Green",
        "Green fine",
        "Blue",
        "Blue fine"
      ]
    }
  ],
  "fixtureKey": "p-5",
  "manufacturerKey": "sgm",
  "oflURL": "https://open-fixture-library.org/sgm/p-5"
}
